temperature,humidity,mq2,mq135,Vibration,AQI_Level
28.5,97.3482346066831,86,82,VIBRATING,Unhealthy
29.5,97.92946918240031,1424,798,STABLE,Unhealthy for Sensitive Groups
30.5,96.84548235794836,713,3873,STABLE,Unhealthy
31.8,97.74860388069145,706,623,STABLE,Moderate
26.8,96.35312084969567,1018,771,STABLE,Unhealthy for Sensitive Groups
29.3,96.33344065962817,898,1832,STABLE,Unhealthy for Sensitive Groups
30.2,99.13104473842031,95,57,STABLE,Good
32.1,97.95463069090484,2031,2889,STABLE,Unhealthy
28.44873245,94.2681873201403,87,81,STABLE,Unhealthy for Sensitive Groups
25.6,98.12124771687971,240,165,STABLE,Good
27.3,98.3890838605784,52,160,STABLE,Good
32.4,98.40316783341157,551,1199,STABLE,Moderate
33.8,96.39659591451071,400,638,STABLE,Moderate
28.7,97.16434028045627,86,82,STABLE,Moderate
32.8,96.37150444207091,903,3493,STABLE,Unhealthy
24.8,99.23248330763165,1246,1825,STABLE,Unhealthy for Sensitive Groups
25.0,98.84633539818462,435,826,VIBRATING,Moderate
28.42834256,98.30393173169495,86,83,STABLE,Unhealthy for Sensitive Groups
27.3,95.52574009397726,722,635,STABLE,Moderate
27.2,98.3005775467267,3286,183,STABLE,Unhealthy
24.4,97.78016128865984,1358,1650,STABLE,Unhealthy for Sensitive Groups
27.0,93.85968562717154,1679,1125,STABLE,Unhealthy for Sensitive Groups
30.456107535057537,99.73370693448474,482,4095,STABLE,Unhealthy
30.03272591,94.45763220019546,69,79,STABLE,Unhealthy
29.6,98.94346781458086,66,77,STABLE,Moderate
29.4,95.80653439827412,233,195,STABLE,Good
30.3,97.82846297664196,515,2827,STABLE,Unhealthy
28.5,98.86415261941069,63,100,STABLE,Good
33.00502001,97.10407674354151,96,59,VIBRATING,Good
24.9,97.83648351844982,183,119,STABLE,Good
24.7,94.530108298811,4006,1363,STABLE,Unhealthy
28.2,98.20749035119671,672,490,VIBRATING,Moderate
30.0,97.36595216608058,607,1057,STABLE,Moderate
33.9,98.39523592852981,3763,3655,STABLE,Unhealthy
28.68404067,99.01112239935263,93,83,STABLE,Unhealthy for Sensitive Groups
28.36760099,98.67712003210995,84,83,STABLE,Unhealthy for Sensitive Groups
29.21467521,98.27698843826447,47,93,VIBRATING,Unhealthy
32.2,95.77905866998496,1598,894,STABLE,Unhealthy for Sensitive Groups
31.6,97.32283285880095,31,197,STABLE,Good
33.6,98.80974159694833,964,1020,STABLE,Unhealthy for Sensitive Groups
29.161906,95.98326470702453,47,89,STABLE,Unhealthy for Sensitive Groups
29.5,97.71478471049261,74,83,VIBRATING,Moderate
28.3,97.8195750027038,34,73,VIBRATING,Good
32.3,98.77230778168052,36,181,STABLE,Good
26.6,94.76418180401193,297,429,STABLE,Moderate
28.9,95.47489311108981,175,81,STABLE,Moderate
24.6,95.85878342958404,136,35,STABLE,Good
28.4,97.02032801120356,84,73,VIBRATING,Moderate
32.1,97.74288507549798,1408,1759,STABLE,Unhealthy for Sensitive Groups
29.6,97.89458480512315,3981,3342,STABLE,Unhealthy
28.7,96.83960601205737,988,3657,STABLE,Unhealthy
29.74853131,96.40270433217833,71,72,STABLE,Unhealthy for Sensitive Groups
32.2,98.86979262506297,303,3372,STABLE,Unhealthy
30.4,93.75721289741013,791,757,STABLE,Moderate
32.4,97.80135728915776,163,38,STABLE,Good
25.5,94.68106836950018,35,72,STABLE,Good
25.5,98.48640787920276,226,189,STABLE,Good
26.5,99.27583294368321,326,2503,STABLE,Unhealthy
26.5,96.06684196468954,1343,723,STABLE,Unhealthy for Sensitive Groups
29.8,98.18872402383563,96,78,STABLE,Good
28.7,94.05861615512941,196,246,STABLE,Good
26.7,96.3467965954296,807,332,VIBRATING,Moderate
32.0,96.55220409349792,874,758,STABLE,Moderate
26.0,97.93404652079258,3315,3609,STABLE,Unhealthy
28.9,96.04370218113107,976,3809,STABLE,Unhealthy
31.8,98.90381851770948,159,89,STABLE,Good
28.7,96.07900488342166,331,3181,STABLE,Unhealthy
32.5,95.32438068120322,598,358,STABLE,Moderate
28.7,97.80893833694901,180,90,STABLE,Moderate
28.6,95.3139926835823,562,839,STABLE,Moderate
33.8,93.19640659525653,185,54,STABLE,Good
30.4,97.26350269745153,94,62,STABLE,Good
28.81008682,96.47509083812524,69,211,STABLE,Unhealthy for Sensitive Groups
28.0,95.36352216188236,1653,964,STABLE,Unhealthy for Sensitive Groups
27.9,97.64082986907259,1394,1022,STABLE,Unhealthy for Sensitive Groups
33.0,95.80620012502946,954,1004,STABLE,Unhealthy for Sensitive Groups
25.51069454597891,99.1587933993372,691,4095,STABLE,Unhealthy
25.3,96.21446458421241,498,3258,STABLE,Unhealthy
24.1,95.22656872144107,446,3692,STABLE,Unhealthy
33.1,96.69068031127559,3537,1401,STABLE,Unhealthy
30.5,98.5991225359972,2748,181,STABLE,Unhealthy
25.3,97.14579629680159,1669,915,STABLE,Unhealthy for Sensitive Groups
28.3,99.56262375563024,82,76,STABLE,Moderate
28.6,97.09738172708367,3689,1704,STABLE,Unhealthy
29.01417744,96.91298150243429,47,92,VIBRATING,Unhealthy
28.6,98.30314732229127,80,97,STABLE,Moderate
31.570645135428954,98.31666677525826,617,2815,STABLE,Unhealthy
27.5,99.45707152066461,137,230,STABLE,Good
29.7,98.12290247730968,915,811,STABLE,Unhealthy for Sensitive Groups
33.2,95.3071429247083,100,59,STABLE,Good
26.4,96.29905834717393,90,96,STABLE,Good
28.21771112,97.17101279590773,86,81,STABLE,Unhealthy for Sensitive Groups
28.50830229,95.29812295292191,87,82,VIBRATING,Unhealthy for Sensitive Groups
31.6,98.87271503837628,117,2129,STABLE,Unhealthy
30.1,98.11567518741685,417,1042,STABLE,Moderate
29.0,96.71044573132195,46,87,STABLE,Unhealthy
31.1,95.36289218072682,2208,532,STABLE,Unhealthy
28.6,97.97384754737612,86,81,STABLE,Unhealthy for Sensitive Groups
26.57713572,94.50831148751315,64,94,STABLE,Good
28.3,94.76258311916774,79,76,STABLE,Unhealthy for Sensitive Groups
29.4,97.93124900257884,134,147,STABLE,Good
29.04079845,97.2459387293473,47,89,STABLE,Unhealthy
29.5,97.15097976530973,857,862,VIBRATING,Unhealthy for Sensitive Groups
28.3,97.67574500028165,86,75,STABLE,Unhealthy
31.8,98.16122278111492,3785,60,STABLE,Unhealthy
32.5,97.75920359801445,877,3470,STABLE,Unhealthy
28.4,94.20752836220787,86,83,STABLE,Unhealthy for Sensitive Groups
29.1,97.8282020127892,47,93,STABLE,Unhealthy
28.2,96.80371611120844,87,87,STABLE,Unhealthy
28.55514294,96.59081229575838,51,121,STABLE,Unhealthy for Sensitive Groups
31.3,98.57743816818332,3955,2979,STABLE,Unhealthy
28.3,98.2096312488568,86,79,STABLE,Unhealthy for Sensitive Groups
31.6,98.66262995616621,845,1092,STABLE,Unhealthy for Sensitive Groups
24.4,92.4307678149753,80,3184,STABLE,Unhealthy
32.7,97.86715276959025,198,66,STABLE,Good
33.2,99.03027837209103,884,1289,STABLE,Unhealthy for Sensitive Groups
28.2002584,95.20033794689991,85,76,STABLE,Unhealthy for Sensitive Groups
28.23712352,97.08144154808794,86,76,STABLE,Unhealthy for Sensitive Groups
28.43066073,96.68211250294077,87,81,STABLE,Unhealthy for Sensitive Groups
30.6,97.8304783381455,637,1161,STABLE,Moderate
31.5,96.49286725973572,3893,2289,STABLE,Unhealthy
31.5,97.37472339714671,262,980,STABLE,Moderate
29.9,95.93880219681907,222,156,STABLE,Good
25.4,97.8227188773336,3713,604,STABLE,Unhealthy
29.2,96.59026300570646,105,84,STABLE,Moderate
25.1,95.61827252783611,1283,1287,STABLE,Unhealthy for Sensitive Groups
24.3,98.24084106185988,3219,281,STABLE,Unhealthy
25.2,99.35684175098022,250,137,STABLE,Good
25.8,98.46227961984108,4023,2840,STABLE,Unhealthy
29.4,98.63068776693271,67,77,VIBRATING,Good
32.9,94.88696808083593,193,124,STABLE,Good
28.3,97.02371981725662,86,84,STABLE,Unhealthy for Sensitive Groups
29.0,97.12721740163484,38,79,STABLE,Moderate
29.8,96.57971540224129,417,492,VIBRATING,Moderate
29.2,98.1163114448221,180,102,STABLE,Moderate
25.5,96.03203060297882,703,693,STABLE,Moderate
34.1,98.16359207921114,96,59,STABLE,Good
28.4,96.24927351267775,73,71,VIBRATING,Unhealthy for Sensitive Groups
28.7,97.76344019095265,191,82,STABLE,Moderate
28.3,95.01722839320553,85,77,STABLE,Unhealthy for Sensitive Groups
30.8,94.56422689727513,105,182,VIBRATING,Good
26.0,97.26881681702233,67,90,STABLE,Good
32.9,97.57342620854632,606,429,STABLE,Moderate
29.0,97.79018110699631,3596,2642,STABLE,Unhealthy
26.3,94.47593752364139,74,87,STABLE,Good
30.3,96.51519036084461,80,2864,STABLE,Unhealthy
25.0,98.85937712819717,202,62,STABLE,Good
30.9,97.30255729379377,984,3547,STABLE,Unhealthy
27.8,98.50460725654307,817,954,STABLE,Unhealthy for Sensitive Groups
30.25684719,94.34440322427514,71,114,VIBRATING,Unhealthy for Sensitive Groups
33.8,98.01345658796939,1288,984,STABLE,Unhealthy for Sensitive Groups
33.4,98.59528084822847,449,336,STABLE,Moderate
28.9,99.2595700114353,219,210,STABLE,Good
28.1,98.61445605725677,86,75,STABLE,Moderate
26.4,95.8270302564495,820,1374,STABLE,Unhealthy for Sensitive Groups
26.9,95.61530181647096,91,147,VIBRATING,Good
29.2,98.96609975811505,1772,1407,STABLE,Unhealthy for Sensitive Groups
27.5,97.28583928528961,203,241,STABLE,Good
28.4,96.63127694187838,171,94,STABLE,Moderate
28.32952783,96.70722494359664,87,85,STABLE,Unhealthy for Sensitive Groups
27.4,95.43797940981742,1350,1820,STABLE,Unhealthy for Sensitive Groups
29.1,98.30766667910507,47,92,STABLE,Unhealthy
28.9,95.57978095792566,173,94,STABLE,Moderate
28.764153900291873,96.9090345293417,4095,504,STABLE,Unhealthy
24.3,96.1230436305,932,1941,VIBRATING,Unhealthy for Sensitive Groups
29.9,97.46209368769279,176,43,STABLE,Good
33.6,97.81474908214416,1072,1235,STABLE,Unhealthy for Sensitive Groups
29.8,99.38124440587728,476,425,STABLE,Moderate
28.88520036,95.94668973452228,52,85,STABLE,Unhealthy for Sensitive Groups
25.4,96.91212085135331,156,2008,STABLE,Unhealthy
27.9,98.8884539710921,3077,266,STABLE,Unhealthy
28.8,97.44230410267117,66,175,STABLE,Good
28.29596638,98.99870508331824,86,79,STABLE,Unhealthy for Sensitive Groups
28.7,95.73450329760267,576,399,STABLE,Moderate
33.5,97.10687195909681,1747,1934,STABLE,Unhealthy for Sensitive Groups
28.0,98.06952552113097,1218,1564,STABLE,Unhealthy for Sensitive Groups
29.1,98.71979353254814,47,95,STABLE,Unhealthy
31.2,96.39614043004524,1433,1521,STABLE,Unhealthy for Sensitive Groups
27.9,99.06316464975443,49,115,STABLE,Good
25.8,95.44593264803984,72,85,VIBRATING,Good
32.92858030900995,98.17879507765525,4095,54,STABLE,Unhealthy
27.6,96.96378594825586,2984,2506,STABLE,Unhealthy
29.8,95.37464242595951,983,2083,STABLE,Unhealthy
25.4,93.91112235233003,1160,907,STABLE,Unhealthy for Sensitive Groups
29.7,93.67580139503443,747,3494,STABLE,Unhealthy
24.1,94.83642490230451,210,163,STABLE,Good
29.0,98.33366277444715,203,93,VIBRATING,Moderate
28.5640849,99.07517814613298,85,84,VIBRATING,Unhealthy for Sensitive Groups
31.6,97.63631626955703,1410,1740,STABLE,Unhealthy for Sensitive Groups
29.6,97.73542523928421,1040,1966,STABLE,Unhealthy for Sensitive Groups
27.1,95.95914795741633,418,250,STABLE,Moderate
27.1,97.59315876987144,1055,1580,STABLE,Unhealthy for Sensitive Groups
28.2,96.64918211044169,41,118,STABLE,Good
29.5,95.49442196821636,196,3466,STABLE,Unhealthy
29.9,97.63844478156852,68,92,STABLE,Unhealthy
33.4,98.57015769643743,1570,1850,STABLE,Unhealthy for Sensitive Groups
28.34490319,98.28596530842344,86,81,VIBRATING,Unhealthy for Sensitive Groups
27.4,96.66319273662442,492,1041,STABLE,Moderate
28.1,97.91313176247118,3553,1967,STABLE,Unhealthy
28.46837745,93.94099511035472,86,80,VIBRATING,Unhealthy for Sensitive Groups
32.2,97.90712471494072,2375,83,STABLE,Unhealthy
28.3,95.86005066776002,885,489,STABLE,Moderate
26.2,98.66519327530678,2393,3385,STABLE,Unhealthy
25.7,97.20305221481163,1498,1061,STABLE,Unhealthy for Sensitive Groups
27.9,94.81033234229439,179,90,STABLE,Moderate
29.2,98.18976965510447,3018,344,STABLE,Unhealthy
28.53979534,98.2524951500817,86,78,VIBRATING,Unhealthy
24.6,96.2188934084736,967,1497,STABLE,Unhealthy for Sensitive Groups
26.8,97.10891235854145,46,94,VIBRATING,Good
32.6,95.52048962572255,2489,345,STABLE,Unhealthy
25.9,96.7658396714986,72,86,VIBRATING,Good
30.8,97.95835501424975,788,897,STABLE,Moderate
29.8,97.31541998920173,3343,113,STABLE,Unhealthy
28.8,99.02005203995634,1062,1626,STABLE,Unhealthy for Sensitive Groups
26.4,97.4353585924218,332,636,STABLE,Moderate
32.4,96.2639463544765,674,477,STABLE,Moderate
33.8,96.07031003940821,3982,2544,STABLE,Unhealthy
28.7,99.54208635426117,192,3298,STABLE,Unhealthy
29.8,93.53648838256534,698,4077,STABLE,Unhealthy
31.8,96.44540578665897,697,3004,STABLE,Unhealthy
31.2,98.28141576931176,680,935,STABLE,Moderate
24.9,95.66944333624818,801,919,STABLE,Moderate
31.4,95.34957103009808,186,238,STABLE,Good
29.34496455,99.26177459881794,51,90,STABLE,Unhealthy
28.4,98.63646198457778,81,73,VIBRATING,Moderate
28.3,95.96457711552127,81,76,STABLE,Moderate
24.4,98.93537130126039,58,110,STABLE,Good
25.0,96.5583463528478,89,99,STABLE,Good
25.1,97.63036861612134,205,2100,STABLE,Unhealthy
28.38295221,96.76902348979479,86,77,STABLE,Unhealthy
24.5,98.07926939711302,3625,1611,STABLE,Unhealthy
28.5,96.7945732351459,1215,908,STABLE,Unhealthy for Sensitive Groups
28.3,97.9416594578455,157,106,STABLE,Moderate
26.7,97.22994657923172,3933,967,STABLE,Unhealthy
31.4,99.01667398900881,420,680,STABLE,Moderate
28.8,97.52411408856328,191,150,STABLE,Good
24.3,97.51136073705503,3870,305,STABLE,Unhealthy
29.3,98.54074686748308,167,2902,STABLE,Unhealthy
28.3,95.96099074645973,216,3871,STABLE,Unhealthy
25.4,98.82473297302265,68,234,STABLE,Good
26.5,97.90955714371259,510,755,STABLE,Moderate
33.919741417839234,99.72155686538218,3993,475,STABLE,Unhealthy
29.3,94.95473303680453,3618,577,STABLE,Unhealthy
30.5,96.62912845182484,3614,3404,STABLE,Unhealthy
25.1,94.88933331759348,710,389,STABLE,Moderate
32.72978105797301,97.59204450225583,2437,121,STABLE,Unhealthy
24.9,95.97517706052076,723,296,STABLE,Moderate
26.4,96.72535255920971,35,60,STABLE,Good
30.8,93.8570710091514,1643,1816,STABLE,Unhealthy for Sensitive Groups
25.1,93.95903933407054,875,439,STABLE,Moderate
32.1,96.67039794729928,3642,689,STABLE,Unhealthy
28.82156976,96.8776353479199,67,198,STABLE,Unhealthy
33.6,95.7914758782388,2035,3092,STABLE,Unhealthy
28.6675776,98.81393208727017,87,78,STABLE,Unhealthy
29.05878844,94.73217462599295,46,89,STABLE,Unhealthy
24.4,95.12308190035519,937,1304,STABLE,Unhealthy for Sensitive Groups
30.1,95.67368612955372,871,3523,STABLE,Unhealthy
28.3,94.84138387474948,397,3611,STABLE,Unhealthy
32.49845434,98.30355953577,89,59,STABLE,Good
30.6,96.83561251823467,44,174,STABLE,Good
28.7,99.14612547550155,151,136,STABLE,Good
32.5,96.7913513548736,2405,2626,STABLE,Unhealthy
30.0,97.96894702881892,467,602,STABLE,Moderate
31.9,95.77199019581266,214,94,STABLE,Good
26.4,97.38614642456893,464,693,STABLE,Moderate
33.3,99.18285331975837,375,588,STABLE,Moderate
32.9,97.29576137832505,843,425,STABLE,Moderate
30.3,98.00045995323435,877,888,STABLE,Unhealthy for Sensitive Groups
26.5,95.79510686125091,327,3321,STABLE,Unhealthy
32.3,94.26270032281322,1214,1961,STABLE,Unhealthy for Sensitive Groups
30.1,96.5319707282584,70,245,STABLE,Unhealthy
30.0,97.16035317105901,1119,995,STABLE,Unhealthy for Sensitive Groups
28.9,94.78838333337146,2809,308,STABLE,Unhealthy
27.9,98.32259682556608,177,91,STABLE,Moderate
33.3,95.5382697919974,147,33,STABLE,Good
32.8,94.20541302060678,67,118,STABLE,Good
29.2,96.3618258661311,1556,1018,STABLE,Unhealthy for Sensitive Groups
27.2,96.90838161405443,875,379,STABLE,Moderate
32.0,98.92598578020915,236,3255,STABLE,Unhealthy
30.26370557,92.04298489824319,71,112,STABLE,Unhealthy for Sensitive Groups
26.6,95.70444165211231,42,93,VIBRATING,Good
28.9,96.63275743315705,529,1031,STABLE,Moderate
28.1,99.40089148719483,1896,3534,STABLE,Unhealthy
26.0,97.66855715570856,831,1014,STABLE,Unhealthy for Sensitive Groups
28.2,97.9803126474276,86,74,STABLE,Moderate
27.1,97.23534557777364,2912,3206,STABLE,Unhealthy
32.3,98.06009972552674,124,34,STABLE,Good
26.7,95.8415105509281,2512,305,STABLE,Unhealthy
28.21737614,95.32442466978101,86,84,STABLE,Unhealthy
26.8,96.64883921503977,736,435,STABLE,Moderate
26.5,94.30057477522666,393,427,VIBRATING,Moderate
29.7,98.04924878398616,1331,1015,STABLE,Unhealthy for Sensitive Groups
29.0,98.50951260732694,210,109,STABLE,Good
30.7,96.98470757424421,452,2731,STABLE,Unhealthy
26.9,92.45297082602046,85,247,STABLE,Good
27.4,95.48223661704804,157,217,STABLE,Good
30.2,97.1443772096954,80,75,STABLE,Good
33.8648728249058,98.83340962223365,370,2997,STABLE,Unhealthy
27.1,98.40406777622876,3699,3162,STABLE,Unhealthy
26.5,98.45515090574764,134,206,STABLE,Good
29.8,98.37615806395877,468,264,STABLE,Moderate
30.5,97.01930398913332,107,173,STABLE,Good
29.6,95.69712948083499,68,87,STABLE,Moderate
29.7,98.16291477441364,699,707,STABLE,Moderate
27.4,98.42114904234137,205,224,STABLE,Good
28.790460850363893,97.46913054567308,793,2140,STABLE,Unhealthy
27.7,95.7143194507089,1411,704,STABLE,Unhealthy for Sensitive Groups
31.8,96.92147871846876,547,659,STABLE,Moderate
27.1,98.28635291348638,1240,1705,STABLE,Unhealthy for Sensitive Groups
28.6,97.12036056260243,86,84,STABLE,Unhealthy for Sensitive Groups
27.2,99.43534131940034,357,1103,STABLE,Moderate
27.0,95.56243360974291,462,739,STABLE,Moderate
34.1,93.08066337645504,97,59,STABLE,Good
30.6,98.5277678718176,59,5,STABLE,Moderate
30.1,98.47099806256493,723,1768,STABLE,Unhealthy for Sensitive Groups
30.2,97.95577793144949,172,219,STABLE,Good
26.2,97.00830854384921,62,94,VIBRATING,Good
30.07629721,98.50894482352963,82,129,STABLE,Unhealthy
32.4,96.41535217182543,1013,1505,STABLE,Unhealthy for Sensitive Groups
25.0,95.35512280512201,1775,894,STABLE,Unhealthy for Sensitive Groups
31.4,97.05071806791267,3482,3920,STABLE,Unhealthy
29.2,95.40899932821284,47,94,VIBRATING,Unhealthy
30.2,97.22147637437946,67,83,STABLE,Moderate
29.3,98.6589465472704,1611,889,STABLE,Unhealthy for Sensitive Groups
25.7,96.75586050662878,797,1153,STABLE,Unhealthy for Sensitive Groups
25.1,97.55775462770153,521,1140,STABLE,Moderate
24.6,98.39280303268606,357,830,STABLE,Moderate
31.6,98.9172510752869,56,107,STABLE,Good
28.9,95.21274629802637,134,237,STABLE,Good
33.3,98.38842237599069,100,60,STABLE,Good
30.7,98.43501546926049,528,373,STABLE,Moderate
30.2,96.97871105921305,70,114,VIBRATING,Unhealthy for Sensitive Groups
24.3,96.62598651683577,614,1166,STABLE,Moderate
24.4,95.41109081033191,357,472,STABLE,Moderate
28.2,97.41133535471484,751,465,STABLE,Moderate
33.2,97.76899823217566,96,60,VIBRATING,Good
27.5,98.41259376937911,2772,841,STABLE,Unhealthy
33.16203096,99.33149740141472,96,60,STABLE,Good
25.2,98.12405689207031,649,636,STABLE,Moderate
32.8,95.33613091055358,219,165,VIBRATING,Good
27.1,99.10453029200063,187,42,STABLE,Good
28.37708679,95.66374765866134,86,83,STABLE,Unhealthy
31.2,96.26560648070662,1056,780,STABLE,Unhealthy for Sensitive Groups
24.2,96.47057475999794,2382,3538,STABLE,Unhealthy
26.2,98.60989870358316,1623,1845,STABLE,Unhealthy for Sensitive Groups
32.2,95.38345609795495,120,33,STABLE,Good
29.0,94.07383044456802,122,105,STABLE,Good
24.4,98.61660255254961,3658,1367,STABLE,Unhealthy
30.8,98.26418995416674,1047,1107,STABLE,Unhealthy for Sensitive Groups
29.2,96.34049278091933,108,85,STABLE,Moderate
28.7,98.65565276645967,1716,1985,STABLE,Unhealthy for Sensitive Groups
28.2,95.21689823171258,178,86,STABLE,Moderate
26.1,97.66883951916788,3959,3803,STABLE,Unhealthy
29.3,97.09486879794513,65,214,STABLE,Good
30.0,98.04928483519595,2982,3461,STABLE,Unhealthy
28.51748900337811,98.39547554096792,404,4095,VIBRATING,Unhealthy
28.8,97.81676237360846,1099,740,STABLE,Unhealthy for Sensitive Groups
25.7,96.73407782433739,804,461,STABLE,Moderate
27.9,97.84748509692788,816,3736,VIBRATING,Unhealthy
29.7,95.71916171326038,3483,179,STABLE,Unhealthy
28.9,96.02863465490611,824,411,STABLE,Moderate
28.3652493,97.91665599751933,86,84,STABLE,Unhealthy for Sensitive Groups
28.7,97.46672100247152,1216,1197,STABLE,Unhealthy for Sensitive Groups
29.07709114,97.62927610243548,47,91,STABLE,Unhealthy
29.1,96.15782175354992,1728,799,STABLE,Unhealthy for Sensitive Groups
28.3,97.38824192151962,84,71,STABLE,Moderate
32.9,98.96736647314708,222,60,VIBRATING,Good
33.6,95.85642406851906,1434,836,STABLE,Unhealthy for Sensitive Groups
28.7,98.7384105220723,653,441,VIBRATING,Moderate
28.8,96.28802409894354,612,804,STABLE,Moderate
28.4,96.17030753224599,82,75,VIBRATING,Moderate
26.5,98.60560303204188,218,148,STABLE,Good
28.3,98.96109005815826,54,132,STABLE,Unhealthy for Sensitive Groups
32.7,95.80435417867366,1628,1651,STABLE,Unhealthy for Sensitive Groups
27.361915066117746,97.53785986400325,4095,4095,STABLE,Unhealthy
25.7,96.34643526480542,4066,2898,STABLE,Unhealthy
29.7,97.93554426284935,33,49,STABLE,Good
28.34111596,97.70004509067734,77,4095,STABLE,Unhealthy
25.3,95.62403023633085,193,148,STABLE,Good
32.3,99.52317198653101,59,38,STABLE,Good
31.6,99.0843593340527,89,167,STABLE,Good
34.09436967,97.34588597533346,97,59,VIBRATING,Good
28.20969001,95.91169592657461,86,83,STABLE,Unhealthy for Sensitive Groups
32.941253045065636,97.21510488869234,4095,4095,STABLE,Unhealthy
31.3,95.547062145899,1487,1169,STABLE,Unhealthy for Sensitive Groups
29.3,97.71361333167538,745,358,STABLE,Moderate
32.565637834300816,99.25123786688042,327,3044,STABLE,Unhealthy
29.0,98.5705405727136,46,87,STABLE,Unhealthy
28.0,98.86956376446476,430,1115,STABLE,Moderate
31.2,94.90272825499238,2640,395,STABLE,Unhealthy
27.6,96.29744669280888,1314,964,STABLE,Unhealthy for Sensitive Groups
31.4,97.06570716214367,366,791,STABLE,Moderate
28.25595175,93.16375772113675,85,79,STABLE,Unhealthy for Sensitive Groups
33.8,96.84515357017618,2926,572,STABLE,Unhealthy
32.3,98.91236881356232,788,2238,STABLE,Unhealthy
29.7,97.9308262526007,532,3694,STABLE,Unhealthy
33.1,98.75379666530598,364,794,STABLE,Moderate
33.11512672189293,96.54597130969272,4095,4095,STABLE,Unhealthy
29.1,98.61940712041195,2738,2459,STABLE,Unhealthy
33.550715928638766,99.46215455850258,4095,488,STABLE,Unhealthy
28.9,96.71416941792248,70,89,STABLE,Good
31.8,95.52767294779983,1790,933,STABLE,Unhealthy for Sensitive Groups
31.2,99.09615037638059,505,617,STABLE,Moderate
25.0,98.69434766911255,1640,875,STABLE,Unhealthy for Sensitive Groups
25.640499171375005,96.11946378673063,745,3489,STABLE,Unhealthy
29.5,95.09473373925465,73,82,STABLE,Unhealthy for Sensitive Groups
25.4,94.11569317649543,3126,888,STABLE,Unhealthy
24.5,96.97782728615633,922,1713,STABLE,Unhealthy for Sensitive Groups
32.6,99.2047295941589,2800,350,STABLE,Unhealthy
28.1,96.33233144662361,82,78,STABLE,Moderate
28.0,97.49872913660865,1652,1563,STABLE,Unhealthy for Sensitive Groups
31.9,94.12429292551386,3206,632,STABLE,Unhealthy
25.4,94.64172642915914,2978,212,STABLE,Unhealthy
27.8,95.57703512322686,3519,2080,STABLE,Unhealthy
32.1,97.06784125998517,695,3638,STABLE,Unhealthy
28.8,97.70568731527516,184,90,STABLE,Moderate
32.8,94.29422615307712,260,484,STABLE,Moderate
33.5,97.53089136592307,910,1058,STABLE,Unhealthy for Sensitive Groups
30.6,98.96172110735972,80,61,STABLE,Good
33.5,98.11950851322183,1846,937,STABLE,Unhealthy
31.7,97.82144274693646,590,1039,STABLE,Moderate
25.0,98.03558766583015,240,207,STABLE,Good
29.0,98.38631788799172,1562,1222,STABLE,Unhealthy for Sensitive Groups
27.7,98.82867240087215,1174,1649,STABLE,Unhealthy for Sensitive Groups
28.99990854,97.37523857641108,46,91,STABLE,Unhealthy
25.1,97.07063567965241,554,885,STABLE,Moderate
30.7472504682895,97.53204987419241,674,4095,STABLE,Unhealthy
27.3,96.43247526674519,88,117,STABLE,Good
29.6,94.21525806742916,555,703,STABLE,Moderate
30.3,98.19136434693365,98,147,STABLE,Good
31.0,98.50132857850399,3203,155,STABLE,Unhealthy
25.2,97.48389008499419,273,483,STABLE,Moderate
28.3,95.9718851100721,85,78,STABLE,Unhealthy for Sensitive Groups
33.9,93.48492534183514,616,395,STABLE,Moderate
28.64926316,97.43422620905771,86,83,STABLE,Unhealthy for Sensitive Groups
24.2,99.08871801855932,443,380,STABLE,Moderate
28.2,95.66214658695156,52,117,STABLE,Unhealthy
32.0,97.15307779044952,1705,1797,STABLE,Unhealthy for Sensitive Groups
25.7,95.23237947879862,708,443,STABLE,Moderate
32.5,99.12363244396667,816,1085,STABLE,Moderate
31.9,93.36859900747251,452,562,STABLE,Moderate
30.3,96.59137349237098,68,82,STABLE,Moderate
28.9,95.93479336023088,70,89,STABLE,Good
31.7,94.92944804991151,1278,1408,STABLE,Unhealthy for Sensitive Groups
24.6,98.96107239210794,678,722,STABLE,Moderate
27.6,95.80035982525004,1594,1964,STABLE,Unhealthy for Sensitive Groups
33.6,97.67306629111592,98,59,STABLE,Good
28.7,98.14326647145332,1359,1607,STABLE,Unhealthy for Sensitive Groups
24.0,95.95387486470952,97,202,STABLE,Good
32.9,98.55041126189364,1411,1793,STABLE,Unhealthy for Sensitive Groups
29.0,97.09487928397468,300,1161,STABLE,Moderate
31.9,96.69295137111746,111,204,STABLE,Good
33.0,97.0720102057184,711,2124,STABLE,Unhealthy
28.2,99.42964090268535,831,1666,STABLE,Unhealthy for Sensitive Groups
32.5,95.52803700919517,158,231,STABLE,Good
28.9,98.36823099218302,75,88,STABLE,Good
28.9,98.90231457635916,94,82,STABLE,Good
27.6,96.88980854743672,565,288,STABLE,Moderate
28.8,95.88202983602234,94,172,STABLE,Good
30.2,97.95329010304012,71,113,STABLE,Unhealthy for Sensitive Groups
28.7,97.35603913986594,2662,624,STABLE,Unhealthy
28.8,97.70877110600105,786,758,STABLE,Unhealthy for Sensitive Groups
32.3,95.50404605609066,775,1401,STABLE,Unhealthy for Sensitive Groups
24.4,96.42637486477207,899,635,STABLE,Moderate
32.0,96.11146917219874,4015,2740,STABLE,Unhealthy
27.5,92.70582736712988,1378,1380,STABLE,Unhealthy for Sensitive Groups
25.8,93.13566677225074,60,202,STABLE,Good
32.5,97.9183166861833,2533,875,STABLE,Unhealthy
28.5,98.19869444802958,1697,1694,STABLE,Unhealthy for Sensitive Groups
28.6,95.33844977792383,182,100,STABLE,Moderate
28.8,98.2647987896107,88,74,STABLE,Unhealthy for Sensitive Groups
32.3,95.40974643944384,305,711,STABLE,Moderate
27.0,92.94846639671998,3513,3598,STABLE,Unhealthy
33.7,94.66409715068336,3950,2337,STABLE,Unhealthy
28.47747292,98.21698702670359,78,4095,STABLE,Unhealthy
28.3,98.56418033613068,85,75,STABLE,Unhealthy for Sensitive Groups
28.3,94.66644008116081,86,76,VIBRATING,Unhealthy for Sensitive Groups
29.8,97.6697162134608,66,80,STABLE,Moderate
29.5,94.74035942983409,66,76,STABLE,Good
26.4,96.4746383739629,3830,991,STABLE,Unhealthy
26.7,95.4748402596988,182,3503,STABLE,Unhealthy
29.2,98.40424661856741,247,233,STABLE,Good
25.7,96.57722508281448,176,30,STABLE,Good
26.4,97.10932107958706,43,91,STABLE,Good
28.1,98.14852712967345,128,204,STABLE,Good
24.5,92.24303559582667,214,3261,STABLE,Unhealthy
30.2,95.57822558067798,2621,710,STABLE,Unhealthy
26.0,97.09784822329574,67,89,STABLE,Good
28.8,97.57748072653338,216,212,STABLE,Good
26.2,97.7028101646926,1210,749,STABLE,Unhealthy for Sensitive Groups
27.3,95.90944875337608,504,1045,STABLE,Moderate
31.8,94.81119419716512,251,672,STABLE,Moderate
30.2,95.80581445333722,1673,1277,STABLE,Unhealthy for Sensitive Groups
29.03059676,95.05401154489802,47,89,STABLE,Unhealthy
30.3,97.27261031764834,72,108,STABLE,Unhealthy for Sensitive Groups
28.0,99.36933721601726,87,78,STABLE,Unhealthy for Sensitive Groups
28.3,97.89066789474998,86,84,STABLE,Unhealthy for Sensitive Groups
28.57900922,95.06530279204675,51,124,STABLE,Unhealthy for Sensitive Groups
32.9,97.73896307159211,303,402,STABLE,Moderate
24.2,97.86059093991832,1770,1191,STABLE,Unhealthy for Sensitive Groups
31.6,95.77925553928024,1693,1551,STABLE,Unhealthy for Sensitive Groups
27.1,98.35104422957517,657,513,STABLE,Moderate
25.3,95.94164491351506,875,1629,VIBRATING,Unhealthy for Sensitive Groups
27.7,96.67392125355236,543,2278,VIBRATING,Unhealthy
29.9,99.34022744654176,94,79,VIBRATING,Good
26.6,96.24641192590856,4040,174,STABLE,Unhealthy
28.57517736,98.16998592677243,51,126,STABLE,Unhealthy for Sensitive Groups
32.6,98.1729665511516,219,220,STABLE,Good
24.2,93.7405165473462,3852,3524,STABLE,Unhealthy
33.2,98.08548873042228,1218,1256,STABLE,Unhealthy for Sensitive Groups
29.0,97.99354205706024,977,1544,STABLE,Unhealthy for Sensitive Groups
26.4,97.46358907613146,64,94,STABLE,Good
30.4,98.07565241999914,102,181,STABLE,Good
32.3,98.32109989237827,390,607,STABLE,Moderate
28.52756825,99.44586082979153,51,125,STABLE,Unhealthy for Sensitive Groups
29.05398224,98.38143995633506,47,93,VIBRATING,Unhealthy
33.1,98.40100837801245,209,169,STABLE,Good
25.4,98.96879055959296,702,1633,STABLE,Unhealthy for Sensitive Groups
24.5,92.0211600614329,310,1060,STABLE,Moderate
29.13392052,98.2984700894117,47,90,STABLE,Unhealthy
25.3,98.51101606966661,402,845,STABLE,Moderate
27.2,97.15238464756924,715,1033,STABLE,Moderate
30.18370656,97.91443781112075,95,57,STABLE,Good
32.4,97.46197867849092,1744,954,STABLE,Unhealthy for Sensitive Groups
28.8,94.37217849021141,893,254,STABLE,Moderate
29.9,96.31531120792482,69,71,STABLE,Moderate
28.5,98.51562286777173,86,81,STABLE,Unhealthy
33.5,97.55604986836791,95,249,STABLE,Good
26.7,96.78108549013932,1253,1469,STABLE,Unhealthy for Sensitive Groups
28.38807304,98.11160559473271,95,88,STABLE,Unhealthy
33.9,98.6059532804551,2567,3416,STABLE,Unhealthy
28.5,96.56040236980222,846,859,STABLE,Unhealthy for Sensitive Groups
24.9,93.61515613089325,238,217,VIBRATING,Good
25.4,95.76623724880403,890,1649,STABLE,Unhealthy for Sensitive Groups
30.4,97.34076766201669,1375,735,STABLE,Unhealthy for Sensitive Groups
30.127491231172908,98.74123434644724,622,4095,VIBRATING,Unhealthy
27.6,95.62218095941358,180,119,STABLE,Good
27.7,95.43594386701761,1145,1608,STABLE,Unhealthy for Sensitive Groups
29.6,92.92745416255629,1260,1442,STABLE,Unhealthy for Sensitive Groups
26.7,96.79224245206399,44,94,STABLE,Good
32.1,98.21732152286981,3200,576,STABLE,Unhealthy
33.6,97.39636950032728,541,1071,STABLE,Moderate
26.5,98.89086880141357,160,184,STABLE,Good
28.6,97.33144366768049,1377,1528,STABLE,Unhealthy for Sensitive Groups
25.3,99.52475622639722,66,89,VIBRATING,Good
24.1,99.35295538426413,429,381,STABLE,Moderate
28.66950631,97.86218099927511,97,87,STABLE,Unhealthy
32.2,99.43885404763621,96,69,STABLE,Good
32.5,97.9354511615453,947,4024,STABLE,Unhealthy
25.2,94.72853590442142,1544,874,STABLE,Unhealthy for Sensitive Groups
25.1,98.57992982094612,369,346,STABLE,Moderate
28.4,96.02717164958933,88,76,STABLE,Moderate
28.35398428,98.41025262071138,87,82,STABLE,Unhealthy for Sensitive Groups
28.4,96.10080063499697,170,176,STABLE,Good
25.6,96.34855350129449,73,247,STABLE,Good
28.71733194,96.84355102359555,49,98,STABLE,Unhealthy
25.6,97.38175569371887,3606,946,STABLE,Unhealthy
29.7,97.04014155438495,70,70,STABLE,Moderate
33.6,98.12247608663003,2236,3980,STABLE,Unhealthy
33.6,95.66718160747077,1667,879,STABLE,Unhealthy for Sensitive Groups
25.8,96.50332267568288,904,1831,STABLE,Unhealthy for Sensitive Groups
24.6,96.33110457231896,2265,2073,STABLE,Unhealthy
33.5,99.07247459299839,31,178,STABLE,Good
31.163717808734887,96.501050118784,904,4095,STABLE,Unhealthy
28.2,98.55550787165777,64,219,STABLE,Good
27.9,97.78354289651388,665,289,STABLE,Moderate
32.8,96.83736945749966,87,75,STABLE,Good
26.9,94.59649729634162,1279,991,STABLE,Unhealthy for Sensitive Groups
26.6,96.77565372094512,393,674,STABLE,Moderate
24.2,97.70280467337497,4091,52,STABLE,Unhealthy
31.2,96.04588989741058,1587,1406,STABLE,Unhealthy for Sensitive Groups
29.5,94.89463873748466,453,1100,STABLE,Moderate
28.6003997,96.38097971054468,83,76,VIBRATING,Unhealthy for Sensitive Groups
24.6,95.98409492433363,77,144,STABLE,Good
31.4,96.0699050519859,164,140,STABLE,Good
27.2,99.17038736442198,949,1172,STABLE,Unhealthy for Sensitive Groups
28.35755798,94.93876446236511,86,79,STABLE,Unhealthy
28.2,99.26165805115743,87,87,STABLE,Unhealthy
26.1,98.79732658086091,918,3220,STABLE,Unhealthy
24.1,95.69624229842589,1161,948,STABLE,Unhealthy for Sensitive Groups
29.0,98.86176030274889,3768,3247,STABLE,Unhealthy
33.6,95.85501665670174,97,125,STABLE,Good
29.2,96.86062221899601,96,78,VIBRATING,Good
24.6,98.09638671926359,59,104,STABLE,Good
28.1874284,99.39580718790953,86,83,STABLE,Unhealthy for Sensitive Groups
26.4,96.64325672471675,63,94,STABLE,Good
27.9,96.43421879149585,3201,2380,STABLE,Unhealthy
27.6,95.06831757612542,719,326,STABLE,Moderate
25.3,99.1080782448298,835,386,STABLE,Moderate
29.9,94.98662429449632,68,90,VIBRATING,Unhealthy
33.4,98.11700949068097,98,59,STABLE,Good
28.33569741,99.07225801023279,86,78,VIBRATING,Unhealthy
28.45926485,99.37026954284536,87,82,VIBRATING,Unhealthy
28.8,99.29326746154534,175,103,VIBRATING,Moderate
29.3,98.41142283654293,642,831,STABLE,Moderate
32.1,95.47097295215332,1524,1166,STABLE,Unhealthy for Sensitive Groups
33.3,96.44373924637844,417,2360,STABLE,Unhealthy
28.8,97.68253258494238,1293,1659,STABLE,Unhealthy for Sensitive Groups
27.5,99.0274668071917,1520,1113,STABLE,Unhealthy for Sensitive Groups
28.6,98.7924988146568,216,88,STABLE,Moderate
26.1,96.846592660315,3723,665,STABLE,Unhealthy
24.8,96.95252472347562,98,107,STABLE,Good
25.5,96.79845087845216,3981,2683,STABLE,Unhealthy
26.6,99.09358541557833,82,248,STABLE,Good
32.9,99.09601921624774,752,584,STABLE,Moderate
28.3,94.70000962536488,87,80,STABLE,Unhealthy for Sensitive Groups
28.4,95.76482311011229,86,84,STABLE,Unhealthy for Sensitive Groups
28.56312919,98.8852460950597,86,83,STABLE,Unhealthy for Sensitive Groups
26.1,96.25404277312552,78,92,VIBRATING,Good
30.6,94.84230425604973,3770,2308,STABLE,Unhealthy
27.9,97.10569218038897,242,2095,STABLE,Unhealthy
34.0,98.78994788421967,4083,1426,STABLE,Unhealthy
27.0,96.40568145884384,3989,916,STABLE,Unhealthy
33.4,95.41980431918735,791,1161,STABLE,Moderate
34.00597698,93.16216819980379,96,59,STABLE,Good
29.4,97.72694436382767,72,82,STABLE,Moderate
27.2,99.2993898131803,1112,1156,VIBRATING,Unhealthy for Sensitive Groups
33.7,93.68547689660396,3164,628,STABLE,Unhealthy
30.2,96.48873398489107,635,800,STABLE,Moderate
32.2,96.90581564524564,158,69,STABLE,Good
29.0,97.1586552294586,65,68,STABLE,Good
30.6,99.10825735329138,212,229,VIBRATING,Good
30.7,96.75253859125178,2143,2400,STABLE,Unhealthy
25.4,98.54052929831364,1896,889,STABLE,Unhealthy
30.2,97.62619658506864,852,1154,STABLE,Unhealthy for Sensitive Groups
28.8,98.62170858231467,542,1036,STABLE,Moderate
30.7,95.25151543713797,473,3799,STABLE,Unhealthy
25.6,97.38111973576484,66,90,STABLE,Good
24.2,95.97312546248757,240,80,STABLE,Good
26.6,98.04380244756157,1529,1652,STABLE,Unhealthy for Sensitive Groups
29.4,98.36489257106147,74,82,STABLE,Moderate
28.35621246,97.7758358999406,86,84,STABLE,Unhealthy for Sensitive Groups
24.7,97.84228837204604,1834,2541,STABLE,Unhealthy
27.5,96.80794193118113,553,678,STABLE,Moderate
33.6,99.10210433896157,3240,635,STABLE,Unhealthy
25.8,96.31927886592948,3741,2454,STABLE,Unhealthy
25.4,96.06945634549353,1134,1003,VIBRATING,Unhealthy for Sensitive Groups
31.3,97.2286537169963,144,115,STABLE,Good
29.1,97.4853375365314,95,81,STABLE,Good
26.5,95.84877487182538,37,241,STABLE,Good
32.5,92.80396771274906,1478,1274,STABLE,Unhealthy for Sensitive Groups
28.3491674,97.97636886352326,86,81,STABLE,Unhealthy for Sensitive Groups
30.9,98.33886270706444,90,60,STABLE,Good
26.4,98.43963640862387,2185,901,STABLE,Unhealthy
24.5,98.7220292730762,706,842,STABLE,Moderate
29.2,98.91570964019115,185,85,STABLE,Moderate
24.9,95.90424312727491,698,416,STABLE,Moderate
30.9,98.57622092462093,1498,1665,STABLE,Unhealthy for Sensitive Groups
25.7,93.68547101971176,464,630,STABLE,Moderate
29.87120704,95.79756693625964,68,86,STABLE,Unhealthy
26.9,95.34673006305678,858,647,STABLE,Moderate
26.7,97.24954542036001,2441,604,STABLE,Unhealthy
28.2,98.18815924433558,86,85,STABLE,Moderate
28.7,95.9510420196434,1319,1403,STABLE,Unhealthy for Sensitive Groups
25.7,97.79448175327533,904,2141,STABLE,Unhealthy
29.28248401,99.25665068604025,102,82,STABLE,Unhealthy for Sensitive Groups
32.9,95.91156803543048,1388,1608,STABLE,Unhealthy for Sensitive Groups
30.2,98.61756319211048,68,112,STABLE,Unhealthy for Sensitive Groups
26.7,98.99666029563231,235,159,STABLE,Good
29.1,97.57790868476235,2861,2864,STABLE,Unhealthy
28.3,96.62066254976355,747,1128,STABLE,Unhealthy for Sensitive Groups
29.12393144,97.60901878741984,47,92,STABLE,Unhealthy
24.3,96.88984752975034,817,1155,STABLE,Moderate
32.0,95.87539460891131,888,868,STABLE,Moderate
28.7,95.85077247517405,103,81,STABLE,Moderate
26.8,95.08634582523993,1061,1848,STABLE,Unhealthy for Sensitive Groups
27.2,97.39728129805474,215,219,STABLE,Good
27.6,95.46469388282104,490,684,STABLE,Moderate
28.5,97.89129718529881,35,207,STABLE,Good
28.3,93.47869320410561,174,43,STABLE,Good
29.11748927,98.15013102482345,47,90,STABLE,Unhealthy
28.27593225,95.74016380117672,85,75,STABLE,Unhealthy for Sensitive Groups
26.4,96.03033031973021,4054,3758,STABLE,Unhealthy
28.2,93.83158001230048,1929,3547,STABLE,Unhealthy
29.18841591,96.3889768134683,47,89,STABLE,Unhealthy for Sensitive Groups
33.2,98.98048330895178,358,1083,STABLE,Moderate
28.64787652,95.1477794736969,86,82,STABLE,Unhealthy for Sensitive Groups
24.52595768420017,98.69338143348351,1959,850,STABLE,Unhealthy
31.0,97.39799009000463,96,38,STABLE,Good
27.3,97.7134970479357,482,530,STABLE,Moderate
33.0,98.49544538213058,1161,1735,STABLE,Unhealthy for Sensitive Groups
31.3,95.59001661153177,73,47,STABLE,Good
28.3,97.30110705473398,85,75,STABLE,Unhealthy
25.4,97.77774926120767,362,721,STABLE,Moderate
26.0,97.39208288427339,713,638,STABLE,Moderate
31.3,94.59742177991794,1647,1595,STABLE,Unhealthy for Sensitive Groups
28.2,97.30108084995017,196,163,VIBRATING,Good
28.4,93.5850395445986,85,78,STABLE,Good
25.5,99.31483438322351,803,3615,VIBRATING,Unhealthy
34.0,98.10388818258735,378,3921,STABLE,Unhealthy
27.5,98.08718502789773,122,85,VIBRATING,Good
25.3,98.72103637313168,680,2355,STABLE,Unhealthy
31.8,96.39324525785264,707,883,STABLE,Unhealthy for Sensitive Groups
29.1,97.498512058711,1940,118,VIBRATING,Unhealthy
33.4,98.78574124016342,233,92,STABLE,Good
28.0,98.21830247837875,1176,1905,STABLE,Unhealthy for Sensitive Groups
32.7,94.95865898379373,552,2511,STABLE,Unhealthy
27.6,95.97158925238986,968,1874,STABLE,Unhealthy for Sensitive Groups
27.8,97.95568439028642,91,70,STABLE,Moderate
27.5,98.44258481043035,99,166,STABLE,Good
30.4,98.52979213975831,511,473,STABLE,Moderate
28.35265785,96.5482192550278,85,74,STABLE,Unhealthy for Sensitive Groups
33.8,98.70252550893488,1416,943,STABLE,Unhealthy for Sensitive Groups
29.2,97.32806660102155,201,90,VIBRATING,Moderate
30.5,95.96431294743996,652,1001,STABLE,Moderate
30.4,94.61586365739628,3568,677,STABLE,Unhealthy
30.2,92.1712993012553,94,59,VIBRATING,Good
32.9,95.65297218543992,748,1650,STABLE,Unhealthy for Sensitive Groups
30.1,97.15017401909515,324,350,STABLE,Moderate
26.5,97.99678691534254,41,93,STABLE,Good
28.32559001,99.31461924625138,86,76,STABLE,Unhealthy for Sensitive Groups
28.7,96.61791859326067,37,62,STABLE,Good
34.0,93.50645262865184,2867,3914,STABLE,Unhealthy
26.7,99.34866452683713,745,1460,STABLE,Unhealthy for Sensitive Groups
30.1,98.39024159607395,2090,168,STABLE,Unhealthy
27.5,95.80122836953778,948,1897,STABLE,Unhealthy for Sensitive Groups
29.1,98.90109368608132,48,96,STABLE,Unhealthy
33.9,98.89993014477665,184,69,STABLE,Good
28.32106856,94.99219380936643,87,84,STABLE,Unhealthy for Sensitive Groups
28.3,97.75520031864102,79,81,STABLE,Moderate
25.2,98.06947110064883,1007,1059,STABLE,Unhealthy for Sensitive Groups
32.1,97.04721116499807,104,96,STABLE,Good
28.9,99.2314687553408,68,87,STABLE,Good
25.2,96.58202998609194,813,373,STABLE,Moderate
28.5,97.7733595741192,3971,1220,STABLE,Unhealthy
33.20100620839198,99.08375888586768,4095,518,STABLE,Unhealthy
33.2,96.90184422958532,827,384,STABLE,Moderate
27.9,99.21103931124748,641,540,STABLE,Moderate
31.0,93.48969020433917,90,60,VIBRATING,Good
30.353704263848233,99.2689599879482,4063,773,STABLE,Unhealthy
28.8,98.62700213524755,1160,1115,STABLE,Unhealthy for Sensitive Groups
30.2,99.08995563708027,200,59,STABLE,Good
28.36292988,97.24738121784193,85,83,STABLE,Unhealthy for Sensitive Groups
27.9,98.35774362446294,585,3978,STABLE,Unhealthy
28.3,94.54187795524297,84,140,STABLE,Good
28.5,97.72133735153825,75,77,STABLE,Moderate
32.6,97.44592694457447,151,65,STABLE,Good
28.9,96.95944718687387,179,81,STABLE,Moderate
25.4,97.91607247656013,3561,721,STABLE,Unhealthy
30.1,98.22198847286744,67,81,VIBRATING,Moderate
28.26598079,95.28683729274834,86,81,STABLE,Unhealthy
25.7,96.17420654263935,851,1168,STABLE,Moderate
29.7,93.44179179193247,856,2073,STABLE,Unhealthy
32.1,98.56073456801074,236,202,VIBRATING,Good
29.7,98.77907913205817,3629,1621,STABLE,Unhealthy
28.1,96.7650322652163,172,94,VIBRATING,Moderate
33.2,96.53916384575587,817,1410,STABLE,Unhealthy for Sensitive Groups
33.2,95.42822159028671,3614,720,STABLE,Unhealthy
33.0,98.24893297752403,59,146,STABLE,Good
31.0,92.4825764181522,527,2645,STABLE,Unhealthy
29.6,96.708244368888,545,324,STABLE,Moderate
32.809855435818065,96.55994671195785,4095,4095,STABLE,Unhealthy
28.4,95.64626530418562,86,78,STABLE,Moderate
28.54732101,95.39992470927618,86,81,STABLE,Unhealthy
29.4,98.69220544329224,117,53,STABLE,Good
28.5,95.17751579325822,1906,361,STABLE,Unhealthy
33.7,96.50776267646496,3188,979,STABLE,Unhealthy
27.0,96.54934421036049,154,239,STABLE,Good
29.09443465,94.49856283608015,46,87,STABLE,Unhealthy
28.0,97.7834834238967,586,1021,STABLE,Moderate
29.1,96.30897659353573,47,93,VIBRATING,Unhealthy
29.0,94.32822199645271,103,87,STABLE,Good
30.4,93.97978961658701,54,219,VIBRATING,Good
32.12997848109702,97.5256115191588,2229,640,STABLE,Unhealthy
28.6,97.9491268275811,43,77,STABLE,Moderate
32.1,97.0208893532527,1195,1112,STABLE,Unhealthy for Sensitive Groups
30.4,97.9131137981642,1215,1655,STABLE,Unhealthy for Sensitive Groups
31.8,97.63497128001592,609,3650,STABLE,Unhealthy
27.3,98.32420183732428,983,1602,STABLE,Unhealthy for Sensitive Groups
29.6,94.42409896126979,4060,957,VIBRATING,Unhealthy
29.3,97.94054766665116,229,30,STABLE,Good
26.8,94.86633556045298,45,92,VIBRATING,Good
30.0,97.34577399727763,68,84,STABLE,Moderate
33.8,93.54636932429574,309,3279,STABLE,Unhealthy
25.9,98.68196435966442,62,94,STABLE,Good
25.1,99.05622148237532,135,39,STABLE,Good
29.4,98.76453989164382,78,69,STABLE,Moderate
28.24939815,98.63921552150153,86,76,STABLE,Unhealthy for Sensitive Groups
26.1,97.88647661551236,727,745,STABLE,Moderate
28.4,95.56935746828209,83,81,STABLE,Unhealthy
28.0,97.72028051446824,179,88,STABLE,Moderate
29.3,98.58402121128023,850,1743,STABLE,Unhealthy for Sensitive Groups
26.6,97.12815569863133,72,86,STABLE,Good
29.9,96.61893408993875,241,3615,VIBRATING,Unhealthy
24.9,94.00641111258136,211,95,STABLE,Good
32.0,98.10306057789349,1364,1557,STABLE,Unhealthy for Sensitive Groups
24.7,93.69815954071046,253,747,STABLE,Moderate
25.7,92.2889609630915,332,1093,STABLE,Moderate
25.5,95.98337661583776,3004,163,STABLE,Unhealthy
31.9,98.97169189076948,601,1065,STABLE,Moderate
29.1065205,93.84893058387057,47,90,STABLE,Unhealthy
25.5,93.49869716246059,3948,1537,STABLE,Unhealthy
27.2,94.2981277524926,2304,3724,STABLE,Unhealthy
27.9,96.36450472364277,935,908,STABLE,Unhealthy for Sensitive Groups
29.6,99.24502298642317,3382,2439,STABLE,Unhealthy
30.5,99.21773035113387,1389,1880,STABLE,Unhealthy for Sensitive Groups
25.3,98.66931799042825,231,123,STABLE,Good
30.0,95.76680302144368,1768,1663,STABLE,Unhealthy for Sensitive Groups
33.7,99.17309347828535,680,795,STABLE,Moderate
25.5,99.21644236028516,311,1003,STABLE,Moderate
30.2,94.89990683699473,197,106,VIBRATING,Good
24.1,98.64422968000486,2773,2565,STABLE,Unhealthy
32.3,94.8075948889001,120,2503,STABLE,Unhealthy
24.4,99.47590088181153,243,3058,STABLE,Unhealthy
29.3,97.78298479019098,38,75,STABLE,Moderate
33.7,99.51314633053454,553,440,STABLE,Moderate
29.0,97.86777319245586,47,87,STABLE,Unhealthy
33.3,96.3605941031484,2731,683,STABLE,Unhealthy
28.6,98.38754677334668,760,3335,STABLE,Unhealthy
25.9,96.0915986612646,233,173,STABLE,Good
28.27196825,97.9935457319047,56,137,STABLE,Unhealthy
28.1,97.1180704708244,1363,1543,STABLE,Unhealthy for Sensitive Groups
29.2,99.42475088969135,47,94,STABLE,Unhealthy
26.6,95.78939740852547,72,85,VIBRATING,Good
30.3,98.50406080616092,115,105,STABLE,Good
32.8,98.25622918007527,790,1085,STABLE,Moderate
31.4,98.71416876971699,232,78,VIBRATING,Good
26.1,98.32763354046843,941,1800,VIBRATING,Unhealthy for Sensitive Groups
25.3,98.72475359183277,895,665,STABLE,Moderate
28.7,96.63458096740494,105,83,VIBRATING,Moderate
33.8,98.05918795586746,3567,322,STABLE,Unhealthy
32.3,96.90159911511383,725,494,STABLE,Moderate
24.7,96.10009899502224,1248,1906,STABLE,Unhealthy for Sensitive Groups
33.9,96.24956217171894,43,2217,STABLE,Unhealthy
32.6,93.65114514302127,212,3870,STABLE,Unhealthy
28.1,98.64760317941483,145,45,STABLE,Good
24.9,97.30451334587498,2349,3791,STABLE,Unhealthy
24.3,95.97529583885324,2437,414,STABLE,Unhealthy
29.4,97.4993268438665,103,83,STABLE,Moderate
32.5,95.83754433370676,645,964,STABLE,Moderate
29.6,97.38648261789406,899,287,STABLE,Moderate
26.7,98.22128062992267,862,1084,STABLE,Moderate
24.60373516,96.85410719177938,74,94,STABLE,Good
29.1,99.41170830834987,218,112,STABLE,Good
33.2,99.05676721735979,2036,3688,STABLE,Unhealthy
25.0,99.04494664534856,1610,935,STABLE,Unhealthy for Sensitive Groups
28.3,96.39992409386616,85,80,STABLE,Unhealthy for Sensitive Groups
27.8,98.21192297759488,379,987,STABLE,Moderate
30.4,97.49761402891214,597,3931,STABLE,Unhealthy
28.5,97.30521047342118,460,419,STABLE,Moderate
33.7,95.84129009416527,553,2075,STABLE,Unhealthy
27.1,98.310452036079,142,200,STABLE,Good
29.4,95.50903393602624,74,81,STABLE,Moderate
28.2,94.05527448875407,34,219,STABLE,Good
27.9,95.19337921185257,174,167,STABLE,Good
26.8,96.90677833513377,799,3048,STABLE,Unhealthy
31.2,98.98768840966446,533,786,STABLE,Moderate
29.4,96.41683833313252,3318,3629,STABLE,Unhealthy
28.64554083,99.22627089173827,86,82,STABLE,Unhealthy for Sensitive Groups
26.7,99.2851180965572,64,95,STABLE,Good
26.2,97.49669062147515,2718,2226,STABLE,Unhealthy
28.3,94.87331845725134,85,75,VIBRATING,Unhealthy for Sensitive Groups
26.3,98.03889091272376,38,245,STABLE,Good
28.3,96.45908783584832,79,77,STABLE,Unhealthy for Sensitive Groups
28.5,97.18787835606625,830,264,VIBRATING,Moderate
26.4,96.41382529165074,1150,1947,STABLE,Unhealthy for Sensitive Groups
26.3,97.24862019129935,1854,463,STABLE,Unhealthy
25.9,98.33882260643058,742,1618,STABLE,Unhealthy for Sensitive Groups
29.0,95.81795884000258,40,85,VIBRATING,Moderate
29.1,97.28703880240889,47,95,VIBRATING,Unhealthy
28.35668455,98.48565085243102,86,83,STABLE,Unhealthy for Sensitive Groups
25.5,98.84119665430894,73,85,STABLE,Good
31.50674248855487,98.46124917888291,687,4095,STABLE,Unhealthy
28.8,97.00472523862138,3091,4063,STABLE,Unhealthy
33.57190368,94.57782053468195,97,59,STABLE,Good
28.4,96.61729291232086,86,83,STABLE,Unhealthy for Sensitive Groups
26.6,94.10291865425322,171,207,STABLE,Good
30.2,99.35803912439141,2595,2703,STABLE,Unhealthy
28.28218064,96.62632646785748,86,84,STABLE,Unhealthy for Sensitive Groups
25.5,97.85986340903999,124,61,STABLE,Good
32.9,98.82228641760761,833,836,STABLE,Unhealthy for Sensitive Groups
29.3,99.44518525128011,1032,1461,STABLE,Unhealthy for Sensitive Groups
25.6,99.18515448616357,2178,2830,STABLE,Unhealthy
33.2,94.28512503518046,1227,976,STABLE,Unhealthy for Sensitive Groups
28.12352981,97.52820274102716,85,76,VIBRATING,Unhealthy for Sensitive Groups
29.3,96.81513051840807,71,175,STABLE,Good
27.4,95.30098864604078,815,2048,STABLE,Unhealthy
27.6,96.9283510931716,217,137,STABLE,Good
27.1,97.80417805351262,893,2281,STABLE,Unhealthy
32.4,97.80276396276037,781,1173,STABLE,Moderate
28.5,95.3449715854877,52,80,STABLE,Good
28.43585145,96.82021869036518,85,4095,STABLE,Unhealthy
26.3,96.11999703512816,63,94,STABLE,Good
28.2,96.03519668837312,669,3072,STABLE,Unhealthy
28.8,97.70099034384046,2972,3250,STABLE,Unhealthy
27.3,95.83753669938802,1777,1402,STABLE,Unhealthy for Sensitive Groups
24.9,98.9194075996076,709,1652,STABLE,Unhealthy for Sensitive Groups
30.3,94.10705344140138,1537,753,STABLE,Unhealthy for Sensitive Groups
25.8,98.72820381353384,897,570,STABLE,Moderate
33.10407288,98.94657219489383,100,60,STABLE,Good
26.8,96.81802285594614,45,92,STABLE,Good
30.0,97.08643709763571,553,458,STABLE,Moderate
24.2,96.99541457995655,218,181,STABLE,Good
28.4,96.0549832449087,90,61,STABLE,Moderate
28.07426199,98.58483019080961,86,80,STABLE,Unhealthy for Sensitive Groups
29.0,95.70737645686664,47,87,STABLE,Unhealthy for Sensitive Groups
29.5,96.98331288861016,252,306,STABLE,Moderate
28.5,97.3561507689189,85,221,VIBRATING,Good
31.0,94.64503605702616,521,275,STABLE,Moderate
29.14748104,91.56728281742994,48,97,VIBRATING,Unhealthy
28.5,95.19099922902167,751,1199,STABLE,Moderate
30.8,99.1249369089956,1758,910,STABLE,Unhealthy for Sensitive Groups
28.1,96.63212961422153,180,89,VIBRATING,Moderate
32.6,96.81543170107525,1480,764,VIBRATING,Unhealthy for Sensitive Groups
32.7,96.56747279657067,894,521,STABLE,Moderate
28.85768532948803,98.21409988464093,367,4095,STABLE,Unhealthy
26.4,98.56390568956178,687,335,STABLE,Moderate
29.7,98.80745076792073,197,39,STABLE,Good
30.4,98.75010955158302,95,58,STABLE,Good
26.3,95.4852205462243,429,3508,STABLE,Unhealthy
25.9,96.67306352789761,66,90,VIBRATING,Good
28.23149515,96.57531229832406,85,75,VIBRATING,Unhealthy for Sensitive Groups
24.4,94.71815927102061,368,874,STABLE,Moderate
32.1,97.30406390161548,338,505,STABLE,Moderate
29.0,98.83339973265669,29,68,VIBRATING,Moderate
28.3,97.247625990234,946,1190,STABLE,Unhealthy for Sensitive Groups
28.32121542,96.57450143091259,92,88,VIBRATING,Unhealthy
26.0,94.95738963821316,726,1015,STABLE,Unhealthy for Sensitive Groups
28.2,97.63598362844797,1280,1964,VIBRATING,Unhealthy for Sensitive Groups
33.1,96.03264249052502,2597,555,STABLE,Unhealthy
26.1,95.30530571862941,3390,231,STABLE,Unhealthy
29.64209349,97.59401507145613,61,86,STABLE,Unhealthy
29.6,98.69430824956848,76,73,STABLE,Moderate
31.6,94.0782302715635,967,1583,STABLE,Unhealthy for Sensitive Groups
28.6,96.32826425339528,106,55,STABLE,Good
29.7,93.928198700832,3050,3495,STABLE,Unhealthy
28.77821633,96.15632544579012,88,74,STABLE,Unhealthy
28.36607237,99.22296529531003,68,4095,VIBRATING,Unhealthy
25.2,98.24161133378983,750,316,STABLE,Moderate
31.3,96.74233403997322,540,340,STABLE,Moderate
24.42117062,95.43837687143483,74,94,STABLE,Good
25.2,96.56427311363457,716,1634,STABLE,Unhealthy for Sensitive Groups
26.7,98.62574755079014,2862,943,STABLE,Unhealthy
30.08199469,95.70942977618348,81,129,STABLE,Unhealthy
31.7,95.64109723555798,639,1115,STABLE,Moderate
26.41009588,95.72339031860511,443,92,STABLE,Good
28.6,98.98837379569414,86,84,STABLE,Unhealthy for Sensitive Groups
27.0,96.97165365349284,36,244,VIBRATING,Good
28.199946484971857,97.98592936668493,4095,4095,STABLE,Unhealthy
26.6,93.73730182224188,72,85,STABLE,Good
26.7,96.87691047044727,64,95,STABLE,Good
27.5,97.93986956595433,783,817,STABLE,Moderate
28.2,97.65551232878347,53,116,STABLE,Unhealthy
28.9,99.52811428217798,224,223,STABLE,Good
25.3,96.50294962523797,595,458,STABLE,Moderate
29.4,98.0344783745564,67,76,STABLE,Good
25.7,97.19065636698049,536,394,STABLE,Moderate
29.19645205,98.07663188297705,47,92,STABLE,Unhealthy
25.3,96.2017634757525,1301,1135,STABLE,Unhealthy for Sensitive Groups
33.5,96.00062521431904,1544,853,STABLE,Unhealthy for Sensitive Groups
30.8,95.66832693117166,42,244,STABLE,Good
31.0,97.84684325049713,222,4029,STABLE,Unhealthy
25.8,97.46695342989433,472,2353,STABLE,Unhealthy
29.46137343,97.2729542942356,77,82,STABLE,Unhealthy for Sensitive Groups
25.9,97.21238065255983,914,3837,STABLE,Unhealthy
28.6,97.75603449932721,80,96,STABLE,Moderate
24.4,95.36308099089683,3814,753,STABLE,Unhealthy
32.8,93.39052944928275,809,2144,STABLE,Unhealthy
25.7,98.02578567996459,241,171,STABLE,Good
33.5,96.03026474009768,1794,1097,STABLE,Unhealthy for Sensitive Groups
24.8,96.06291302771155,401,1046,STABLE,Moderate
32.6,96.38900817392476,3897,2490,VIBRATING,Unhealthy
25.9,97.2272614547504,96,3273,STABLE,Unhealthy
30.7,95.29160781035188,727,3728,STABLE,Unhealthy
29.70165994,97.63047365767096,62,92,VIBRATING,Unhealthy
30.1,95.51341858489526,68,76,STABLE,Moderate
28.0,98.08428385874934,369,761,STABLE,Moderate
25.0,99.03484264659528,3843,149,STABLE,Unhealthy
33.9,97.70466434385462,815,468,STABLE,Moderate
29.9,95.84234972753032,55,43,STABLE,Good
32.7,98.675202506813,312,361,STABLE,Moderate
31.0,97.22057681650696,3998,3369,STABLE,Unhealthy
27.5,97.55128561956371,337,3206,STABLE,Unhealthy
29.7,97.65260584978614,963,857,STABLE,Unhealthy for Sensitive Groups
32.3,95.6794191070362,508,2202,STABLE,Unhealthy
24.6,96.55280404206567,302,1045,STABLE,Moderate
29.6,97.4062422272091,964,2046,STABLE,Unhealthy
28.5,96.66226972773866,181,101,VIBRATING,Moderate
32.1,98.91784003863964,232,116,STABLE,Good
26.6,97.94514064329668,72,85,STABLE,Good
27.78324117938447,97.11316188834965,466,4095,STABLE,Unhealthy
28.1,98.86505436677128,827,1139,STABLE,Moderate
28.44290254,99.16217190056355,85,83,STABLE,Unhealthy for Sensitive Groups
24.6,98.54384558500492,959,925,STABLE,Unhealthy for Sensitive Groups
25.739800100947058,99.02702301787839,177,4095,STABLE,Unhealthy
31.1,98.97375035940703,407,2038,STABLE,Unhealthy
24.4,95.13354653024369,1797,1459,STABLE,Unhealthy for Sensitive Groups
28.2,92.55856558432342,52,116,STABLE,Unhealthy
31.6,97.64955959168755,785,1006,STABLE,Unhealthy for Sensitive Groups
30.3,98.79286134933533,282,576,STABLE,Moderate
25.0,97.39289698753751,3512,3356,STABLE,Unhealthy
29.4,97.38126306714663,53,116,STABLE,Good
29.6,98.95870107970677,2727,634,STABLE,Unhealthy
28.3,98.09318824904781,174,92,STABLE,Moderate
32.4,97.56215266075175,249,220,STABLE,Good
29.19343067,98.20094265098368,47,93,STABLE,Unhealthy
28.1,96.15919170781584,859,526,VIBRATING,Moderate
31.7,92.64828082909786,698,2632,STABLE,Unhealthy
31.7,95.49809047371316,2031,947,STABLE,Unhealthy
28.4,96.91276378272451,83,81,STABLE,Unhealthy
26.1,98.11181912656242,2586,2841,STABLE,Unhealthy
25.9,98.72017147557172,748,1910,STABLE,Unhealthy for Sensitive Groups
25.3,97.50957790910526,116,89,STABLE,Good
24.6,96.45678349240912,1764,1290,STABLE,Unhealthy for Sensitive Groups
30.3,95.77643921265587,228,203,STABLE,Good
25.5,95.52114645498466,3519,3782,STABLE,Unhealthy
29.0,97.83476692137008,391,2624,STABLE,Unhealthy
25.1,96.78485983814467,160,193,STABLE,Good
27.8,96.37735492024287,379,377,STABLE,Moderate
26.3,96.86700947342898,3334,850,STABLE,Unhealthy
28.61709908,97.87875562811858,86,83,STABLE,Unhealthy for Sensitive Groups
33.7,99.42277221549188,1363,1349,STABLE,Unhealthy for Sensitive Groups
30.3,98.70494601939411,905,1509,STABLE,Unhealthy for Sensitive Groups
32.0,97.19057082461633,534,798,STABLE,Moderate
30.3,96.81316067215953,223,131,STABLE,Good
24.0,96.17342870646075,421,773,STABLE,Moderate
26.1,97.89599959139082,695,875,STABLE,Moderate
29.9,97.62789890150555,281,355,STABLE,Moderate
27.5,98.44772417957367,276,609,STABLE,Moderate
28.4,95.38853593879232,86,79,STABLE,Unhealthy for Sensitive Groups
32.2,95.12042627552405,827,728,STABLE,Moderate
32.0,96.7491780448257,484,653,STABLE,Moderate
30.1,97.82372415201036,66,76,STABLE,Moderate
29.8,96.785904659348,267,2744,STABLE,Unhealthy
24.7,98.17427996588076,795,939,STABLE,Unhealthy for Sensitive Groups
28.6,94.17127344684914,765,3222,STABLE,Unhealthy
27.0,98.61664616519553,3098,2329,STABLE,Unhealthy
30.5,98.88052655336169,384,1031,VIBRATING,Moderate
27.0,97.38464995257549,925,3040,STABLE,Unhealthy
24.7,98.47758206426907,2344,240,STABLE,Unhealthy
28.1,95.7328458664473,82,78,STABLE,Moderate
27.7,97.60016499068385,420,269,STABLE,Moderate
29.8,96.62582108284107,54,2292,STABLE,Unhealthy
29.2,94.32478333468131,776,367,STABLE,Moderate
26.53032628,98.21214036160605,41,93,STABLE,Good
32.7,95.89840832116977,392,1178,STABLE,Moderate
25.9,97.47891009832595,3301,3581,STABLE,Unhealthy
24.73213812449151,99.70863587303364,3647,296,VIBRATING,Unhealthy
29.05702422,95.94877470185669,49,87,STABLE,Unhealthy
28.3941089,94.95453037831247,88,84,STABLE,Unhealthy for Sensitive Groups
27.9,97.89803087828561,181,234,STABLE,Good
28.3,99.28018800627069,87,85,STABLE,Unhealthy for Sensitive Groups
29.37981884,98.96250619645922,80,75,STABLE,Unhealthy
32.9,95.15755699922836,79,91,STABLE,Good
25.0,98.2150594773737,318,1123,STABLE,Moderate
29.02588147,98.57382043411447,76,77,STABLE,Unhealthy for Sensitive Groups
24.4,95.86514271476162,963,1566,STABLE,Unhealthy for Sensitive Groups
26.8,98.46781500377715,347,3084,STABLE,Unhealthy
33.7,93.92053264294135,3161,3265,STABLE,Unhealthy
32.7,98.83973756271435,956,1161,STABLE,Unhealthy for Sensitive Groups
28.4,98.52981066158311,86,75,VIBRATING,Moderate
33.2,97.89478411259411,60,236,STABLE,Good
29.7,98.79739447087157,67,79,STABLE,Unhealthy
32.7,97.96906169772677,274,461,STABLE,Moderate
25.9,97.9243505237556,915,1094,STABLE,Unhealthy for Sensitive Groups
28.3,96.92549685995851,86,79,STABLE,Unhealthy for Sensitive Groups
26.4,95.08085958347117,279,3802,STABLE,Unhealthy
26.5,98.02044447775349,4049,114,STABLE,Unhealthy
30.2,95.14596124190413,208,3018,STABLE,Unhealthy
33.8,98.57798344829988,83,135,STABLE,Good
28.6,97.07140605891487,86,82,VIBRATING,Unhealthy for Sensitive Groups
27.2,96.19110448027502,1758,830,STABLE,Unhealthy for Sensitive Groups
27.3,96.92427354124776,951,893,STABLE,Unhealthy for Sensitive Groups
28.9,99.47198239306209,198,80,STABLE,Moderate
26.0,94.6561990690732,764,679,STABLE,Moderate
29.7,98.30512223614076,78,79,STABLE,Moderate
26.7,99.129439537341,45,92,STABLE,Good
29.4,99.01300794266379,866,697,STABLE,Moderate
26.64166312,98.2785432068952,64,95,STABLE,Good
25.411713096019568,97.7464593129045,4095,4095,STABLE,Unhealthy
26.8,93.37423568823282,2920,138,STABLE,Unhealthy
29.0,95.67270379926367,1791,798,STABLE,Unhealthy for Sensitive Groups
28.6,97.33153469548749,137,39,STABLE,Good
28.3261539,96.0621517594597,86,79,VIBRATING,Unhealthy
26.8,92.48475652580811,1369,1989,STABLE,Unhealthy for Sensitive Groups
31.3,98.01415854817927,1932,2107,STABLE,Unhealthy
29.84715325,96.94762330868524,71,75,STABLE,Unhealthy for Sensitive Groups
25.2,96.339170839617,131,95,STABLE,Good
31.9,98.83069463592723,380,625,STABLE,Moderate
28.1,94.90071757467122,87,91,VIBRATING,Moderate
27.3,96.62532646442766,1570,1907,STABLE,Unhealthy for Sensitive Groups
25.4,97.53559909609312,372,771,STABLE,Moderate
24.9,95.09955162967503,938,3020,STABLE,Unhealthy
28.1,98.07769226394244,61,57,STABLE,Good
28.030534068714623,98.85583949998764,3787,227,STABLE,Unhealthy
28.5,97.42283016337385,84,71,STABLE,Moderate
32.6,93.53620653169506,1537,1338,STABLE,Unhealthy for Sensitive Groups
30.1721264,96.61832136279799,71,124,STABLE,Unhealthy for Sensitive Groups
26.8,97.34762130008684,281,3269,STABLE,Unhealthy
32.3,97.47496207659805,1448,1261,STABLE,Unhealthy for Sensitive Groups
27.8,96.51003682892718,825,3005,STABLE,Unhealthy
28.61682767,98.1918379234602,79,73,VIBRATING,Unhealthy for Sensitive Groups
25.1,92.6857617407236,1280,1112,STABLE,Unhealthy for Sensitive Groups
30.1,98.27761697909267,70,97,STABLE,Moderate
25.8,98.477853407003,1511,904,STABLE,Unhealthy for Sensitive Groups
24.9,96.85399783175846,203,233,STABLE,Good
24.4,92.84285544046021,76,96,STABLE,Good
29.31557681,94.11952166020967,71,72,STABLE,Unhealthy for Sensitive Groups
26.6,98.19298099606246,45,92,STABLE,Good
27.7,96.21745712949999,753,421,STABLE,Moderate
33.5,93.48025067719149,78,240,VIBRATING,Good
28.68238832,98.51570544717336,86,79,STABLE,Unhealthy for Sensitive Groups
24.7,97.19972609859735,3488,3117,STABLE,Unhealthy
33.8,97.95660615498609,176,110,STABLE,Good
29.64673956,99.4384826490375,65,80,STABLE,Unhealthy
29.0,98.30292520960352,40,77,STABLE,Moderate
28.42001896,97.12901980048152,86,80,STABLE,Unhealthy
30.0,95.43585648500633,899,939,STABLE,Moderate
30.6,98.64874265421265,971,3560,STABLE,Unhealthy
31.4,99.21732325248857,696,985,STABLE,Moderate
25.8251604,94.52467507123556,66,90,STABLE,Good
29.1,98.51185998739125,402,355,STABLE,Moderate
31.2,97.4195205281061,125,199,STABLE,Good
31.7,97.88487274837661,446,430,STABLE,Moderate
24.7,95.27607454900149,53,109,STABLE,Good
31.5,96.49438433793487,649,650,STABLE,Moderate
24.3,97.18128345347577,2744,3982,STABLE,Unhealthy
29.05581402,99.56065821820044,47,92,STABLE,Unhealthy
31.8,98.8088541695431,774,1821,STABLE,Unhealthy for Sensitive Groups
28.6,98.82118197363002,3619,449,STABLE,Unhealthy
24.7,97.8432461794865,278,606,STABLE,Moderate
28.5,93.58579020994343,1768,1988,STABLE,Unhealthy for Sensitive Groups
28.5,98.10616142631355,3006,2138,STABLE,Unhealthy
28.5,96.1566736769466,82,76,STABLE,Moderate
29.06709486,98.07921068815864,49,97,STABLE,Unhealthy
29.5,96.37912778601496,593,527,STABLE,Moderate
24.9,97.51895184880505,418,734,STABLE,Moderate
26.2,97.67983645673928,636,3479,STABLE,Unhealthy
25.4,96.32909288974159,1607,960,STABLE,Unhealthy for Sensitive Groups
27.9,99.20895258310743,867,1217,STABLE,Unhealthy for Sensitive Groups
28.1,96.8892895556496,126,130,VIBRATING,Good
29.9389977,97.75102877458254,71,244,STABLE,Unhealthy
33.1,95.30605601016096,922,2698,STABLE,Unhealthy
30.8,97.60585062138594,117,4027,STABLE,Unhealthy
33.6,99.40732003735154,419,3490,STABLE,Unhealthy
25.9,97.20263368031735,212,54,STABLE,Good
26.5,99.19223138833728,1332,968,STABLE,Unhealthy for Sensitive Groups
29.7,97.54339037760735,4017,342,STABLE,Unhealthy
32.7,96.9713271093752,3880,289,STABLE,Unhealthy
30.2,99.07023198827378,71,114,STABLE,Unhealthy for Sensitive Groups
24.8,97.49136223140042,1449,1694,VIBRATING,Unhealthy for Sensitive Groups
28.5,97.12002613044334,102,166,STABLE,Good
27.4,98.57337038596901,75,210,STABLE,Good
32.5,97.82614932064763,595,1078,VIBRATING,Moderate
28.39368154,97.88862748427057,87,81,STABLE,Unhealthy for Sensitive Groups
27.3,94.68542367968456,56,3034,STABLE,Unhealthy
26.7,98.41345019259786,153,4095,VIBRATING,Unhealthy
32.5,98.0799641977255,1710,1819,STABLE,Unhealthy for Sensitive Groups
29.6,98.66403824461312,3004,144,STABLE,Unhealthy
26.6,97.3908862081402,1346,1505,STABLE,Unhealthy for Sensitive Groups
28.1,95.54071351461685,166,60,STABLE,Good
26.2,98.12081005846375,131,160,STABLE,Good
28.38155371,95.01836829494887,87,83,VIBRATING,Unhealthy for Sensitive Groups
25.4,98.01521327801538,269,833,STABLE,Moderate
28.55943959,98.44318463354222,86,81,STABLE,Unhealthy for Sensitive Groups
28.6,97.49494129296066,217,67,VIBRATING,Good
28.61026694,97.91566058322626,103,87,STABLE,Unhealthy
25.7,94.39780110190375,73,86,STABLE,Good
30.9,95.96163778443848,3225,3709,STABLE,Unhealthy
33.8,96.96750928457806,3631,671,STABLE,Unhealthy
33.6,98.60315081693679,714,1151,STABLE,Moderate
29.4,98.01055531490961,4034,824,STABLE,Unhealthy
24.3,93.2779296230582,2105,354,VIBRATING,Unhealthy
30.7,95.85530367232784,100,3991,STABLE,Unhealthy
29.2,96.5287647306197,200,89,STABLE,Moderate
28.4,97.88845125634555,3452,4045,STABLE,Unhealthy
27.3,97.85904181601109,1409,1127,STABLE,Unhealthy for Sensitive Groups
28.5,99.09314118374289,313,1088,STABLE,Moderate
28.4,97.67663509555945,86,84,STABLE,Unhealthy for Sensitive Groups
28.5,95.37283820336556,81,73,STABLE,Moderate
24.8,98.00040176331669,1474,1374,STABLE,Unhealthy for Sensitive Groups
24.8,97.03735633867848,1717,1380,STABLE,Unhealthy for Sensitive Groups
30.1,97.78713650280451,72,81,STABLE,Moderate
30.49445978,99.58568906165807,95,59,VIBRATING,Good
28.21667708,98.6351057084971,86,81,STABLE,Unhealthy for Sensitive Groups
29.4,97.53993212861612,555,388,STABLE,Moderate
30.9,96.3944778726666,1719,1472,STABLE,Unhealthy for Sensitive Groups
31.7,98.07700570570856,115,46,STABLE,Good
28.39026066,96.78715018054473,73,71,STABLE,Unhealthy for Sensitive Groups
24.6,94.83748615163664,152,229,STABLE,Good
29.8,92.45503539239684,1239,1296,VIBRATING,Unhealthy for Sensitive Groups
26.6,98.20613468953917,384,541,STABLE,Moderate
24.5068804,99.6586740493928,58,111,STABLE,Good
29.3,97.7476348484774,76,82,STABLE,Moderate
33.1,95.86430538441907,593,708,STABLE,Moderate
27.5,96.4679215230185,580,3433,STABLE,Unhealthy
26.5,98.47261403274734,142,188,STABLE,Good
32.7,94.83902496091483,199,2404,STABLE,Unhealthy
28.0,99.05448326507803,315,993,STABLE,Moderate
30.2,98.03607500306286,252,2623,STABLE,Unhealthy
30.7,96.2223022434136,943,3669,STABLE,Unhealthy
34.0,93.7097965450739,789,1898,STABLE,Unhealthy for Sensitive Groups
25.023607878905718,97.36846263694146,505,4095,STABLE,Unhealthy
28.75360845,95.00137506140817,54,160,VIBRATING,Unhealthy
28.4,98.04658244273539,520,718,STABLE,Moderate
29.1,99.67207584300671,47,95,STABLE,Unhealthy
28.30365207,94.8066226523678,85,76,STABLE,Unhealthy for Sensitive Groups
27.7,97.25859142724237,2190,673,STABLE,Unhealthy
30.00516817,99.22630388053884,96,58,STABLE,Good
27.0,97.32082299901197,662,631,STABLE,Moderate
26.9,97.64810471362547,574,428,STABLE,Moderate
31.7,94.89964702830162,240,159,STABLE,Good
30.20812495,93.62320070505957,68,111,STABLE,Unhealthy for Sensitive Groups
24.5,95.58058192926748,95,105,STABLE,Good
30.4,97.93725887497561,94,249,STABLE,Good
24.0,97.01268644038025,2540,496,VIBRATING,Unhealthy
28.2,97.13736492616935,1902,856,STABLE,Unhealthy
32.9,93.35679435809423,570,2780,VIBRATING,Unhealthy
28.29651348,97.74950649875808,80,79,VIBRATING,Unhealthy for Sensitive Groups
30.8,96.74198916779712,63,141,STABLE,Good
28.40926127,95.70308444839024,53,130,STABLE,Unhealthy for Sensitive Groups
24.827377757278697,99.09002221261763,4095,571,STABLE,Unhealthy
28.24775654,98.06522582280898,86,76,STABLE,Unhealthy for Sensitive Groups
32.7,97.09819499340949,811,1777,STABLE,Unhealthy for Sensitive Groups
28.2,96.87224030492072,1560,1595,STABLE,Unhealthy for Sensitive Groups
28.4,98.21312605545228,971,1515,STABLE,Unhealthy for Sensitive Groups
33.53364982,97.34680809845631,97,59,STABLE,Good
26.5,95.15576136181573,3634,3789,STABLE,Unhealthy
25.7,98.6050156459901,720,1381,STABLE,Unhealthy for Sensitive Groups
28.5,96.76774895824342,51,120,STABLE,Unhealthy for Sensitive Groups
26.66350937,97.64756619481862,72,85,VIBRATING,Good
26.2,94.60555451729495,4036,3216,STABLE,Unhealthy
30.9,98.39925332542795,136,196,STABLE,Good
29.9,96.4812984923268,305,3618,STABLE,Unhealthy
32.3,96.64322809569748,3649,3093,STABLE,Unhealthy
28.66749751,94.7379733445413,54,153,STABLE,Unhealthy
25.85037843206968,98.05257583203891,198,4095,STABLE,Unhealthy
29.2,96.95684678226854,47,91,STABLE,Unhealthy
32.6,97.48351838969786,192,226,STABLE,Good
26.2,97.84707337276221,834,1422,STABLE,Unhealthy for Sensitive Groups
33.6,97.15963064929635,771,1130,STABLE,Moderate
25.2,93.25649693412258,1709,1612,STABLE,Unhealthy for Sensitive Groups
26.5,97.32831464963024,460,1194,STABLE,Moderate
25.7,98.59354781119464,73,85,VIBRATING,Good
29.8,96.0761734034226,65,79,STABLE,Moderate
24.2,98.86839138227839,1523,997,STABLE,Unhealthy for Sensitive Groups
31.2,97.32465487890427,751,1663,STABLE,Unhealthy for Sensitive Groups
28.5,98.01480151818447,83,71,STABLE,Moderate
26.4,97.86002461099898,1733,1518,STABLE,Unhealthy for Sensitive Groups
28.4,98.62857360376304,179,56,STABLE,Good
27.8,98.34235270909453,1730,807,STABLE,Unhealthy for Sensitive Groups
28.750661159831438,99.0661381683784,994,4095,STABLE,Unhealthy
28.2,97.82057662809066,87,81,VIBRATING,Unhealthy for Sensitive Groups
28.6,99.33529373696022,85,70,VIBRATING,Moderate
27.3,95.08109722146466,397,710,STABLE,Moderate
29.0,97.55099735164437,438,319,STABLE,Moderate
31.9,93.8368079097726,269,612,VIBRATING,Moderate
28.6,97.20866469122268,576,1024,STABLE,Moderate
31.6,98.4254245387173,3179,4013,STABLE,Unhealthy
31.5,98.31202017381366,584,1017,STABLE,Moderate
30.2,97.86269289860651,1435,1667,STABLE,Unhealthy for Sensitive Groups
25.3,96.83944631704219,411,1000,STABLE,Moderate
32.3,96.90196064523033,4066,3369,VIBRATING,Unhealthy
27.7,96.69687625934796,679,843,STABLE,Moderate
30.9,96.31075866724787,2183,129,STABLE,Unhealthy
28.39483032,97.44380501385696,73,70,STABLE,Unhealthy for Sensitive Groups
29.0,97.2095013374003,836,1548,STABLE,Unhealthy for Sensitive Groups
30.7,96.9823324964493,1717,1993,STABLE,Unhealthy for Sensitive Groups
33.5,98.3598704908859,722,1023,STABLE,Moderate
26.3,96.97141137898035,85,230,STABLE,Good
31.6,97.10095930069096,1201,1284,STABLE,Unhealthy for Sensitive Groups
33.6,93.0408254659185,2653,579,STABLE,Unhealthy
24.8,95.90203047309625,3107,568,STABLE,Unhealthy
30.3,97.60370981653297,72,102,VIBRATING,Moderate
28.35746384,97.56715194762539,84,83,STABLE,Unhealthy for Sensitive Groups
28.7,98.06846165670638,86,224,STABLE,Unhealthy
28.21706676,96.09362028006564,86,80,STABLE,Unhealthy for Sensitive Groups
24.7,97.46117791989492,1581,1833,STABLE,Unhealthy for Sensitive Groups
25.8,98.06117705222576,149,205,STABLE,Good
24.0,99.3155792126684,174,74,VIBRATING,Good
24.7,98.11237056606299,3708,3912,STABLE,Unhealthy
32.4,97.88545645094449,892,1163,STABLE,Unhealthy for Sensitive Groups
33.9,96.86961134543832,444,1154,STABLE,Moderate
29.1,99.5284504909124,47,92,STABLE,Unhealthy
26.2,98.31640934599262,96,104,STABLE,Good
24.5,97.31241033600037,680,349,STABLE,Moderate
28.6,97.45077180685416,120,166,STABLE,Good
28.0,92.62167652429338,83,78,VIBRATING,Moderate
28.1,98.37234050396954,1573,1893,STABLE,Unhealthy for Sensitive Groups
25.2,98.05330732886202,861,648,VIBRATING,Moderate
33.2,95.78465664077224,1281,834,STABLE,Unhealthy for Sensitive Groups
28.3,98.27012328410032,87,78,STABLE,Unhealthy for Sensitive Groups
24.4,98.90708941716592,1384,1073,STABLE,Unhealthy for Sensitive Groups
25.1,98.50034214269168,774,856,STABLE,Unhealthy for Sensitive Groups
25.6,96.01280295537902,534,489,STABLE,Moderate
31.4,99.3139074754827,95,44,STABLE,Good
26.2,98.8113859952326,614,2828,VIBRATING,Unhealthy
31.4,98.4017647372213,175,229,STABLE,Good
26.4,97.91317929963841,93,101,STABLE,Good
27.9,99.39300557031802,3911,3647,STABLE,Unhealthy
28.2,93.21487020634055,845,827,STABLE,Moderate
25.9,99.000231464261,73,86,STABLE,Good
33.6,99.19140314869973,746,491,VIBRATING,Moderate
33.6,94.96712758921022,2143,2204,STABLE,Unhealthy
24.7,98.30967747478252,822,458,STABLE,Moderate
34.1,97.40516528333282,96,59,STABLE,Good
28.0,97.62150219939119,777,473,STABLE,Moderate
28.934356491560692,97.75712260153792,307,4095,STABLE,Unhealthy
26.5,94.83235695076739,332,2825,STABLE,Unhealthy
33.4,98.73670876685195,214,73,STABLE,Good
27.0,95.43370782170103,912,1607,STABLE,Unhealthy for Sensitive Groups
28.47029971,96.57285983422415,85,84,VIBRATING,Unhealthy for Sensitive Groups
28.35303817,95.10216455154314,87,79,STABLE,Unhealthy for Sensitive Groups
28.9,94.4884301254158,240,2613,STABLE,Unhealthy
32.8,98.14348914155845,417,2206,STABLE,Unhealthy
32.4,96.14286478262649,2015,3165,STABLE,Unhealthy
31.95513973384249,98.19627032962173,4095,239,STABLE,Unhealthy
29.6,97.1939214712671,852,1106,STABLE,Moderate
32.3,96.17062120325384,1146,1620,STABLE,Unhealthy for Sensitive Groups
26.8,99.15902540256585,71,159,STABLE,Good
26.72027728,97.09764426974365,155,4095,STABLE,Unhealthy
29.13215828,94.39616831443718,47,94,STABLE,Unhealthy
30.4,96.33309983581648,374,329,STABLE,Moderate
32.8,96.164798467028,855,1298,STABLE,Unhealthy for Sensitive Groups
30.7,98.55181227667171,595,874,STABLE,Moderate
29.29750553,97.42239058425639,51,89,STABLE,Unhealthy
27.0,96.54878930806716,1078,1407,STABLE,Unhealthy for Sensitive Groups
25.4,96.43545578548888,945,778,STABLE,Unhealthy for Sensitive Groups
28.22660193,98.22420104741843,85,75,STABLE,Unhealthy for Sensitive Groups
28.4,94.1095656208735,86,75,STABLE,Unhealthy
26.6,99.38290567980549,43,93,STABLE,Good
28.6,98.5758596819586,1956,402,STABLE,Unhealthy
31.3,96.08805834422294,3515,3078,STABLE,Unhealthy
33.7,95.40675663892995,819,945,STABLE,Moderate
25.0,98.92350511648218,31,250,STABLE,Good
29.5,92.4208290788303,95,78,STABLE,Good
33.2,98.31655047605736,99,59,STABLE,Good
28.3,94.40957485373752,81,85,STABLE,Unhealthy for Sensitive Groups
29.5,96.79510777644907,637,777,STABLE,Moderate
29.06134689,95.76502504790714,46,88,STABLE,Unhealthy
29.1131161,95.6837612304965,201,88,STABLE,Unhealthy for Sensitive Groups
26.3,94.84925341893171,1587,1108,STABLE,Unhealthy for Sensitive Groups
28.8,98.21051487262862,87,75,STABLE,Moderate
31.52894658624426,98.76093148455871,311,2539,STABLE,Unhealthy
27.8,98.18917880775822,139,81,STABLE,Good
29.08043121,98.01549055159985,47,90,STABLE,Unhealthy
28.5,97.2641628032265,85,118,STABLE,Good
24.3,98.88040022673731,1147,807,STABLE,Unhealthy for Sensitive Groups
33.7,95.11367379708659,3973,2231,VIBRATING,Unhealthy
31.6,97.22743108661962,150,239,STABLE,Good
31.5,99.05984674111832,2195,2557,STABLE,Unhealthy
24.5,97.95389373059672,1593,1096,STABLE,Unhealthy for Sensitive Groups
28.77900846,94.80500529897793,68,235,VIBRATING,Unhealthy
30.332905963993127,96.42516650114402,3972,568,STABLE,Unhealthy
29.6,95.22471522358047,175,80,STABLE,Good
32.6,95.87775831865,1433,1248,STABLE,Unhealthy for Sensitive Groups
28.6,94.99209028511152,85,81,STABLE,Unhealthy for Sensitive Groups
28.46077738,96.06571450090657,83,4095,STABLE,Unhealthy
30.2,96.50600488312168,322,2103,STABLE,Unhealthy
30.1,98.49770250594433,96,58,STABLE,Good
25.2,97.18956214893429,275,614,STABLE,Moderate
25.6,97.27995657868684,217,83,STABLE,Good
32.562580371847716,98.7525171097904,945,3179,VIBRATING,Unhealthy
27.08448753,97.6381802259278,148,82,STABLE,Good
29.4,94.30380915009712,2642,2861,STABLE,Unhealthy
28.2,95.13065654370104,82,78,STABLE,Good
25.8,95.0676913903818,1732,967,STABLE,Unhealthy for Sensitive Groups
28.9,95.17271072769628,67,67,VIBRATING,Good
29.3,93.55428861032046,75,82,STABLE,Moderate
29.4,96.08577418784675,75,82,VIBRATING,Moderate
31.6,97.04162691060452,86,46,STABLE,Good
30.68446900036115,96.9351608300191,699,3421,STABLE,Unhealthy
30.2,97.5392974744208,1484,838,STABLE,Unhealthy for Sensitive Groups
33.2,98.65041970474861,220,212,STABLE,Good
28.2,96.73189033421559,274,827,STABLE,Moderate
28.45588778,97.15821576400319,52,127,STABLE,Unhealthy for Sensitive Groups
30.2,96.89045849925557,446,2383,STABLE,Unhealthy
25.7,98.20884038531065,65,89,STABLE,Good
27.6,95.50857513485073,93,175,STABLE,Good
31.8,95.91702942500724,96,201,STABLE,Good
31.8,97.98303000684875,285,946,STABLE,Moderate
32.7,97.2078402790612,373,1007,STABLE,Moderate
28.26255646,94.77599705780838,86,77,VIBRATING,Unhealthy for Sensitive Groups
28.37524278,96.76680644532527,86,84,STABLE,Unhealthy for Sensitive Groups
26.9,95.86065268986921,2517,2319,STABLE,Unhealthy
24.4,96.4625658816927,58,110,VIBRATING,Good
28.3,96.5649118847946,91,80,STABLE,Moderate
25.5,96.03828352576406,1563,1288,STABLE,Unhealthy for Sensitive Groups
30.0,99.16074272348207,2399,529,STABLE,Unhealthy
33.2,98.16213214460979,600,390,STABLE,Moderate
26.5,98.2521958566678,115,54,STABLE,Good
28.8,94.96739884740855,155,212,STABLE,Good
32.4,96.7061706845336,673,3746,STABLE,Unhealthy
31.2,97.73249352324599,229,3670,STABLE,Unhealthy
27.9,99.13219342182879,362,590,STABLE,Moderate
28.1,96.47933368567604,3128,473,STABLE,Unhealthy
33.2,97.48915482701088,2364,45,STABLE,Unhealthy
34.0,93.20503824745083,118,3580,STABLE,Unhealthy
28.3,97.52548919479904,85,75,STABLE,Unhealthy
28.39976926,94.68225004620942,86,79,STABLE,Unhealthy for Sensitive Groups
30.9,98.93277070598849,846,802,STABLE,Moderate
33.6,97.15955305518352,1076,1873,STABLE,Unhealthy for Sensitive Groups
24.4,98.11712605381292,1654,706,STABLE,Unhealthy for Sensitive Groups
24.0,97.08558308310563,2789,318,VIBRATING,Unhealthy
31.0,99.11517680559395,340,2426,STABLE,Unhealthy
28.0,99.44350314318739,181,90,STABLE,Moderate
26.4,98.8434381887202,220,173,STABLE,Good
28.31350013,96.65079776469736,73,70,VIBRATING,Unhealthy for Sensitive Groups
27.0,99.32914674594218,100,143,STABLE,Good
25.76220867,99.2108088592867,72,84,STABLE,Good
32.0,97.74020580374429,3566,3198,STABLE,Unhealthy
25.2,94.28312782149806,1236,1277,STABLE,Unhealthy for Sensitive Groups
25.3,99.36602247645519,246,240,STABLE,Good
30.3,96.21025502574135,67,80,STABLE,Moderate
27.8,97.44028454452089,35,143,STABLE,Good
30.2,98.84524460905942,68,112,VIBRATING,Unhealthy for Sensitive Groups
29.78918491,97.50080234905813,71,73,STABLE,Unhealthy
32.2,96.24562230933981,990,739,STABLE,Unhealthy for Sensitive Groups
24.5,98.96961677847021,620,403,STABLE,Moderate
25.6,97.01281978325751,246,235,STABLE,Good
25.3,96.38501304495198,489,3557,STABLE,Unhealthy
32.4,95.00822545133181,1052,1265,STABLE,Unhealthy for Sensitive Groups
28.5,98.44094303284521,76,94,STABLE,Good
27.4,93.56466177733535,207,38,STABLE,Good
26.87596063,97.47705859179489,151,4095,STABLE,Unhealthy
32.6,97.50441690126138,712,719,STABLE,Moderate
27.8,96.78107642329368,3966,532,STABLE,Unhealthy
28.8,95.73100032694576,105,82,STABLE,Moderate
33.3,96.69672962882699,520,1019,STABLE,Moderate
26.5,97.28429739319431,1630,1339,STABLE,Unhealthy for Sensitive Groups
31.9,96.40384112262842,236,223,STABLE,Good
27.1,96.15371158634873,822,3264,STABLE,Unhealthy
25.0,95.34004427421513,74,93,STABLE,Good
29.8,97.0759492935843,516,989,STABLE,Moderate
27.6,96.16071358363729,646,1123,STABLE,Moderate
25.396175539482435,98.31308061479083,4095,4095,STABLE,Unhealthy
27.5,98.59976601528268,89,80,STABLE,Moderate
28.23168161,98.4902358548333,87,81,STABLE,Unhealthy for Sensitive Groups
27.2,97.88197536906709,837,349,STABLE,Moderate
24.8,97.10114449550892,273,3734,STABLE,Unhealthy
27.7,99.13650077193897,3768,793,STABLE,Unhealthy
28.45564187,99.26805560177247,86,83,STABLE,Unhealthy for Sensitive Groups
29.921568768351925,99.25598698807067,4095,4095,STABLE,Unhealthy
32.1,98.87956144651555,705,514,STABLE,Moderate
25.4,94.41871340134934,73,85,STABLE,Good
24.2,98.87731327105595,346,632,STABLE,Moderate
31.8,97.37500220757828,739,559,STABLE,Moderate
28.9,97.28245115675567,1831,2155,STABLE,Unhealthy
29.62596826,98.60556975333814,66,77,STABLE,Good
31.6,94.91536133160517,185,110,STABLE,Good
24.1,97.26622209109566,204,206,STABLE,Good
27.7957878694166,98.59575448991362,4095,4095,STABLE,Unhealthy
33.8,97.10196682415025,79,38,STABLE,Good
29.0,94.17536967284862,46,88,VIBRATING,Unhealthy
26.6,93.48161697257287,771,584,STABLE,Moderate
30.6,97.57473553221345,1185,721,STABLE,Unhealthy for Sensitive Groups
24.9,97.62510184110066,231,139,STABLE,Good
26.5,96.43484982686525,706,535,STABLE,Moderate
29.0,96.30056871999481,3714,317,VIBRATING,Unhealthy
26.0,97.3725416621236,477,295,STABLE,Moderate
33.7,98.53961952186889,847,805,STABLE,Moderate
28.4,96.46473924580137,83,79,VIBRATING,Unhealthy
26.9,98.88042855994226,3737,670,STABLE,Unhealthy
33.3,97.7527135188357,1158,1040,STABLE,Unhealthy for Sensitive Groups
31.1,98.46098458904402,1643,1096,STABLE,Unhealthy for Sensitive Groups
31.8,97.81527375677747,1780,935,STABLE,Unhealthy for Sensitive Groups
28.5,95.46993949070078,84,66,STABLE,Moderate
31.1,98.16685090305928,3299,3970,STABLE,Unhealthy
24.8,97.04886940921646,2791,3645,STABLE,Unhealthy
30.3,95.81565767883167,1758,1148,STABLE,Unhealthy for Sensitive Groups
28.3917633,99.04257187110247,86,83,STABLE,Unhealthy for Sensitive Groups
31.9,97.81018133096347,79,116,STABLE,Good
25.8,94.16978421527007,1121,1233,STABLE,Unhealthy for Sensitive Groups
32.6,98.3548150016108,1271,1473,STABLE,Unhealthy for Sensitive Groups
32.3,97.83994647745573,852,1999,STABLE,Unhealthy for Sensitive Groups
32.0,96.46343107384213,3551,230,STABLE,Unhealthy
28.63862452,98.09498844251247,96,87,VIBRATING,Unhealthy
31.6,98.28822003592961,922,1226,STABLE,Unhealthy for Sensitive Groups
26.1,98.02734191584827,785,1636,STABLE,Unhealthy for Sensitive Groups
31.3,93.67950966758144,1475,879,STABLE,Unhealthy for Sensitive Groups
33.1,96.99502677206061,570,600,STABLE,Moderate
24.4,96.9589230704658,31,141,STABLE,Good
25.8,96.1361909560581,3623,3680,STABLE,Unhealthy
26.6,95.06304837788866,524,453,STABLE,Moderate
28.30386847,96.21919795294446,86,77,STABLE,Unhealthy for Sensitive Groups
30.2,98.5858618863571,68,115,STABLE,Unhealthy for Sensitive Groups
30.1,97.19709000559946,127,47,STABLE,Good
30.9,97.56971608705904,971,1589,STABLE,Unhealthy for Sensitive Groups
31.5,98.80922724876189,3739,3352,STABLE,Unhealthy
32.4,96.1717080606781,832,323,STABLE,Moderate
27.4,93.20815751702565,822,3418,STABLE,Unhealthy
27.886312345955936,98.37939870125136,4095,4095,STABLE,Unhealthy
32.9,96.70484771207866,121,136,STABLE,Good
26.0,97.80963545793104,2914,991,VIBRATING,Unhealthy
30.0,94.32012897042893,1271,785,STABLE,Unhealthy for Sensitive Groups
28.3,96.83774614669217,85,73,STABLE,Unhealthy for Sensitive Groups
26.6,97.63280653829612,2824,3114,STABLE,Unhealthy
33.5,99.5084958086617,1459,1611,VIBRATING,Unhealthy for Sensitive Groups
25.6,98.81457987650396,156,41,STABLE,Good
29.2,97.56272866766498,381,4005,STABLE,Unhealthy
33.5,95.50470890537335,60,66,STABLE,Good
29.8,94.73179788531193,95,77,STABLE,Good
25.58863975,93.2097266361088,66,90,STABLE,Good
31.6,97.21827185448295,3767,1114,STABLE,Unhealthy
31.3,97.4281646327855,249,142,STABLE,Good
25.6,95.64613708259442,72,85,STABLE,Good
32.8,96.6171235937615,604,824,STABLE,Moderate
29.1,96.74841872952418,30,211,VIBRATING,Good
28.5,99.02641980445517,393,883,STABLE,Moderate
32.7,95.66743145373474,764,869,STABLE,Unhealthy for Sensitive Groups
24.2,96.29996016552093,149,171,STABLE,Good
28.3,99.27005378018916,75,70,STABLE,Moderate
27.7,97.5938235089946,708,574,STABLE,Moderate
32.9,97.26879669071182,3721,2613,STABLE,Unhealthy
26.6,99.02305431734604,2424,343,STABLE,Unhealthy
30.2,96.81302302302058,96,57,VIBRATING,Good
32.8,97.69525565421691,145,146,STABLE,Good
25.5,91.70220051113863,65,89,VIBRATING,Good
30.8,97.59670663004016,852,875,VIBRATING,Unhealthy for Sensitive Groups
28.62542246,97.49780882693916,84,83,STABLE,Unhealthy for Sensitive Groups
30.6,93.20719568672956,82,75,STABLE,Good
34.1,92.18741207849537,98,60,STABLE,Good
28.51033897,96.2611435043291,86,81,STABLE,Unhealthy
24.4,98.56775584410862,875,1121,STABLE,Moderate
31.4,96.77815763235256,850,768,STABLE,Unhealthy for Sensitive Groups
30.8,97.7293266606765,522,828,STABLE,Moderate
29.5,94.90345163177717,2260,3487,STABLE,Unhealthy
33.6,98.62641644389501,559,310,STABLE,Moderate
32.8,99.26672976535129,1084,1981,STABLE,Unhealthy for Sensitive Groups
27.8,96.08328399162879,83,78,VIBRATING,Moderate
30.7,99.30035559343133,759,1765,STABLE,Unhealthy for Sensitive Groups
30.1,97.01926153268077,527,3639,STABLE,Unhealthy
31.3,91.98876475294557,133,124,STABLE,Good
31.6,98.1036281324798,41,146,STABLE,Good
29.1,99.0697042370638,1024,1014,STABLE,Unhealthy for Sensitive Groups
24.6,95.06101604813465,2624,592,STABLE,Unhealthy
26.77140592,97.39721276935498,151,4095,STABLE,Unhealthy
26.8,97.24243899769742,814,846,STABLE,Moderate
26.9,97.74165689534203,101,181,STABLE,Good
33.7,98.05592216936932,1141,762,STABLE,Unhealthy for Sensitive Groups
31.3,98.8543537953326,830,701,STABLE,Moderate
25.3,97.74664051455419,130,3915,STABLE,Unhealthy
28.6,97.62089231520305,86,82,STABLE,Unhealthy for Sensitive Groups
28.9,95.48534101840643,550,281,STABLE,Moderate
28.1,99.04623595943119,181,85,STABLE,Moderate
25.0,94.79949584165819,249,169,STABLE,Good
26.2,96.5838917663919,481,552,STABLE,Moderate
28.2061517,98.77127283331505,85,75,STABLE,Unhealthy for Sensitive Groups
29.2,99.28774054993153,47,91,STABLE,Unhealthy
29.3,94.83748519484219,2720,864,STABLE,Unhealthy
28.3903724,98.05129641136678,86,75,VIBRATING,Unhealthy for Sensitive Groups
24.7,98.07580019882168,283,3820,STABLE,Unhealthy
31.5,96.86082162953869,399,3002,STABLE,Unhealthy
28.7,95.80921607954174,81,94,STABLE,Moderate
29.9,98.44238485299805,68,87,STABLE,Moderate
33.9,97.8595446383015,197,78,STABLE,Good
31.8,98.18119369392964,826,475,STABLE,Moderate
28.2,95.88341092095807,161,226,STABLE,Good
26.6,97.83117268671766,1285,1376,VIBRATING,Unhealthy for Sensitive Groups
29.2,97.9929371249235,760,1138,STABLE,Moderate
33.5,94.95039674277822,1564,1530,STABLE,Unhealthy for Sensitive Groups
28.1,94.555575852737,924,1908,STABLE,Unhealthy for Sensitive Groups
28.30699096,96.93078629165504,85,4095,VIBRATING,Unhealthy
33.4,97.72540886216393,808,529,STABLE,Moderate
24.9,98.91407797775788,221,141,STABLE,Good
26.267420065996756,98.37907186431794,579,4095,STABLE,Unhealthy
28.0,97.33277393089168,246,2866,STABLE,Unhealthy
27.7,97.09891360423592,348,841,STABLE,Moderate
32.1,96.42165769244653,560,3753,VIBRATING,Unhealthy
26.1,98.09318861151422,72,86,VIBRATING,Good
32.4,98.64664506025375,932,1462,STABLE,Unhealthy for Sensitive Groups
25.7,98.51014539645148,737,296,STABLE,Moderate
30.6,98.7259450193817,978,807,STABLE,Unhealthy for Sensitive Groups
28.4,98.39604009045968,85,84,STABLE,Unhealthy for Sensitive Groups
28.8,99.68378072453268,1792,718,STABLE,Unhealthy for Sensitive Groups
26.5,95.64012990634029,1627,790,STABLE,Unhealthy for Sensitive Groups
33.9,97.72822645830449,1831,2143,STABLE,Unhealthy
28.8,97.61477837176807,439,2997,STABLE,Unhealthy
32.1,97.66990057529324,570,3797,STABLE,Unhealthy
29.1,96.09397662854431,171,3845,STABLE,Unhealthy
33.6,93.13561977288435,739,1337,STABLE,Unhealthy for Sensitive Groups
28.24268492,98.85196927927264,86,83,STABLE,Unhealthy for Sensitive Groups
32.5,97.540298961152,112,209,STABLE,Good
28.7,98.1286334153512,1277,1560,STABLE,Unhealthy for Sensitive Groups
26.7,97.03872918955723,1932,2103,STABLE,Unhealthy
31.2,94.50080240928041,499,1167,STABLE,Moderate
28.36352661,99.19962656487999,90,80,STABLE,Unhealthy for Sensitive Groups
30.8,98.30652545323461,1476,1792,STABLE,Unhealthy for Sensitive Groups
30.5,91.72395289167798,237,49,VIBRATING,Good
24.3,98.92108995671663,3277,909,STABLE,Unhealthy
32.1,98.52816176830271,173,126,STABLE,Good
31.4,95.4984922927315,1869,75,STABLE,Unhealthy
28.0,97.12078515852399,3641,801,STABLE,Unhealthy
29.07067882,96.6562855392646,47,89,STABLE,Unhealthy
29.91471118,97.66392606944326,62,90,STABLE,Unhealthy
33.8,99.05354129185042,452,790,STABLE,Moderate
29.1,97.65231426655686,100,91,STABLE,Good
28.44472459,95.84072022583479,85,83,VIBRATING,Unhealthy for Sensitive Groups
31.2,97.8661586882514,646,1056,STABLE,Moderate
29.1,96.47593688642074,109,83,STABLE,Moderate
28.5060748,95.43173451606641,53,140,STABLE,Unhealthy
25.7,96.63510757712338,203,3446,STABLE,Unhealthy
28.52370279,95.88972926725032,86,81,STABLE,Unhealthy for Sensitive Groups
27.4,96.76695235995881,823,661,STABLE,Moderate
29.4,97.1577125731381,75,82,STABLE,Moderate
30.5,93.96696415077328,84,163,STABLE,Good
32.6,94.34208155230709,193,233,STABLE,Good
28.56257097,99.04784121916371,86,81,STABLE,Unhealthy for Sensitive Groups
28.9,98.05980578075415,1241,1357,STABLE,Unhealthy for Sensitive Groups
26.6,95.8283114630735,413,2244,STABLE,Unhealthy
29.0,97.81553872485496,4024,2433,STABLE,Unhealthy
27.8,98.8604843264715,1692,825,STABLE,Unhealthy for Sensitive Groups
33.6,97.3775708380069,473,1114,STABLE,Moderate
27.5,96.70789823581063,637,853,STABLE,Moderate
28.15690845,93.28960439328607,86,83,STABLE,Unhealthy for Sensitive Groups
24.9,99.14066549968312,4090,2246,STABLE,Unhealthy
27.6,97.0698874160894,89,66,STABLE,Moderate
26.1,98.31686586679679,3318,3183,STABLE,Unhealthy
27.7,93.84081093171521,651,831,STABLE,Moderate
32.9,96.9788667644191,786,1170,STABLE,Unhealthy for Sensitive Groups
24.0,92.74898768194134,1095,1942,STABLE,Unhealthy for Sensitive Groups
31.2,95.65401593782889,82,128,STABLE,Good
28.93110203,96.78109733553033,72,71,STABLE,Unhealthy for Sensitive Groups
29.04143599,95.38081117693339,74,79,STABLE,Unhealthy
26.0,98.91102191294132,514,2111,STABLE,Unhealthy
33.5,96.86811460622827,311,2419,STABLE,Unhealthy
30.5,98.6095696420664,3456,689,STABLE,Unhealthy
27.5,96.82415063357992,1356,1787,STABLE,Unhealthy for Sensitive Groups
33.5,95.2380548725522,3985,2800,VIBRATING,Unhealthy
30.1,97.90666180561514,3736,1191,STABLE,Unhealthy
26.5,97.61316830750636,698,314,STABLE,Moderate
30.7,98.50352365875464,1522,1516,STABLE,Unhealthy for Sensitive Groups
28.2660199,95.84599269856481,87,83,STABLE,Unhealthy
26.2,97.47845006717796,63,94,VIBRATING,Good
25.8,96.85286645797405,1565,923,STABLE,Unhealthy for Sensitive Groups
25.2,97.78353258231762,2300,573,STABLE,Unhealthy
28.5,96.25502572674061,85,69,VIBRATING,Moderate
27.5,97.29743330107308,3292,617,STABLE,Unhealthy
26.3,97.10321983688003,72,86,STABLE,Good
27.7,95.5632471285062,1259,1031,STABLE,Unhealthy for Sensitive Groups
29.6,98.99995175824367,3198,3591,STABLE,Unhealthy
29.8,98.23041085651451,236,168,STABLE,Good
29.0,99.4847951810197,48,87,VIBRATING,Unhealthy for Sensitive Groups
24.2,95.54581949487081,4016,853,STABLE,Unhealthy
28.9,98.67933793338526,192,81,STABLE,Moderate
28.2,97.33649049363282,87,85,VIBRATING,Unhealthy
25.7,97.18754948082858,1731,1663,STABLE,Unhealthy for Sensitive Groups
33.6,98.34512860940664,212,2357,STABLE,Unhealthy
33.3,98.64226247797271,166,157,STABLE,Good
31.5,97.09502025146746,482,2338,VIBRATING,Unhealthy
28.61145661,98.95061067681998,86,83,STABLE,Unhealthy for Sensitive Groups
30.31626169,98.3814589348936,94,56,STABLE,Good
29.84694095,96.07273665150491,62,83,STABLE,Unhealthy
32.6,98.19083151604916,800,2895,STABLE,Unhealthy
24.7,98.5229896413089,2172,2036,STABLE,Unhealthy
29.6,97.75436932391695,683,348,STABLE,Moderate
27.2,96.48255544627395,2213,289,STABLE,Unhealthy
26.7,97.5091283612509,99,159,STABLE,Good
25.7,99.22306616662118,1755,1831,STABLE,Unhealthy for Sensitive Groups
28.3,96.8541998312976,837,830,STABLE,Moderate
30.2,96.34403962511622,69,117,STABLE,Unhealthy for Sensitive Groups
28.6,97.88652255969538,877,958,STABLE,Unhealthy for Sensitive Groups
29.05569343,99.69546169698786,46,87,STABLE,Unhealthy for Sensitive Groups
28.5,98.38660184400955,82,76,STABLE,Moderate
30.0,97.05534102700808,493,631,STABLE,Moderate
28.6,97.66677162399911,51,127,STABLE,Unhealthy for Sensitive Groups
29.9,98.55951575364176,756,257,STABLE,Moderate
26.1,94.64083933061359,77,91,STABLE,Good
27.0,96.76517814614654,195,96,STABLE,Good
31.8,94.47312892875591,950,1844,STABLE,Unhealthy for Sensitive Groups
31.8,95.32268267235573,3899,489,STABLE,Unhealthy
28.866275687573314,98.16809799551494,4095,4095,STABLE,Unhealthy
28.38410617,95.09537892675294,86,84,VIBRATING,Unhealthy for Sensitive Groups
26.7,96.89820178521406,1921,3523,STABLE,Unhealthy
26.71045955,96.53627048486607,155,4095,STABLE,Unhealthy
30.4,96.5168478774185,1383,1146,VIBRATING,Unhealthy for Sensitive Groups
32.3,96.39352294934845,37,109,STABLE,Good
27.4,99.42093422704265,221,219,STABLE,Good
27.6,95.56357938785318,790,1589,STABLE,Unhealthy for Sensitive Groups
33.6,98.91476138808784,98,59,STABLE,Good
33.0,98.21788007839605,179,203,STABLE,Good
28.7,95.54415719464312,175,104,STABLE,Moderate
28.8,96.53435879059234,54,161,STABLE,Good
25.7,93.46514443371613,72,85,STABLE,Good
32.5,99.46371109639395,199,48,STABLE,Good
32.7,96.93953279098554,92,202,STABLE,Good
29.0,97.4986060025504,2081,728,STABLE,Unhealthy
26.7,98.10412999564285,139,89,STABLE,Good
29.3,99.08117527668652,48,93,STABLE,Good
29.15250315,95.99987316573036,47,93,STABLE,Unhealthy
28.8,96.60313610935012,191,82,STABLE,Moderate
30.2,98.75936367263058,805,868,STABLE,Moderate
26.2,98.10673636344471,388,497,STABLE,Moderate
27.453178258803078,98.21454924133164,854,2839,STABLE,Unhealthy
31.2,96.28517476172777,425,371,STABLE,Moderate
29.6,95.005028256734,2186,314,STABLE,Unhealthy
25.0,97.66631960689533,32,137,STABLE,Good
24.0,95.37531576900832,2866,220,STABLE,Unhealthy
29.8,98.2708734079005,68,79,STABLE,Moderate
27.2,98.10167141142034,256,609,STABLE,Moderate
28.7,95.21034264051366,355,597,STABLE,Moderate
28.9,97.55359159889181,958,4016,STABLE,Unhealthy
32.5,96.63015118632768,90,59,STABLE,Good
31.6,98.50449355539311,41,211,STABLE,Good
28.57008387,98.73142906610998,86,81,STABLE,Unhealthy
26.7,98.8064996744974,44,92,VIBRATING,Good
26.7,93.19382317008443,1332,846,STABLE,Unhealthy for Sensitive Groups
26.3,97.28039154536901,63,94,STABLE,Good
28.5,97.31726905519136,87,81,VIBRATING,Unhealthy for Sensitive Groups
28.9,98.20688103338905,78,82,STABLE,Moderate
26.3,97.95845959192478,143,246,STABLE,Good
31.5,95.6522462707596,989,2016,STABLE,Unhealthy
26.6,96.62714832440506,1564,969,STABLE,Unhealthy for Sensitive Groups
33.0,95.21811472335813,199,209,STABLE,Good
33.2,97.0064915902812,3016,3045,STABLE,Unhealthy
33.9,93.94523685882457,178,48,STABLE,Good
27.8,98.35446000015466,3940,450,STABLE,Unhealthy
28.88096582,96.34901102659035,70,207,STABLE,Unhealthy for Sensitive Groups
28.4,98.61603637166984,87,85,STABLE,Unhealthy for Sensitive Groups
26.8,94.44140739888996,45,93,STABLE,Good
33.7,94.71735243997881,707,2383,STABLE,Unhealthy
31.5,98.85531561250573,639,1139,STABLE,Moderate
30.6,97.46693034880681,97,58,STABLE,Good
24.7,96.96746421031152,3618,2713,STABLE,Unhealthy
24.6,97.29330167395354,648,566,STABLE,Moderate
32.7,98.88066787943069,90,59,STABLE,Good
28.9,98.09862481275589,1056,1027,STABLE,Unhealthy for Sensitive Groups
31.0,96.16773690690835,1776,975,STABLE,Unhealthy for Sensitive Groups
28.1,96.5742521500712,803,3758,STABLE,Unhealthy
25.86992948,97.81616595909985,65,89,VIBRATING,Good
29.35721106,93.50321018264387,71,79,STABLE,Unhealthy
31.2,98.782735948825,981,1699,STABLE,Unhealthy for Sensitive Groups
25.8,94.26075021706035,1319,1276,STABLE,Unhealthy for Sensitive Groups
28.2,95.96785402120328,63,106,STABLE,Unhealthy
33.5,98.97572864737836,683,2521,STABLE,Unhealthy
32.5,98.4481919892707,633,501,STABLE,Moderate
30.3,99.30622830472561,78,40,STABLE,Good
29.4,98.64476960764183,646,3614,STABLE,Unhealthy
28.3026614,95.62078648321531,86,78,STABLE,Unhealthy
26.1,97.5031326121225,3598,544,STABLE,Unhealthy
26.6,96.59576234823119,1822,100,STABLE,Unhealthy
32.3,98.16047397559808,3501,1398,STABLE,Unhealthy
28.33250184,98.37779330639744,86,79,VIBRATING,Unhealthy for Sensitive Groups
29.97162093,91.99689106551516,71,244,STABLE,Unhealthy
31.0,97.99188835194889,260,1160,STABLE,Moderate
32.5,97.56534394345643,553,751,STABLE,Moderate
27.3,95.94211593379255,3144,3686,STABLE,Unhealthy
32.5,97.86370858253912,2057,953,VIBRATING,Unhealthy
27.4,97.50840689137006,791,398,STABLE,Moderate
29.8,98.89595632711779,3799,3109,STABLE,Unhealthy
33.8,98.94605721789614,1236,1865,STABLE,Unhealthy for Sensitive Groups
29.5,97.44412696788199,1315,1675,STABLE,Unhealthy for Sensitive Groups
24.3,98.38671565028055,3511,191,STABLE,Unhealthy
28.579631336363686,97.24247126481944,300,2830,STABLE,Unhealthy
28.3,95.03197228678256,85,75,STABLE,Unhealthy
27.9,96.99097414089564,727,1647,STABLE,Unhealthy for Sensitive Groups
31.6,98.66987259717126,418,3229,STABLE,Unhealthy
33.0,94.27203316193328,856,1453,STABLE,Unhealthy for Sensitive Groups
28.9,95.54115390644085,1009,922,STABLE,Unhealthy for Sensitive Groups
27.5,97.32791665002087,3839,3199,STABLE,Unhealthy
33.6,94.61363357585499,494,868,STABLE,Moderate
26.7,97.96754637510142,714,3167,STABLE,Unhealthy
27.7,97.24137344593315,58,179,STABLE,Good
30.9,97.26910588246653,3758,610,STABLE,Unhealthy
29.47788674,92.33588268820533,73,81,STABLE,Unhealthy for Sensitive Groups
29.5,96.19807251074988,67,77,VIBRATING,Moderate
26.6,95.89937470364042,1571,828,VIBRATING,Unhealthy for Sensitive Groups
29.6,98.78804880297724,528,1010,STABLE,Moderate
33.6,97.20444166734906,836,1649,STABLE,Unhealthy for Sensitive Groups
24.2,96.06856368579699,2200,263,STABLE,Unhealthy
29.5,98.57807204101171,332,609,STABLE,Moderate
28.8,98.18982713411185,54,94,VIBRATING,Good
30.6,95.904005449716,98,57,STABLE,Good
27.8,98.17227676959119,1473,1875,STABLE,Unhealthy for Sensitive Groups
33.5,95.75106413664683,156,212,STABLE,Good
30.4,96.52404984746349,274,2610,STABLE,Unhealthy
27.2,97.26271306159457,836,735,STABLE,Moderate
28.5,96.85689808555765,86,77,STABLE,Unhealthy for Sensitive Groups
32.6,97.26286676720167,102,205,STABLE,Good
27.7,97.54848647706162,2877,3502,STABLE,Unhealthy
31.3,97.27694918604176,51,162,STABLE,Good
33.8,95.82067343869728,349,2855,STABLE,Unhealthy
30.4,95.97675398736249,71,2229,STABLE,Unhealthy
27.8,95.5253857678502,89,81,STABLE,Moderate
33.1,96.83026144061421,95,59,STABLE,Good
33.4,96.9137963473457,1487,795,STABLE,Unhealthy for Sensitive Groups
28.7,98.02305666368389,88,70,STABLE,Moderate
30.0,99.55596551725718,358,327,STABLE,Moderate
33.7,96.85526702818406,227,96,STABLE,Good
25.3,98.43405143496415,57,66,STABLE,Good
28.29526486,98.70574328697094,85,77,STABLE,Unhealthy for Sensitive Groups
29.8,95.71985093025592,209,33,STABLE,Good
27.9,98.86367407658182,411,3176,STABLE,Unhealthy
25.4,99.08995130357665,731,2591,STABLE,Unhealthy
25.3,98.77708958113794,1438,1646,STABLE,Unhealthy for Sensitive Groups
29.09065137,98.51443709964845,47,90,STABLE,Unhealthy
28.4,96.25142884890926,838,3254,STABLE,Unhealthy
24.2,94.67055727736937,436,986,STABLE,Moderate
26.1,93.66985848073156,2608,650,STABLE,Unhealthy
29.3,96.131422628717,3555,2834,STABLE,Unhealthy
25.3,98.91074709793949,1426,1439,STABLE,Unhealthy for Sensitive Groups
26.5,99.25046212755467,2112,587,STABLE,Unhealthy
26.5,98.37202017096513,4049,437,STABLE,Unhealthy
27.3,98.79631081815874,629,499,STABLE,Moderate
25.9,94.49726488844337,287,2122,STABLE,Unhealthy
29.1,98.1366634712921,514,2205,STABLE,Unhealthy
28.32557503,96.00058356369964,86,75,STABLE,Unhealthy
28.6,98.48034466723853,43,250,STABLE,Good
32.6,95.81169510301831,998,2154,STABLE,Unhealthy
28.9,97.84020895402935,1762,1983,STABLE,Unhealthy for Sensitive Groups
33.5,98.2055298067059,135,191,STABLE,Good
27.5,96.26595917318905,477,581,STABLE,Moderate
30.1,95.54202922644542,96,57,VIBRATING,Good
24.8,96.20961495852995,235,3613,STABLE,Unhealthy
30.1,98.62320154444024,66,90,VIBRATING,Unhealthy
26.1,99.46206657330163,67,90,STABLE,Good
24.8,98.86642659149436,1337,715,STABLE,Unhealthy for Sensitive Groups
33.4,97.10886954154856,732,344,STABLE,Moderate
31.6,97.16027109980315,1106,1978,STABLE,Unhealthy for Sensitive Groups
25.9,95.3238946966027,73,86,STABLE,Good
24.068695314148695,98.50342162102383,247,3074,STABLE,Unhealthy
26.1,94.21836632007137,73,86,STABLE,Good
28.9,96.22115789856976,216,181,STABLE,Good
26.5,95.09964705325137,44,93,VIBRATING,Good
25.0,97.77761229413424,3775,441,STABLE,Unhealthy
25.864676108355564,97.2684600121127,4095,4095,STABLE,Unhealthy
28.8,95.91013578030214,218,109,STABLE,Good
31.1,97.82047603360053,540,631,STABLE,Moderate
26.8,97.16213628298367,370,1156,STABLE,Moderate
26.1,95.05201245652283,554,877,STABLE,Moderate
27.4,98.00717859458024,87,70,STABLE,Moderate
28.23284066,96.33923359096183,55,114,STABLE,Unhealthy
27.2,97.83075981458896,3320,272,STABLE,Unhealthy
31.5,95.1403209023685,1684,1945,STABLE,Unhealthy for Sensitive Groups
31.5,93.8029348048748,171,50,STABLE,Good
33.0,96.3162568249715,95,247,STABLE,Good
31.26201326,98.56896684415017,86,60,STABLE,Good
32.4,96.47144314992829,1541,1601,STABLE,Unhealthy for Sensitive Groups
26.7,95.87016918254713,63,60,STABLE,Good
29.0,96.5233955087709,46,89,STABLE,Unhealthy
31.7,96.68006162655222,3907,360,STABLE,Unhealthy
26.7,99.77539762898726,64,95,STABLE,Good
32.0,99.51721602393769,3443,438,STABLE,Unhealthy
29.21256132,96.70730930628218,47,91,STABLE,Unhealthy
33.5,95.35117005396253,2307,791,STABLE,Unhealthy
30.3,96.18966180956009,70,219,STABLE,Good
26.037855392718384,98.21515996307022,4095,540,STABLE,Unhealthy
28.6,96.0847933385156,326,353,STABLE,Moderate
28.32047407,98.77396047892975,85,81,STABLE,Unhealthy for Sensitive Groups
32.6,99.17921816529103,1082,1381,STABLE,Unhealthy for Sensitive Groups
32.3,94.60746746305698,774,2354,STABLE,Unhealthy
31.6,98.57672960400271,877,655,STABLE,Moderate
30.2,97.78409540956629,68,81,STABLE,Moderate
24.183752934361113,96.55655454736143,722,2394,STABLE,Unhealthy
28.39903413,98.91835753814041,73,70,STABLE,Unhealthy for Sensitive Groups
29.0,97.48711704109284,208,89,STABLE,Moderate
29.5,96.52093933658671,66,75,STABLE,Moderate
28.5,97.0252895386414,85,70,STABLE,Moderate
28.3,97.74281314954692,181,86,VIBRATING,Moderate
33.1,98.34090382598438,732,981,STABLE,Moderate
24.9,92.67639406585607,3057,927,STABLE,Unhealthy
28.7,95.53897974827998,3575,3388,STABLE,Unhealthy
28.9,97.69738618752228,194,83,VIBRATING,Moderate
30.9,92.93209305289011,1860,3318,STABLE,Unhealthy
28.2,97.5945119679469,317,3382,STABLE,Unhealthy
25.3,95.12521500629407,836,2226,STABLE,Unhealthy
28.0,95.9934804576501,168,248,STABLE,Good
24.7,98.91655776472481,667,2156,STABLE,Unhealthy
24.2,96.26639298722331,3915,480,STABLE,Unhealthy
31.9,99.27659693615178,98,3133,STABLE,Unhealthy
29.8,96.60701543665877,66,80,STABLE,Moderate
24.3,97.03016797434412,1444,1143,STABLE,Unhealthy for Sensitive Groups
24.6,93.96454113411995,1142,1484,STABLE,Unhealthy for Sensitive Groups
28.3,97.1968089212486,85,75,STABLE,Unhealthy for Sensitive Groups
28.30975672,99.18985396553668,87,79,STABLE,Unhealthy for Sensitive Groups
31.7,96.4704940032196,905,1465,STABLE,Unhealthy for Sensitive Groups
33.9,95.47733233441514,510,2488,STABLE,Unhealthy
29.4,97.73421700788546,76,82,VIBRATING,Moderate
25.3,98.15197747588533,68,177,STABLE,Good
25.7,96.23464049452507,1603,1194,STABLE,Unhealthy for Sensitive Groups
31.1,96.08577956699106,1682,1168,STABLE,Unhealthy for Sensitive Groups
27.3,98.51174315889551,2891,263,STABLE,Unhealthy
28.3,97.5664336622027,800,805,STABLE,Moderate
30.3,97.16394349177897,643,688,STABLE,Moderate
27.1,96.58573523424117,166,208,STABLE,Good
28.9,98.09055308141932,508,1177,STABLE,Moderate
32.6,96.09715559344781,3680,1741,VIBRATING,Unhealthy
29.2,97.74312222931661,199,86,VIBRATING,Moderate
31.1,94.71267667174138,1257,1789,STABLE,Unhealthy for Sensitive Groups
27.2,98.29259595809776,975,1349,STABLE,Unhealthy for Sensitive Groups
29.4,97.65936373640508,31,143,STABLE,Good
24.6,96.48028833585155,1460,844,STABLE,Unhealthy for Sensitive Groups
28.2,95.98285970775687,55,136,VIBRATING,Unhealthy
25.6,99.01405114534671,929,1503,STABLE,Unhealthy for Sensitive Groups
25.4,97.27628519323346,844,692,STABLE,Moderate
29.5,96.4079879592793,67,75,STABLE,Good
29.2,95.6135453347913,3869,3396,STABLE,Unhealthy
28.27474913,97.51850117352612,86,77,STABLE,Unhealthy for Sensitive Groups
28.10371355,91.79329915725208,72,4095,STABLE,Unhealthy
28.3,98.3123690128954,3233,3560,STABLE,Unhealthy
28.1,97.60241686658236,182,87,STABLE,Moderate
28.3,97.62115460390191,78,71,VIBRATING,Moderate
27.0,97.23506225725521,554,509,STABLE,Moderate
26.6,97.94748495400492,210,2115,STABLE,Unhealthy
26.3,94.61161331852198,799,1077,STABLE,Moderate
24.8,98.94729957995828,3811,155,STABLE,Unhealthy
31.1,97.55786150014866,53,216,STABLE,Good
29.0,93.0445909719066,46,86,STABLE,Unhealthy for Sensitive Groups
31.8,99.56634478499582,2738,890,STABLE,Unhealthy
29.1,97.91866619808748,47,95,STABLE,Unhealthy
31.5,94.91235720879277,723,1926,STABLE,Unhealthy for Sensitive Groups
33.4,98.68884761995618,96,227,STABLE,Good
27.6,98.73612553776135,189,113,STABLE,Good
30.8,99.0111713938938,1482,1723,VIBRATING,Unhealthy for Sensitive Groups
28.3,94.20766618978635,85,75,STABLE,Unhealthy for Sensitive Groups
31.1,95.01226315869783,2047,616,STABLE,Unhealthy
28.0,97.40363591249115,1637,1038,STABLE,Unhealthy for Sensitive Groups
29.6,97.67377172772524,2328,2226,STABLE,Unhealthy
27.4,92.79717549343994,122,2391,STABLE,Unhealthy
26.85216788,98.88506260282547,151,4095,STABLE,Unhealthy
29.0,93.96952071859349,208,160,STABLE,Good
26.0,96.4055537399002,316,2325,STABLE,Unhealthy
29.10515958,97.35014351082658,47,93,STABLE,Unhealthy
29.62236805,97.44181433685819,56,89,STABLE,Unhealthy
28.5,94.3687800313351,3257,506,STABLE,Unhealthy
27.5,97.58969185447793,2578,242,STABLE,Unhealthy
32.4,98.65710134736227,88,38,STABLE,Good
30.9,99.24013444603565,357,268,STABLE,Moderate
24.3,98.75526876517017,473,1042,STABLE,Moderate
29.3,97.77356999273312,86,72,STABLE,Moderate
27.2,98.20344560816129,3290,547,STABLE,Unhealthy
32.5,94.0307723279421,172,212,STABLE,Good
27.437098821390748,98.01345134470176,259,3584,STABLE,Unhealthy
25.9,96.61924567692303,469,737,STABLE,Moderate
25.6,97.30595882303231,1918,4021,STABLE,Unhealthy
24.5,98.13578596464615,1564,883,STABLE,Unhealthy for Sensitive Groups
30.0,98.75343086275272,523,1114,VIBRATING,Moderate
33.6,95.09865396554405,889,905,STABLE,Unhealthy for Sensitive Groups
27.6,97.49654498397976,1798,954,STABLE,Unhealthy for Sensitive Groups
33.2,98.11946435709244,169,248,STABLE,Good
24.1,96.07708337651746,969,1135,STABLE,Unhealthy for Sensitive Groups
33.8,93.59120319468497,3230,110,STABLE,Unhealthy
27.4,96.16417414893462,849,1004,VIBRATING,Unhealthy for Sensitive Groups
33.689826775358014,97.82766828061459,4095,4095,STABLE,Unhealthy
26.0,98.55587187283396,73,86,VIBRATING,Good
33.1,99.61906150303828,754,646,STABLE,Moderate
25.5,99.6181705103354,2582,3680,STABLE,Unhealthy
34.0,97.63967182548538,3855,427,STABLE,Unhealthy
31.5,94.68237353591236,3472,3511,STABLE,Unhealthy
25.1,98.94800198742668,615,464,STABLE,Moderate
26.6,94.0254479246257,733,778,STABLE,Moderate
28.3,98.76985024024182,86,75,STABLE,Unhealthy for Sensitive Groups
29.84035758,96.44446781616652,72,243,VIBRATING,Unhealthy
27.3,97.0047893334099,550,3982,STABLE,Unhealthy
29.0,98.82047220097257,56,85,STABLE,Moderate
31.2,93.74612329685586,3723,1118,STABLE,Unhealthy
25.7,98.83140670271314,429,3762,STABLE,Unhealthy
26.2,97.08781820527257,164,31,STABLE,Good
26.7,99.30490764772863,237,148,STABLE,Good
33.9,96.13663967008634,519,870,STABLE,Moderate
28.49476611,98.68156242024725,87,77,STABLE,Unhealthy
28.1,99.18378848016013,45,77,STABLE,Good
28.32391606,95.96085983908905,87,82,VIBRATING,Unhealthy for Sensitive Groups
28.2,97.61062255920126,88,151,STABLE,Good
32.2,97.89860662759094,1207,1696,STABLE,Unhealthy for Sensitive Groups
27.7,95.67581104846595,165,216,STABLE,Good
28.6,93.50499258129949,3360,794,STABLE,Unhealthy
25.5,95.96005289904389,3670,432,STABLE,Unhealthy
30.2,98.27922202554072,96,56,STABLE,Good
26.8,95.60181587641068,76,39,STABLE,Good
28.3,97.66655396054502,611,516,STABLE,Moderate
32.9,99.74269199151279,437,3873,STABLE,Unhealthy
25.95915853,97.36898627855129,66,90,STABLE,Good
28.1,97.0686476652896,526,625,STABLE,Moderate
33.8524687489721,98.16509362929638,246,4095,STABLE,Unhealthy
30.3,97.62103860880187,193,93,STABLE,Good
26.2,97.89733006016907,1348,757,STABLE,Unhealthy for Sensitive Groups
26.8,96.08322232254841,152,81,STABLE,Good
28.5,95.87819979227064,87,78,STABLE,Unhealthy
28.9,96.3480448203639,150,53,STABLE,Good
29.3,98.13230726577838,129,137,STABLE,Good
29.7,97.82366366179126,2780,2403,STABLE,Unhealthy
29.2,96.84769784981958,2809,3717,STABLE,Unhealthy
32.0,95.9155373511119,775,3144,STABLE,Unhealthy
24.9,95.30913455182845,1605,1500,STABLE,Unhealthy for Sensitive Groups
26.12208527202611,99.52834491436987,4095,4095,STABLE,Unhealthy
30.9,98.06006521371971,3532,925,STABLE,Unhealthy
30.7,95.26373620840236,1674,1230,STABLE,Unhealthy for Sensitive Groups
28.5,96.70868669264951,85,80,STABLE,Moderate
28.5,97.52281232536333,142,235,STABLE,Good
32.7,97.18282869095984,328,3488,STABLE,Unhealthy
29.83493258534703,99.59615017826295,4095,938,STABLE,Unhealthy
29.1,96.06857347696972,95,81,VIBRATING,Good
31.0,97.6356844488331,781,708,STABLE,Moderate
29.2,94.68681887987724,38,79,STABLE,Moderate
26.9,98.01222882321599,51,72,STABLE,Good
27.3,93.78868016605496,647,2460,STABLE,Unhealthy
26.1,97.47641857124148,1298,804,STABLE,Unhealthy for Sensitive Groups
28.31517185,95.36740177935566,86,81,STABLE,Unhealthy for Sensitive Groups
28.33300825,97.88283448100081,84,83,STABLE,Unhealthy for Sensitive Groups
29.3,95.64844777422341,408,749,STABLE,Moderate
30.5,95.2190388144161,870,1477,STABLE,Unhealthy for Sensitive Groups
32.8,98.45028028976172,4009,874,STABLE,Unhealthy
24.9,96.1409934014028,1841,3620,STABLE,Unhealthy
30.0,97.47392543517171,86,123,STABLE,Unhealthy
27.9,97.50600266838569,33,154,STABLE,Good
25.029818205140653,97.52932707338232,173,3743,STABLE,Unhealthy
33.690028862733264,99.8657174320711,744,2399,STABLE,Unhealthy
30.1,98.32650260470086,95,57,STABLE,Good
24.5,99.40029757611639,122,55,STABLE,Good
28.3,99.21088178542841,86,82,STABLE,Unhealthy for Sensitive Groups
27.0,97.6566731144352,3949,4002,STABLE,Unhealthy
28.6,96.06142467009695,882,1149,STABLE,Moderate
33.7,96.40599819245924,346,880,STABLE,Moderate
31.7,98.20861244906054,2703,2116,STABLE,Unhealthy
28.2625632,97.59652822791936,53,121,STABLE,Unhealthy
29.5,99.40746455424238,139,238,STABLE,Good
31.9,95.26255621169673,494,390,STABLE,Moderate
27.4,94.27517253109544,2857,3077,STABLE,Unhealthy
28.3,97.68693617796872,104,245,STABLE,Good
27.1,94.91493728065484,3130,463,STABLE,Unhealthy
28.5,94.56818443896549,171,92,VIBRATING,Moderate
31.5,97.71946108696667,52,108,STABLE,Good
26.4,97.68936968670086,213,30,VIBRATING,Good
28.8,96.87913374009031,169,97,STABLE,Moderate
28.2,98.44114222956541,716,2221,STABLE,Unhealthy
25.2,95.8034835215068,246,3352,STABLE,Unhealthy
26.72907425192642,98.12806729198175,115,3291,STABLE,Unhealthy
30.4,98.7394945481985,86,45,STABLE,Good
24.0,95.97156193983201,630,3386,STABLE,Unhealthy
29.34404755,97.3639323360184,50,91,VIBRATING,Unhealthy
25.8,99.56953174835834,3399,809,STABLE,Unhealthy
33.61554271944287,97.67933533341929,4095,4095,STABLE,Unhealthy
28.06994116,98.30930225404366,86,80,VIBRATING,Unhealthy for Sensitive Groups
30.7,97.8001728736871,965,740,STABLE,Unhealthy for Sensitive Groups
28.9,96.81649618258504,38,76,STABLE,Moderate
30.0,97.9586225542212,742,409,STABLE,Moderate
26.4,96.48056162847199,644,2461,STABLE,Unhealthy
30.1,98.31934418144458,96,58,STABLE,Good
30.0,96.9273893937848,1158,1592,STABLE,Unhealthy for Sensitive Groups
27.9,96.87381072653133,207,235,STABLE,Good
30.1,96.65134733859665,96,58,STABLE,Good
30.9,95.75508202606679,71,218,STABLE,Good
26.5,97.65467515944171,1872,593,VIBRATING,Unhealthy
32.2,97.16977853451299,723,1132,STABLE,Unhealthy for Sensitive Groups
26.6,97.71184325639646,45,93,STABLE,Good
30.3,94.44432925048538,72,111,STABLE,Unhealthy for Sensitive Groups
24.5,95.87450344913668,180,2702,STABLE,Unhealthy
31.2,93.32140685498575,86,60,VIBRATING,Good
28.3,93.56829901986964,537,602,STABLE,Moderate
29.34297061,99.24928194906168,56,92,STABLE,Unhealthy
30.1,95.56722923332406,3633,729,STABLE,Unhealthy
30.4,97.87956378470601,3957,748,STABLE,Unhealthy
28.4,97.74247416479582,86,81,STABLE,Unhealthy
26.9,99.00955626564777,44,93,VIBRATING,Good
27.4,97.60416197041893,238,211,STABLE,Good
32.9,96.64324816896655,3825,699,STABLE,Unhealthy
29.05366193,99.4614425829651,47,91,VIBRATING,Unhealthy
28.43719355,97.59019623939729,86,77,STABLE,Unhealthy for Sensitive Groups
30.0,99.17835844044924,871,338,STABLE,Moderate
28.2,98.27000405926121,3478,823,STABLE,Unhealthy
28.50378762,97.15435463771513,86,80,STABLE,Unhealthy for Sensitive Groups
28.6,96.0499199874939,998,1347,STABLE,Unhealthy for Sensitive Groups
26.7,93.37645711892043,137,108,STABLE,Good
28.2234933,97.37289315024533,85,76,STABLE,Unhealthy for Sensitive Groups
31.6,97.48831838653705,340,856,STABLE,Moderate
28.1,98.68889152486189,230,167,STABLE,Good
28.4,99.11934361471417,211,213,STABLE,Good
27.6,97.43656122054765,591,270,STABLE,Moderate
24.1,98.95729939077385,1436,1267,STABLE,Unhealthy for Sensitive Groups
27.5,98.98172792394058,156,51,STABLE,Good
33.3,99.41047253626769,474,638,STABLE,Moderate
27.8,95.17428275037881,66,172,STABLE,Good
29.0,97.26716906409213,267,433,STABLE,Moderate
31.6,98.78428334869722,1414,905,STABLE,Unhealthy for Sensitive Groups
30.8,93.71011715730536,661,3998,STABLE,Unhealthy
29.9,98.49986424899478,71,72,STABLE,Moderate
26.1,96.89474825808192,3565,173,STABLE,Unhealthy
28.9,99.43483031628409,84,71,STABLE,Moderate
28.6,96.4616058032055,495,1043,STABLE,Moderate
28.35505976,99.3557195460379,86,79,STABLE,Unhealthy
30.4,99.09917583528808,903,1470,STABLE,Unhealthy for Sensitive Groups
28.6,97.83671597148128,155,175,STABLE,Good
31.5,97.94516599662896,690,502,STABLE,Moderate
31.3,99.26112708382911,1815,135,STABLE,Unhealthy
25.2,96.8986395196338,806,3316,STABLE,Unhealthy
32.3,96.46356675857092,1632,1421,STABLE,Unhealthy for Sensitive Groups
25.60613949,98.16854470533787,71,91,VIBRATING,Good
33.9,96.98252645056033,677,798,STABLE,Moderate
26.3,97.46375005849394,1238,797,STABLE,Unhealthy for Sensitive Groups
28.2,95.90432037146742,81,77,STABLE,Good
24.5,95.35120004431008,789,740,STABLE,Unhealthy for Sensitive Groups
31.4,96.70203191449683,123,110,STABLE,Good
29.7,95.80059740263432,728,930,STABLE,Unhealthy for Sensitive Groups
24.3,93.47632652966675,375,2228,STABLE,Unhealthy
29.5,94.66602533312941,61,47,VIBRATING,Good
30.2,92.18635510010688,1811,540,STABLE,Unhealthy
29.8,98.07432252605645,2776,536,VIBRATING,Unhealthy
31.6,96.66264725234451,757,2770,STABLE,Unhealthy
31.0,97.86635693066555,3048,133,STABLE,Unhealthy
28.4,94.05726297420973,994,1270,STABLE,Unhealthy for Sensitive Groups
31.9,97.74366120123182,2988,730,STABLE,Unhealthy
26.1,94.85991621864954,568,1038,STABLE,Moderate
33.7,96.72877386516943,3870,284,STABLE,Unhealthy
29.0349658,98.4387754524278,49,86,STABLE,Unhealthy for Sensitive Groups
24.2,97.47047103315113,3854,3556,STABLE,Unhealthy
25.3,97.54913267320646,1659,1304,STABLE,Unhealthy for Sensitive Groups
30.9,97.97087658254952,1003,1839,STABLE,Unhealthy for Sensitive Groups
29.00184277,99.059904078949,47,87,STABLE,Unhealthy
32.3,95.78548941965742,385,457,STABLE,Moderate
26.9,93.64445318574165,1017,1606,STABLE,Unhealthy for Sensitive Groups
32.77832198832468,97.16186030505582,304,4095,STABLE,Unhealthy
24.8,94.13021245040613,266,907,STABLE,Moderate
27.7,99.61927770993215,203,241,STABLE,Good
33.4,97.52141158358191,974,1944,STABLE,Unhealthy for Sensitive Groups
32.5,98.7054123223866,1774,962,STABLE,Unhealthy for Sensitive Groups
32.3,96.45917259035475,893,842,STABLE,Moderate
28.7,96.53033566145012,208,84,STABLE,Moderate
29.2,97.82285249118715,48,96,STABLE,Unhealthy
27.1,94.35767916450325,1277,1028,STABLE,Unhealthy for Sensitive Groups
24.2,96.43096862407941,562,347,STABLE,Moderate
28.6,98.32756311269387,89,72,STABLE,Moderate
26.6,97.18044829592212,258,693,STABLE,Moderate
27.5,99.64231999291904,573,3938,STABLE,Unhealthy
29.2,98.46809224955841,47,91,VIBRATING,Unhealthy
30.6,96.46685079057207,403,1106,STABLE,Moderate
27.8,96.11584080212091,84,78,STABLE,Moderate
33.3,96.15001789352868,93,2759,STABLE,Unhealthy
28.4,98.29934798097995,74,71,STABLE,Moderate
29.7,98.27870831468508,1078,1575,STABLE,Unhealthy for Sensitive Groups
29.9,99.45832135425145,1509,1267,STABLE,Unhealthy for Sensitive Groups
27.4,95.90135216488024,89,225,STABLE,Good
32.9,96.11436477453819,244,94,STABLE,Good
31.5,98.82827817810164,1734,1606,STABLE,Unhealthy for Sensitive Groups
30.420865912371617,97.08864852760404,847,3365,STABLE,Unhealthy
25.5,98.82759971556604,1916,331,STABLE,Unhealthy
27.5,98.428909592963,84,72,STABLE,Moderate
30.1,97.4725190003785,67,81,STABLE,Moderate
29.7,98.79870364360805,1861,838,STABLE,Unhealthy
26.4,96.65802699956954,68,91,STABLE,Good
24.5,94.82069198444599,741,1466,STABLE,Unhealthy for Sensitive Groups
26.6,95.93926556109933,163,107,STABLE,Good
24.2,96.8043262878004,140,189,STABLE,Good
27.1,96.75884758541893,441,1036,STABLE,Moderate
32.3,98.36385420123072,584,545,STABLE,Moderate
29.6,94.28341990589205,95,78,STABLE,Good
26.2,94.27535093265539,136,93,STABLE,Good
24.4,94.90007430537925,1778,790,STABLE,Unhealthy for Sensitive Groups
29.9,91.4750125144405,3542,179,STABLE,Unhealthy
27.6,98.44285088820892,1557,1155,STABLE,Unhealthy for Sensitive Groups
28.8,99.62203509092078,775,558,STABLE,Moderate
28.23564449,99.2920972262815,89,80,STABLE,Unhealthy for Sensitive Groups
30.5,98.505470715029,59,6,STABLE,Moderate
31.8,97.22949261723747,1252,1058,STABLE,Unhealthy for Sensitive Groups
24.2,98.16873536534557,115,213,STABLE,Good
27.6,94.40656627602998,661,1030,STABLE,Moderate
29.1,96.82730369029625,189,81,STABLE,Moderate
27.8,97.54922274694216,2650,160,STABLE,Unhealthy
24.4,97.89366755251353,185,174,STABLE,Good
32.1,97.70355023781345,225,113,STABLE,Good
32.4,96.76457965166833,2334,272,STABLE,Unhealthy
26.2,93.65167323056771,334,2956,STABLE,Unhealthy
26.9,92.20995948233391,44,94,STABLE,Good
29.0,97.61306378840088,47,93,STABLE,Unhealthy
32.0,96.24622068440738,1264,1973,STABLE,Unhealthy for Sensitive Groups
31.1,96.84956897134754,502,322,STABLE,Moderate
28.46438387,94.92478778495044,87,83,VIBRATING,Unhealthy for Sensitive Groups
28.35358556,98.35379010685367,86,83,STABLE,Unhealthy for Sensitive Groups
28.93495696,99.33850179193865,77,81,STABLE,Unhealthy for Sensitive Groups
25.1,97.71669508164887,2554,897,STABLE,Unhealthy
28.11033415,98.37006812814269,86,76,VIBRATING,Unhealthy for Sensitive Groups
27.9,97.44257288434383,867,454,STABLE,Moderate
26.5,98.38206592199093,44,92,STABLE,Good
28.4,97.5917472499721,83,78,STABLE,Moderate
29.88286028,98.45223042251565,66,84,VIBRATING,Unhealthy
26.0,98.75951077037216,155,226,STABLE,Good
25.2,96.39677856867013,721,1042,STABLE,Moderate
27.5,94.67583714527419,321,252,STABLE,Moderate
24.7,99.0097846832001,2928,397,STABLE,Unhealthy
27.0,98.02537517645753,3786,3035,STABLE,Unhealthy
26.5,97.69375626889818,868,252,STABLE,Moderate
29.12300553,98.32664583726253,47,94,STABLE,Unhealthy
33.0,97.70625131086486,864,2703,STABLE,Unhealthy
29.0,94.72616686908981,703,593,STABLE,Moderate
28.52765516,98.9837703442034,53,135,STABLE,Unhealthy for Sensitive Groups
25.8,96.5717041570074,649,1020,STABLE,Moderate
33.9,96.39726877866319,97,59,VIBRATING,Good
33.9,95.37792148074259,690,1094,STABLE,Moderate
28.50800626,96.39895555323824,76,82,STABLE,Unhealthy
27.1,96.54542714187474,1181,1305,VIBRATING,Unhealthy for Sensitive Groups
28.9,95.84772647374078,58,144,STABLE,Moderate
28.5,93.09620525031224,86,75,STABLE,Unhealthy for Sensitive Groups
24.2,96.65556169699698,949,1981,STABLE,Unhealthy for Sensitive Groups
24.5,95.12837739129412,59,112,STABLE,Good
26.7,95.71574602432267,840,1052,STABLE,Moderate
31.4,96.08440129998557,723,3845,STABLE,Unhealthy
32.5,98.7257238456212,629,818,STABLE,Moderate
27.4,97.83891312892356,246,167,STABLE,Good
26.9,98.78078797269916,835,1090,STABLE,Moderate
29.2,96.45348085733633,199,86,STABLE,Moderate
28.2,99.25607810820348,1783,1719,STABLE,Unhealthy for Sensitive Groups
32.8,94.28225790887602,3915,3741,VIBRATING,Unhealthy
26.5,93.21400788818507,41,94,STABLE,Good
28.9,99.27539932763159,59,57,STABLE,Good
25.6,98.71543520676568,195,129,STABLE,Good
27.6,97.34084685669542,3943,300,STABLE,Unhealthy
28.5,95.1648468656987,1757,1031,STABLE,Unhealthy for Sensitive Groups
26.1,99.32134076888731,464,770,VIBRATING,Moderate
24.9,96.23962970696381,1092,1469,STABLE,Unhealthy for Sensitive Groups
31.349745775672538,97.14785338333576,3684,807,STABLE,Unhealthy
29.512023167771048,97.87792659242277,3530,712,STABLE,Unhealthy
26.07055511,98.55070877771314,73,86,STABLE,Good
28.9,96.47857984144913,4059,743,STABLE,Unhealthy
25.4,98.84166887075621,73,85,STABLE,Good
31.6,95.44811118213232,175,68,STABLE,Good
25.8,96.99598251842983,1650,1692,STABLE,Unhealthy for Sensitive Groups
28.0,97.23340249863688,2266,179,VIBRATING,Unhealthy
26.8,96.08501271469204,44,92,VIBRATING,Good
28.8,95.61546043439239,396,901,STABLE,Moderate
28.4,96.0182381873189,319,3230,STABLE,Unhealthy
25.098402992870895,96.45281971438,2747,778,STABLE,Unhealthy
27.9,96.19864049490617,89,80,VIBRATING,Moderate
27.9,97.01055103360267,128,236,STABLE,Good
29.0,96.24086185289572,2375,3968,VIBRATING,Unhealthy
30.3,96.65961552218738,142,34,STABLE,Good
32.4,95.40490155653198,99,222,STABLE,Good
29.75734379,98.01410934207715,95,77,STABLE,Good
27.2,97.06793119262746,167,214,STABLE,Good
27.3,99.59760071652686,1811,2514,STABLE,Unhealthy
24.5,95.34799501353473,1778,704,STABLE,Unhealthy for Sensitive Groups
28.3,98.9192720922961,85,78,STABLE,Unhealthy for Sensitive Groups
30.0,94.9736062644262,1466,1561,STABLE,Unhealthy for Sensitive Groups
31.9,97.04718098866535,244,220,STABLE,Good
28.8,97.27655358727768,723,1030,STABLE,Moderate
30.399438364744768,99.50388253733931,991,4095,STABLE,Unhealthy
28.5,99.13024899993397,1347,845,STABLE,Unhealthy for Sensitive Groups
24.6,98.38552776023909,119,165,STABLE,Good
30.2,95.06090434073415,176,153,STABLE,Good
25.6,99.31028556827938,168,3873,STABLE,Unhealthy
33.2,99.66818974453643,379,941,STABLE,Moderate
28.2,97.43470092455789,1981,590,STABLE,Unhealthy
24.8,97.28042170525706,212,202,STABLE,Good
25.8,94.66505514560315,41,3802,STABLE,Unhealthy
28.2,98.44275291613374,53,115,STABLE,Unhealthy
25.7,96.15056954856269,72,85,STABLE,Good
28.52322761,99.62320306195387,86,81,STABLE,Unhealthy for Sensitive Groups
29.5,94.79156888624283,1045,1988,STABLE,Unhealthy for Sensitive Groups
29.5,97.01950361769505,1696,1756,STABLE,Unhealthy for Sensitive Groups
29.992365349502002,97.13418234467872,4095,827,STABLE,Unhealthy
28.45540417,96.35189178605587,86,78,STABLE,Unhealthy
29.04921362,96.2919977561569,49,91,STABLE,Unhealthy
31.1,98.97432507782548,809,964,STABLE,Moderate
24.951176353736734,97.05422042706122,4095,495,STABLE,Unhealthy
26.0,99.53592139840461,1369,1832,STABLE,Unhealthy for Sensitive Groups
31.23426925069527,98.71995216642281,4095,942,STABLE,Unhealthy
29.3,97.97929384660907,111,3405,STABLE,Unhealthy
26.4,96.35076082860851,3247,306,STABLE,Unhealthy
26.0,94.01551188908348,55,57,STABLE,Good
30.7,97.01749826801641,3735,1505,STABLE,Unhealthy
29.30277908,96.0301849816351,79,233,VIBRATING,Unhealthy
32.8,97.33880447844138,1247,1495,STABLE,Unhealthy for Sensitive Groups
25.5,98.03594807768962,760,826,STABLE,Unhealthy for Sensitive Groups
27.8,92.47960529594668,1126,1577,STABLE,Unhealthy for Sensitive Groups
32.0,93.92629829498715,234,74,STABLE,Good
26.9,98.85380963549899,676,1177,STABLE,Moderate
25.7,96.83834037201187,1752,987,STABLE,Unhealthy for Sensitive Groups
29.8,95.58575236453399,299,831,STABLE,Moderate
33.5,98.69508007160722,828,1894,STABLE,Unhealthy for Sensitive Groups
33.9,97.74383593543004,97,60,STABLE,Good
26.5,96.4218964120129,533,421,STABLE,Moderate
28.7,98.60865135727455,94,205,STABLE,Good
27.3,95.71387394350953,487,2257,STABLE,Unhealthy
28.3,97.21789035444698,83,78,STABLE,Moderate
29.463071426954627,98.1321569893572,4095,867,STABLE,Unhealthy
27.0,95.04929007251778,230,66,STABLE,Good
32.8,96.0636420862624,266,2089,STABLE,Unhealthy
25.60795692,97.51867321628191,72,85,STABLE,Good
27.1,96.1509594789738,568,2191,STABLE,Unhealthy
30.4,95.61519595290031,436,1147,STABLE,Moderate
31.4,97.66529781829121,219,152,STABLE,Good
27.5,97.16439964714223,161,2718,STABLE,Unhealthy
24.1,97.11481357099314,3625,899,STABLE,Unhealthy
25.5,95.72831934210899,770,255,STABLE,Moderate
29.1,99.68834424346252,122,102,STABLE,Good
28.10969018,95.62221669411362,86,83,STABLE,Unhealthy for Sensitive Groups
28.39118524,98.1683887373711,85,76,STABLE,Unhealthy for Sensitive Groups
29.12608987,97.83774430405748,83,76,STABLE,Unhealthy
31.6,98.61379171007917,1543,769,STABLE,Unhealthy for Sensitive Groups
24.1,98.59752933600788,3260,752,STABLE,Unhealthy
27.0,99.08063429488027,1552,1903,STABLE,Unhealthy for Sensitive Groups
31.1,98.90243336688616,770,951,STABLE,Moderate
31.8,96.58537233618296,3443,2301,STABLE,Unhealthy
27.3,96.64793829287328,498,310,STABLE,Moderate
26.5,95.30676916218552,738,502,STABLE,Moderate
26.2,97.63979865055107,103,53,STABLE,Good
24.3,98.69949126828539,341,535,STABLE,Moderate
31.3,98.0943101474535,3893,859,STABLE,Unhealthy
29.6,98.4600171358513,1155,1287,STABLE,Unhealthy for Sensitive Groups
28.30413699,96.06270794568303,86,76,STABLE,Unhealthy for Sensitive Groups
32.1,98.29279934326127,79,157,STABLE,Good
31.0,96.94652368866416,431,314,STABLE,Moderate
27.7,97.45612642585195,717,1750,STABLE,Unhealthy for Sensitive Groups
28.3,97.5198463054256,86,77,STABLE,Moderate
30.5,95.60561961735965,254,3411,STABLE,Unhealthy
29.9,98.40957302279966,162,224,STABLE,Good
25.4,97.11839925683176,152,201,STABLE,Good
33.3,97.59646389053457,97,104,STABLE,Good
32.4,97.1046944354563,1834,3083,STABLE,Unhealthy
25.2,98.77290454210704,1466,1374,STABLE,Unhealthy for Sensitive Groups
32.6,98.574583453076,88,202,STABLE,Good
33.6,97.41486032326188,680,393,STABLE,Moderate
26.8,95.9894736963792,588,525,STABLE,Moderate
24.2,96.83630613047825,805,2587,STABLE,Unhealthy
29.0,95.8409988858119,47,88,STABLE,Unhealthy
32.8,95.97932281734198,1304,806,STABLE,Unhealthy for Sensitive Groups
29.6,97.67738184492872,67,77,STABLE,Good
27.0,98.33668734054308,63,166,STABLE,Good
33.9,98.2396896629785,650,371,STABLE,Moderate
29.2,98.41510267372848,182,98,VIBRATING,Moderate
26.3,98.37250691006544,109,2882,STABLE,Unhealthy
28.4,96.25843661123302,85,82,VIBRATING,Unhealthy for Sensitive Groups
28.8,98.13458687265882,69,222,STABLE,Good
30.0,97.14918214070647,450,458,STABLE,Moderate
33.3,98.89875825161973,1563,1446,STABLE,Unhealthy for Sensitive Groups
26.2,98.30531919970225,3832,3419,STABLE,Unhealthy
26.8,94.90525307028872,47,187,STABLE,Good
33.8,95.77366867156763,3219,3210,STABLE,Unhealthy
28.1,95.7076775855663,175,166,STABLE,Good
24.3,95.88958945419259,3667,211,STABLE,Unhealthy
25.0,96.7499028064378,134,143,STABLE,Good
25.3,97.75455078131962,175,239,STABLE,Good
30.6583270833669,98.56287073868319,4095,145,STABLE,Unhealthy
27.2,96.69164707916244,2659,474,STABLE,Unhealthy
32.8,99.15737572514018,848,1773,STABLE,Unhealthy for Sensitive Groups
28.68489933,96.4904914539562,51,133,STABLE,Unhealthy for Sensitive Groups
32.5,99.08670808440259,597,516,STABLE,Moderate
33.7,95.5251626572719,96,59,STABLE,Good
31.9,98.03736357749968,610,487,STABLE,Moderate
32.1,95.82138909408049,429,531,STABLE,Moderate
31.4,96.81431867749123,839,1666,STABLE,Unhealthy for Sensitive Groups
28.6,95.70404746171636,791,1805,STABLE,Unhealthy for Sensitive Groups
25.9,98.1915505666361,529,1056,STABLE,Moderate
28.5,98.78119516734321,2358,3273,STABLE,Unhealthy
32.8,97.84919286583018,69,195,STABLE,Good
26.7,97.1560180735826,2070,2800,STABLE,Unhealthy
32.6,99.09523214473957,2219,293,STABLE,Unhealthy
26.5392244,98.14134748702682,41,94,VIBRATING,Good
30.9,94.76231070398279,828,3138,STABLE,Unhealthy
29.7,97.86055685223323,317,255,STABLE,Moderate
30.5,98.50848815937218,784,745,STABLE,Unhealthy for Sensitive Groups
30.4,96.96866616905803,306,842,STABLE,Moderate
24.1,98.2775860373905,545,1075,STABLE,Moderate
28.3,94.74727838093771,84,69,VIBRATING,Moderate
31.9,94.67717617682268,1657,1922,STABLE,Unhealthy for Sensitive Groups
27.5,95.4793936086919,88,69,VIBRATING,Moderate
24.4,96.32438633694075,2765,3643,STABLE,Unhealthy
28.32015892,92.58490104093882,86,75,STABLE,Unhealthy
26.0,97.00837416635436,144,138,STABLE,Good
26.9,98.14466717186949,538,852,STABLE,Moderate
26.8,98.55173523298316,1828,2275,VIBRATING,Unhealthy
28.789184542930474,98.19204736222794,4095,4095,STABLE,Unhealthy
25.3,97.82144408862843,455,724,STABLE,Moderate
28.035905220217998,97.6300711810525,4095,4095,STABLE,Unhealthy
28.22772656,98.64800362570924,86,75,VIBRATING,Unhealthy for Sensitive Groups
28.4,99.06386960065747,86,83,STABLE,Unhealthy for Sensitive Groups
32.0,97.1157541374696,782,2656,STABLE,Unhealthy
27.3,96.31428747418875,779,2414,STABLE,Unhealthy
33.1,97.63209862658498,4038,343,STABLE,Unhealthy
33.44207637,95.52602198072071,97,59,STABLE,Good
29.1,98.60288765619083,47,95,STABLE,Unhealthy
26.1,95.33657658710979,72,86,STABLE,Good
28.2,93.72723608235079,92,80,VIBRATING,Moderate
30.1,97.60822056746903,250,53,STABLE,Good
29.7,98.97266934842696,1349,1831,STABLE,Unhealthy for Sensitive Groups
28.3,96.97678925806545,121,203,STABLE,Good
29.00815082,99.18467847482955,48,92,STABLE,Unhealthy
26.6,97.87790696605673,444,92,STABLE,Good
31.9,98.27752612199397,36,100,STABLE,Good
24.8,99.19346347379496,876,491,STABLE,Moderate
26.4,96.39742027064811,44,93,VIBRATING,Good
27.4,97.36976104040029,840,1204,STABLE,Unhealthy for Sensitive Groups
33.4,94.56406393344,94,55,STABLE,Good
29.6,96.44448058519623,4011,3444,STABLE,Unhealthy
24.6,98.1686863120518,538,947,STABLE,Moderate
28.64281282,98.3524159853128,86,82,STABLE,Unhealthy for Sensitive Groups
30.689167901910466,98.89460901626472,4095,4095,STABLE,Unhealthy
26.6,98.40218470443293,72,86,STABLE,Good
28.37414609,98.03896270466127,86,76,STABLE,Unhealthy
26.4,96.94261055639925,4095,3801,VIBRATING,Unhealthy
27.2,95.0691436008447,679,640,STABLE,Moderate
28.0,98.38270806724623,667,357,STABLE,Moderate
28.34286811,98.71944846891535,86,83,VIBRATING,Unhealthy for Sensitive Groups
28.5,94.15753594223519,87,81,STABLE,Unhealthy for Sensitive Groups
24.1,98.11489447677921,1275,984,STABLE,Unhealthy for Sensitive Groups
28.59086262,98.26148157707802,86,83,STABLE,Unhealthy for Sensitive Groups
30.0,98.35683323056422,68,76,STABLE,Good
28.7,97.24008821471837,82,68,STABLE,Moderate
27.6,96.00273563774181,1757,1028,STABLE,Unhealthy for Sensitive Groups
28.5,97.62257295271517,86,70,STABLE,Moderate
32.5,95.25094334134347,708,933,STABLE,Unhealthy for Sensitive Groups
25.320219070858005,99.50195429244833,775,4095,STABLE,Unhealthy
32.2,98.77050953268844,3830,388,STABLE,Unhealthy
31.6,97.06609102341224,159,128,STABLE,Good
29.0,99.33121320755363,2688,2737,STABLE,Unhealthy
32.3,94.57998836910717,518,694,STABLE,Moderate
28.4,96.04255848741191,85,71,STABLE,Moderate
29.0,93.98189728222198,38,202,STABLE,Good
26.1,96.9966380153406,1352,899,STABLE,Unhealthy for Sensitive Groups
24.5,94.56804712263003,408,290,STABLE,Moderate
28.3,95.97283541284409,3353,2206,STABLE,Unhealthy
32.4,96.62776459944403,560,785,STABLE,Moderate
30.50145447,98.83383273097378,102,57,STABLE,Good
32.1,97.39872084925665,1878,3649,STABLE,Unhealthy
28.39277279,98.65033564362324,86,82,STABLE,Unhealthy for Sensitive Groups
27.0,98.17426129263471,147,82,STABLE,Good
24.4,95.57646446371281,68,97,STABLE,Good
27.4,94.38775928463737,210,174,STABLE,Good
28.4,97.79232340943496,83,81,STABLE,Unhealthy
26.4,98.06071811309438,444,92,STABLE,Good
28.3,97.61040010334443,1047,1325,STABLE,Unhealthy for Sensitive Groups
30.3,96.82127119179339,417,936,STABLE,Moderate
33.4,97.09792055099685,3034,3435,STABLE,Unhealthy
25.1,94.99858526379653,2698,318,STABLE,Unhealthy
29.0,97.19719477413717,121,147,STABLE,Good
26.1,96.0574269982583,233,141,STABLE,Good
31.6,96.13664554721315,58,250,STABLE,Good
30.2,96.06073009924849,69,113,STABLE,Unhealthy for Sensitive Groups
29.0,97.90277314011252,41,90,STABLE,Moderate
33.7,95.45182232406748,152,172,STABLE,Good
31.45484329047974,97.30713791641408,771,4095,STABLE,Unhealthy
30.2,95.73380113940888,96,56,STABLE,Good
26.7,98.01922126574175,817,1182,STABLE,Moderate
29.6,95.24129535422124,70,72,STABLE,Moderate
32.8,94.52391127157998,650,1062,STABLE,Moderate
27.1,98.72299227272212,2065,248,VIBRATING,Unhealthy
31.8,97.51422558337954,3778,2943,STABLE,Unhealthy
33.3,98.84948766419492,3726,2844,STABLE,Unhealthy
29.5,94.18182060437005,149,117,STABLE,Good
25.0,97.56890878673629,123,113,STABLE,Good
29.18971667,93.05304905103111,47,91,STABLE,Unhealthy
28.82037463,97.06474060031901,65,171,VIBRATING,Unhealthy for Sensitive Groups
33.8,98.53311784440577,1407,1911,STABLE,Unhealthy for Sensitive Groups
30.5,94.50455587692021,1077,1574,STABLE,Unhealthy for Sensitive Groups
28.6,96.72766280513162,1628,1721,STABLE,Unhealthy for Sensitive Groups
31.3,94.97160036821128,880,969,STABLE,Unhealthy for Sensitive Groups
28.2,97.10813969442184,171,88,STABLE,Moderate
26.7,97.00294640292505,152,82,VIBRATING,Good
25.7,98.3847100257728,1380,1468,VIBRATING,Unhealthy for Sensitive Groups
27.1,95.70621134944733,484,639,STABLE,Moderate
24.4,96.56784582611093,1403,1106,STABLE,Unhealthy for Sensitive Groups
31.6,96.69928046294596,592,989,STABLE,Moderate
32.0,98.53985273302214,311,679,STABLE,Moderate
30.79447657,98.0776587809834,79,61,VIBRATING,Good
33.7,96.88773781952071,214,92,STABLE,Good
30.2,96.53549501245962,1694,1317,STABLE,Unhealthy for Sensitive Groups
26.0,93.77818254829474,88,55,STABLE,Good
28.41632004,95.34573946980349,51,119,STABLE,Unhealthy for Sensitive Groups
31.3,96.08903289358906,566,1138,STABLE,Moderate
25.2,98.8460293465222,3663,1738,STABLE,Unhealthy
33.8,97.98860236975551,746,4006,STABLE,Unhealthy
32.5,97.83108683141988,935,1412,STABLE,Unhealthy for Sensitive Groups
24.9,97.56415835061622,1627,1562,STABLE,Unhealthy for Sensitive Groups
33.7,95.51442045510852,1359,902,STABLE,Unhealthy for Sensitive Groups
33.7,97.72855034869279,3572,2205,STABLE,Unhealthy
28.4,97.63194485139434,555,1133,STABLE,Moderate
34.0,97.05343439601509,94,220,STABLE,Good
28.0,97.12337760610302,996,1732,STABLE,Unhealthy for Sensitive Groups
26.1,95.05429165891786,58,129,STABLE,Good
29.4,93.53217061536779,853,1019,STABLE,Moderate
26.8,95.65989773929839,170,244,STABLE,Good
30.8,97.65667239091975,3903,3667,STABLE,Unhealthy
28.2,96.6063459819558,1287,1152,STABLE,Unhealthy for Sensitive Groups
27.7,95.67509049493482,3979,411,STABLE,Unhealthy
28.0,95.1274502680837,1512,989,STABLE,Unhealthy for Sensitive Groups
24.1,97.99782594384902,37,40,STABLE,Good
24.6,94.27458971402105,1269,1877,STABLE,Unhealthy for Sensitive Groups
34.2,98.14607182021423,96,60,STABLE,Good
27.4,98.88103671267015,2006,3972,STABLE,Unhealthy
25.1,98.55445281406423,74,92,STABLE,Good
31.2,99.46298223594455,113,65,STABLE,Good
29.1,96.5014794755495,2496,3242,STABLE,Unhealthy
28.4,93.8533449378908,86,76,STABLE,Moderate
29.5,98.04658470471689,383,999,STABLE,Moderate
24.6,97.30704404806494,3462,896,STABLE,Unhealthy
24.9,98.71605971743224,414,954,STABLE,Moderate
29.5,96.5610231556289,66,77,STABLE,Good
27.0,96.85514491013603,638,939,STABLE,Moderate
26.2,95.19577950277947,76,89,STABLE,Good
31.7,96.58722068242064,644,260,STABLE,Moderate
31.2,98.49788610124337,203,180,STABLE,Good
29.092938352595677,99.46540995742937,2946,505,STABLE,Unhealthy
29.48710102,94.31809632012525,59,83,STABLE,Unhealthy
31.2,98.94521806901132,402,3286,STABLE,Unhealthy
25.7,97.97126958031673,1124,936,STABLE,Unhealthy for Sensitive Groups
28.57865437,97.04659846550915,86,82,STABLE,Unhealthy for Sensitive Groups
29.2,98.47618677670937,48,95,STABLE,Unhealthy
28.23840906,97.5580524462471,85,77,STABLE,Unhealthy for Sensitive Groups
26.9,94.18932688074696,491,1164,STABLE,Moderate
24.7,94.24744111858155,59,105,STABLE,Good
33.95769969670072,97.10049583131982,3266,435,STABLE,Unhealthy
30.9,97.45919365716924,156,61,STABLE,Good
32.4,94.62196343140434,880,640,STABLE,Moderate
32.63695562921542,97.24050185612003,179,3145,STABLE,Unhealthy
27.2,95.80607400065443,164,71,STABLE,Good
27.0,96.79257733012456,493,432,STABLE,Moderate
28.20849365,94.95815097365576,86,80,VIBRATING,Unhealthy for Sensitive Groups
34.2,94.6771539696879,96,59,STABLE,Good
28.4,96.15416307088458,86,77,STABLE,Unhealthy for Sensitive Groups
33.1,96.37146500822897,1738,732,STABLE,Unhealthy for Sensitive Groups
28.25840551,98.518275782269,86,81,STABLE,Unhealthy for Sensitive Groups
27.9,94.75831813250645,674,1171,STABLE,Moderate
33.4,95.12800295933707,118,165,STABLE,Good
26.8,97.24984246420432,795,970,STABLE,Moderate
32.6,98.99632476067633,957,3332,STABLE,Unhealthy
34.0,97.22857338773112,3129,871,STABLE,Unhealthy
24.7,96.68607297897793,157,105,STABLE,Good
31.7,98.4432906840971,104,99,STABLE,Good
31.7,99.16018765477723,728,3671,STABLE,Unhealthy
32.1,95.00527346363386,558,3351,STABLE,Unhealthy
28.3,93.02568219971087,87,80,VIBRATING,Unhealthy for Sensitive Groups
27.5,95.4162966449309,1574,1683,STABLE,Unhealthy for Sensitive Groups
25.5,97.86734407534864,285,1103,STABLE,Moderate
29.0,96.42477457003791,46,90,VIBRATING,Unhealthy
28.2,98.92959776388186,150,33,STABLE,Good
31.5,95.22284910420308,854,960,STABLE,Unhealthy for Sensitive Groups
29.00156486,94.35385124519584,47,87,STABLE,Unhealthy
32.2,97.43710671242982,465,3945,STABLE,Unhealthy
28.8,99.36433553666369,117,123,STABLE,Good
30.413802999708906,98.87107133847107,4095,259,STABLE,Unhealthy
32.2,99.04925633881851,60,73,STABLE,Good
27.5,96.62655328709477,182,240,STABLE,Good
33.7,95.6894733235199,710,653,STABLE,Moderate
25.4,94.88898834514667,1004,1604,STABLE,Unhealthy for Sensitive Groups
26.8,98.02122300509365,445,92,STABLE,Good
28.3,95.9964548410242,1387,1510,STABLE,Unhealthy for Sensitive Groups
30.0,97.25778999410402,366,573,STABLE,Moderate
33.9,99.50993377748065,1172,1907,STABLE,Unhealthy for Sensitive Groups
24.6,96.61075106227413,45,178,STABLE,Good
24.02332833130729,99.73850514905568,1935,313,STABLE,Unhealthy
24.7,94.14437305534662,491,427,STABLE,Moderate
28.551908937236227,99.05996388915092,4095,619,STABLE,Unhealthy
25.9,97.0687688321864,952,2053,STABLE,Unhealthy
27.5,96.67660681756459,92,234,STABLE,Good
33.6,97.7830702830868,97,59,STABLE,Good
28.1,96.51893911944445,279,338,STABLE,Moderate
33.4,95.74536262497,2178,625,STABLE,Unhealthy
30.5,94.85253404159978,854,365,STABLE,Moderate
32.6,97.70009415457287,2005,965,STABLE,Unhealthy
26.0,98.16614570912817,62,94,STABLE,Good
30.4,96.84112302467202,906,2025,STABLE,Unhealthy
28.95230978,96.46426867507773,95,82,STABLE,Good
33.4,98.70968514596657,444,847,STABLE,Moderate
26.4,96.19069270785818,74,87,STABLE,Good
29.034109,98.44127980651155,47,89,VIBRATING,Unhealthy
29.21620139,95.21195085828856,46,92,STABLE,Unhealthy
29.5,96.35184707072409,521,1142,STABLE,Moderate
29.0,98.3086915346022,47,91,STABLE,Unhealthy
27.592839224854288,99.12989259201925,4095,841,STABLE,Unhealthy
30.3,95.11309866026897,929,1946,STABLE,Unhealthy for Sensitive Groups
29.0,97.46923619560641,86,71,STABLE,Moderate
32.2,98.12069630718388,518,844,STABLE,Moderate
27.6,98.67167402377169,1152,1531,STABLE,Unhealthy for Sensitive Groups
25.7,96.84351191174325,73,85,STABLE,Good
26.8,96.63312708290148,31,37,STABLE,Good
26.7,96.32350928999654,44,93,STABLE,Good
31.2,98.7079619508483,1773,1206,STABLE,Unhealthy for Sensitive Groups
26.9,98.65149403470646,683,1152,STABLE,Moderate
26.5,97.01907265061237,711,515,STABLE,Moderate
28.7,95.28667695164528,86,83,STABLE,Unhealthy for Sensitive Groups
27.8,94.93019692726436,115,235,STABLE,Good
27.7,97.76971420615388,384,900,VIBRATING,Moderate
33.94820740736539,98.4335957856826,4095,4095,STABLE,Unhealthy
27.9,96.49448908417902,153,150,STABLE,Good
28.6,97.08306671682513,3551,862,STABLE,Unhealthy
28.23270468557894,96.87123028525119,4095,352,STABLE,Unhealthy
31.784765603319265,97.30269817714613,265,4095,STABLE,Unhealthy
28.36475736,97.93285523335271,85,75,STABLE,Unhealthy for Sensitive Groups
32.6,97.69519961610428,384,2022,STABLE,Unhealthy
29.5,93.94593181726238,591,698,STABLE,Moderate
24.1,95.38768270027283,746,584,STABLE,Moderate
26.9,98.5479027344616,1035,1679,STABLE,Unhealthy for Sensitive Groups
25.7,92.51961751839004,638,967,STABLE,Moderate
29.3,96.70627752132867,48,200,STABLE,Good
24.3,97.59734759333806,3212,3550,STABLE,Unhealthy
26.305948672621007,99.206538721453,113,4095,STABLE,Unhealthy
28.1,96.83123094417358,858,1091,STABLE,Unhealthy for Sensitive Groups
29.01971541,97.07986942930783,46,88,STABLE,Unhealthy
27.9,98.07341583921897,732,1635,STABLE,Unhealthy for Sensitive Groups
26.74907488,97.47268894183382,153,4095,STABLE,Unhealthy
28.32429407,98.37895953611984,86,75,STABLE,Unhealthy for Sensitive Groups
28.68259543,99.14332703720684,81,4095,STABLE,Unhealthy
29.3,97.55492012803124,1083,1641,STABLE,Unhealthy for Sensitive Groups
28.2,98.46191172290034,181,84,VIBRATING,Moderate
26.3,98.16199451251258,533,3073,STABLE,Unhealthy
26.8,96.71103197404899,3798,167,STABLE,Unhealthy
28.53787726,98.8962216376852,69,4095,STABLE,Unhealthy
24.5,96.38186206779912,516,1069,VIBRATING,Moderate
29.7,97.81473754002614,3741,3547,STABLE,Unhealthy
31.7,96.6816208800384,228,135,STABLE,Good
28.3,95.9883040943058,85,75,STABLE,Unhealthy
28.5,96.5809886540928,510,256,STABLE,Moderate
31.5,98.1161584405466,242,109,STABLE,Good
32.4,98.2595287717231,1666,712,STABLE,Unhealthy for Sensitive Groups
31.4,95.19898999102806,557,725,STABLE,Moderate
28.0,96.24619543461621,1407,1988,STABLE,Unhealthy for Sensitive Groups
24.6,98.2796470819742,875,461,STABLE,Moderate
26.2,97.54826447247535,3718,908,STABLE,Unhealthy
29.13598318,96.15404098581857,47,91,VIBRATING,Unhealthy
29.09264494,98.26025227917106,47,95,STABLE,Unhealthy
29.8,99.33285862307517,2423,3152,STABLE,Unhealthy
29.5,96.9910889265807,569,368,STABLE,Moderate
27.6,97.65535933150208,3359,898,STABLE,Unhealthy
33.5,97.90679298520591,97,60,STABLE,Good
28.29070709,96.56232736542857,86,76,VIBRATING,Unhealthy for Sensitive Groups
25.4,96.80545296778622,65,89,STABLE,Good
26.0,94.78372242016876,46,206,STABLE,Good
28.40232701,98.51559233189825,54,133,STABLE,Unhealthy for Sensitive Groups
31.2,98.31277480868316,223,3075,STABLE,Unhealthy
26.7,98.13068011897248,817,1049,STABLE,Unhealthy for Sensitive Groups
33.4,97.4259801623871,620,913,STABLE,Moderate
29.8,97.41311277221352,95,77,STABLE,Good
28.75965688,97.95411750775301,68,214,STABLE,Unhealthy for Sensitive Groups
29.7,96.46757487484693,527,3160,STABLE,Unhealthy
33.0,99.65355530585045,30,180,STABLE,Good
25.2,96.66179866495042,233,82,STABLE,Good
28.7,98.18755639544807,864,3148,STABLE,Unhealthy
30.6,97.78959454953788,120,156,VIBRATING,Good
26.4,98.32855471187642,2262,420,STABLE,Unhealthy
29.1,97.80739462689488,47,95,STABLE,Unhealthy
28.48002844,96.48984748097129,86,81,STABLE,Unhealthy for Sensitive Groups
28.3,98.40245839089788,181,84,STABLE,Moderate
32.7,96.94843594742083,438,972,STABLE,Moderate
25.4,96.9786088486333,72,92,STABLE,Good
28.4,94.51116370239946,87,84,VIBRATING,Unhealthy for Sensitive Groups
29.0,96.98237722949413,52,156,STABLE,Moderate
27.2,97.85641236482245,136,234,STABLE,Good
27.6,99.33569209159475,98,62,VIBRATING,Good
25.6,98.22606154441925,527,489,STABLE,Moderate
29.60285398,98.82506090925787,75,237,STABLE,Unhealthy
28.6,97.4912961691007,104,84,STABLE,Moderate
28.41003326,97.54542531025713,87,75,STABLE,Unhealthy
28.8,98.09014337258581,3750,196,STABLE,Unhealthy
32.3940990592427,96.00174232141842,2995,207,STABLE,Unhealthy
26.3,97.35108860736672,995,1188,STABLE,Unhealthy for Sensitive Groups
28.6,99.05139635768079,86,84,STABLE,Moderate
24.9,99.70596216580364,3277,369,STABLE,Unhealthy
26.6,96.61604815443738,1355,1893,STABLE,Unhealthy for Sensitive Groups
26.7,98.18503908512142,1254,1670,STABLE,Unhealthy for Sensitive Groups
28.2,96.12879589963482,87,81,STABLE,Unhealthy for Sensitive Groups
24.9,98.17165277890273,865,3778,STABLE,Unhealthy
28.78425229,97.397508589762,85,237,STABLE,Unhealthy
32.4,98.92121719835895,917,2014,STABLE,Unhealthy
33.3,96.1253114397631,368,972,STABLE,Moderate
31.5,98.51378592967433,1040,1072,STABLE,Unhealthy for Sensitive Groups
33.3,98.32039730663126,495,718,STABLE,Moderate
29.0,96.73327969778052,1896,3556,STABLE,Unhealthy
28.0,96.45638661942972,178,89,STABLE,Moderate
28.74298585,98.61894779580938,76,88,STABLE,Unhealthy
31.617935514839527,98.81165224862649,458,3377,STABLE,Unhealthy
30.1,99.08962008443682,96,57,STABLE,Good
31.8,97.29134791053416,1075,1604,STABLE,Unhealthy for Sensitive Groups
25.4,98.42621839672069,3692,912,STABLE,Unhealthy
28.85665959,98.16111385253069,88,74,STABLE,Unhealthy
34.0,98.90914586590412,722,366,VIBRATING,Moderate
25.0,99.21873998329426,436,3104,STABLE,Unhealthy
26.7,98.44472717675863,621,980,VIBRATING,Moderate
28.48857122,95.51202590251448,86,79,STABLE,Unhealthy
28.1,94.86497886228241,591,1151,STABLE,Moderate
29.39398423,97.68714216145943,58,83,STABLE,Unhealthy
25.8,98.55730654924616,3922,3140,STABLE,Unhealthy
30.5,97.30086886192171,879,3303,STABLE,Unhealthy
32.1,96.37049185886495,310,440,STABLE,Moderate
28.1,99.40606031824623,86,82,STABLE,Moderate
25.8,98.6487945557951,773,954,STABLE,Moderate
33.4,97.2623793927882,464,3972,STABLE,Unhealthy
28.4,97.88322312980583,83,81,STABLE,Unhealthy
29.5,97.767963523655,2626,3891,STABLE,Unhealthy
29.40989959,93.16886308864275,53,89,STABLE,Unhealthy
31.70142600450691,97.20143764095748,2799,811,STABLE,Unhealthy
24.0,95.60067283207151,855,598,STABLE,Moderate
25.67200661,97.3806230054669,65,89,VIBRATING,Good
29.205724083333525,97.17570160669501,218,4095,STABLE,Unhealthy
27.8,97.03556281925988,83,78,STABLE,Moderate
24.4,98.60162456095715,1303,1932,STABLE,Unhealthy for Sensitive Groups
28.5,95.03132704995086,86,82,STABLE,Unhealthy
32.9,97.79659457079013,1684,1445,STABLE,Unhealthy for Sensitive Groups
25.8,99.55361401630019,71,91,STABLE,Good
24.9,97.62067335372942,3201,505,VIBRATING,Unhealthy
30.7,97.5559398338167,704,1830,STABLE,Unhealthy for Sensitive Groups
25.6,98.2999513983154,4066,1698,STABLE,Unhealthy
28.3,98.75719544510369,1107,1232,STABLE,Unhealthy for Sensitive Groups
32.0,96.72561817561377,1159,1451,STABLE,Unhealthy for Sensitive Groups
26.56466478,93.80155083302077,44,92,STABLE,Good
26.0,97.40100366399405,30,153,STABLE,Good
28.21546421,96.22698712227071,87,80,STABLE,Unhealthy for Sensitive Groups
28.15709746,99.00812732198155,86,84,STABLE,Unhealthy
25.34946962,98.6267612841074,72,91,STABLE,Good
28.7,97.44726744532544,98,82,STABLE,Good
24.2,96.4274255026628,886,359,STABLE,Moderate
31.7,98.02659700583752,3835,713,STABLE,Unhealthy
26.7,96.8756624264575,366,774,STABLE,Moderate
28.3,96.87518899142695,92,80,VIBRATING,Unhealthy for Sensitive Groups
26.2,99.26713418457565,129,123,STABLE,Good
28.9,98.65865038505893,55,82,STABLE,Moderate
27.9,99.19230095239399,83,78,VIBRATING,Moderate
32.8,98.52593170991442,61,124,VIBRATING,Good
32.5,98.22336054387043,829,478,STABLE,Moderate
33.6,98.63749537696367,233,39,STABLE,Good
26.4,99.21715821178324,63,94,VIBRATING,Good
31.8,94.65385362744831,722,1000,STABLE,Moderate
33.0,96.60243220996523,1529,898,STABLE,Unhealthy for Sensitive Groups
31.6,96.68118891806037,87,60,STABLE,Good
29.0,98.33479412740404,47,87,STABLE,Unhealthy
32.2,96.34507478783266,1173,1696,STABLE,Unhealthy for Sensitive Groups
33.2,95.89658735459776,1210,1048,STABLE,Unhealthy for Sensitive Groups
24.4,98.55034385330345,744,538,STABLE,Moderate
28.5,96.37615669581272,86,79,VIBRATING,Moderate
28.90172109,96.99700986994488,60,87,STABLE,Unhealthy
28.95926485,94.31888530653842,72,204,STABLE,Unhealthy for Sensitive Groups
29.6,98.8246459890101,392,3623,STABLE,Unhealthy
29.2,98.08450657570555,1209,732,STABLE,Unhealthy for Sensitive Groups
29.2,95.28299645587445,117,150,STABLE,Good
27.0,98.63552554681439,1621,1682,STABLE,Unhealthy for Sensitive Groups
28.29292838,96.10885247687432,86,79,STABLE,Unhealthy for Sensitive Groups
24.5,98.14931393664043,3085,481,STABLE,Unhealthy
32.8,96.59018695865187,251,2664,STABLE,Unhealthy
29.01313351,98.60454360922944,47,87,STABLE,Unhealthy
28.3,95.9219348132159,176,102,STABLE,Moderate
30.09060181,96.78719743092402,96,58,STABLE,Good
24.0,95.32010130187791,76,81,STABLE,Good
30.1,96.72724252395417,188,3971,STABLE,Unhealthy
33.3,98.24823831641082,288,3063,STABLE,Unhealthy
28.4,98.94345092779866,86,76,STABLE,Unhealthy
25.96258599,95.90739253037229,71,90,STABLE,Good
25.7,95.2736530124051,599,888,STABLE,Moderate
30.0,93.77020297179136,67,80,STABLE,Moderate
30.5,97.38699870723366,1559,1667,STABLE,Unhealthy for Sensitive Groups
33.6,98.57334016062583,239,105,STABLE,Good
32.634912457743624,96.86316909915237,2657,469,STABLE,Unhealthy
30.7,96.78974705767428,1974,2419,STABLE,Unhealthy
24.61515101123656,99.7764845846512,4095,4095,STABLE,Unhealthy
30.4,97.58589174242832,1241,1911,STABLE,Unhealthy for Sensitive Groups
28.49240996,96.5551408348264,86,82,VIBRATING,Unhealthy
28.45870617,96.88348358382244,85,4095,STABLE,Unhealthy
33.9,98.88954134868618,3936,2191,VIBRATING,Unhealthy
30.3,96.74473190612,845,1622,STABLE,Unhealthy for Sensitive Groups
24.7,95.11527718169769,333,3714,STABLE,Unhealthy
28.5,97.09521552997411,1049,1413,VIBRATING,Unhealthy for Sensitive Groups
31.6,98.59762453499927,3490,2605,STABLE,Unhealthy
29.20663082,93.98409218594581,46,92,STABLE,Unhealthy
29.9,97.80150549826703,69,70,STABLE,Moderate
25.9,97.91979929690356,771,814,STABLE,Moderate
29.8,97.36523452707262,47,148,STABLE,Good
31.7,98.67873882874504,87,60,VIBRATING,Good
29.44977446,97.90360665681798,73,77,STABLE,Unhealthy for Sensitive Groups
29.4,93.99124831223426,3095,3012,STABLE,Unhealthy
28.48393923,97.34729152002555,90,84,STABLE,Unhealthy for Sensitive Groups
30.8,98.3804015813756,676,276,STABLE,Moderate
24.8,97.03976345830384,877,798,STABLE,Moderate
28.46049539,99.16015582735265,86,81,STABLE,Unhealthy
29.2,99.02788817452591,846,3321,STABLE,Unhealthy
29.29018088,98.74820547667586,53,89,STABLE,Unhealthy
28.9,97.78397197083598,1585,1335,STABLE,Unhealthy for Sensitive Groups
30.1,99.5607774662707,1287,1198,STABLE,Unhealthy for Sensitive Groups
29.2,95.51090728453138,200,90,STABLE,Moderate
30.7,98.12088182711432,876,321,STABLE,Moderate
26.4,97.0106091727373,1441,1107,STABLE,Unhealthy for Sensitive Groups
27.6,95.20283647100094,4032,1309,STABLE,Unhealthy
29.0,97.89463514631672,73,202,STABLE,Unhealthy for Sensitive Groups
26.4,96.30448321774419,82,239,STABLE,Good
24.6,97.90140509388894,87,64,STABLE,Good
26.8,95.21666219708297,45,92,STABLE,Good
29.0,96.62222487909455,27,40,STABLE,Moderate
28.6,95.74332274864098,86,80,STABLE,Unhealthy for Sensitive Groups
33.8,98.87127392463336,52,36,STABLE,Good
31.35693678887519,97.03566027822573,2972,575,STABLE,Unhealthy
28.5,98.5185346445223,86,82,STABLE,Unhealthy
30.4,95.53635761544638,583,2766,STABLE,Unhealthy
28.25630855,98.23198586232516,85,82,STABLE,Unhealthy
33.6,97.62757004859024,367,288,STABLE,Moderate
32.3,97.23046160550149,125,196,STABLE,Good
30.5,98.42640978571012,537,540,STABLE,Moderate
24.9,97.0068039016154,2716,758,STABLE,Unhealthy
26.9,98.31916635489543,784,1016,STABLE,Moderate
31.0,93.17911770166371,3129,502,STABLE,Unhealthy
30.274379013037198,98.32690237591387,123,3660,STABLE,Unhealthy
24.1,98.61920420389231,1785,1249,STABLE,Unhealthy for Sensitive Groups
29.2,92.9540478445066,1310,1249,STABLE,Unhealthy for Sensitive Groups
32.7,96.05273119627897,996,1660,VIBRATING,Unhealthy for Sensitive Groups
28.5,98.63429185342916,770,2758,STABLE,Unhealthy
28.3,95.75552053480074,78,73,STABLE,Moderate
31.7,96.70113638556855,1856,242,STABLE,Unhealthy
30.2,98.78171804628965,188,149,STABLE,Good
32.7,95.5359528269253,445,2257,STABLE,Unhealthy
26.4,95.98446779896601,68,92,STABLE,Good
27.4,94.8819244215714,230,222,STABLE,Good
29.0454268,96.39440847049754,47,89,STABLE,Unhealthy
26.0,97.72677780091624,667,530,STABLE,Moderate
32.4,96.98532867420958,48,250,STABLE,Good
28.23268704,97.43438786925765,86,80,STABLE,Unhealthy for Sensitive Groups
29.4,97.38835146269776,70,75,STABLE,Moderate
24.5,94.95349552205639,847,425,STABLE,Moderate
32.5,94.28801446785684,3634,2694,STABLE,Unhealthy
24.3,98.3877447327371,1428,1306,VIBRATING,Unhealthy for Sensitive Groups
32.7,96.31837901273353,1589,1225,STABLE,Unhealthy for Sensitive Groups
29.2,97.57943736434817,2554,3228,VIBRATING,Unhealthy
29.34326071,94.5786491437698,51,93,STABLE,Unhealthy
32.4,98.9975194622126,787,1293,STABLE,Unhealthy for Sensitive Groups
33.4,96.61373424302101,1182,1670,STABLE,Unhealthy for Sensitive Groups
31.0,98.66728291013854,1829,134,VIBRATING,Unhealthy
28.3,99.64778153944853,2832,296,STABLE,Unhealthy
31.6,98.1981485630079,3005,199,STABLE,Unhealthy
26.0,93.81031687933543,685,586,STABLE,Moderate
28.5,95.88537044314319,1310,963,STABLE,Unhealthy for Sensitive Groups
26.2,98.04063536632617,675,3217,STABLE,Unhealthy
26.7,96.05409167592684,45,94,VIBRATING,Good
27.3,97.71106642787538,3357,812,STABLE,Unhealthy
25.7,97.84119706015682,877,2404,STABLE,Unhealthy
34.1,95.67358481985485,96,60,STABLE,Good
29.2082458,92.8149383090474,47,93,STABLE,Unhealthy
28.2,95.8535602451367,62,106,VIBRATING,Unhealthy
25.0,95.94843740097208,419,275,STABLE,Moderate
30.8,98.82320695986246,223,108,STABLE,Good
26.0,97.83370217311789,775,3141,STABLE,Unhealthy
33.2,97.63243666366822,1517,914,STABLE,Unhealthy for Sensitive Groups
25.5,95.3552099979381,229,106,STABLE,Good
30.8,98.05200961450406,1789,971,STABLE,Unhealthy for Sensitive Groups
28.8,97.58296086081958,121,138,STABLE,Good
24.2,98.88884086201158,900,1610,STABLE,Unhealthy for Sensitive Groups
28.4,95.57910887300352,86,83,STABLE,Unhealthy for Sensitive Groups
26.9,93.33072397280517,43,65,STABLE,Good
26.8,95.39477906852814,1528,1735,VIBRATING,Unhealthy for Sensitive Groups
29.2,95.64067970332047,230,82,VIBRATING,Moderate
29.0,96.78845248169391,40,245,STABLE,Good
28.7,96.86117504840135,833,809,STABLE,Moderate
29.0,96.11546027669925,2754,109,STABLE,Unhealthy
26.5,94.87483505207392,43,92,STABLE,Good
29.1,96.76943987168052,48,96,STABLE,Unhealthy
28.5,96.29066080157489,3699,2649,STABLE,Unhealthy
33.5,96.95714359733847,2992,756,STABLE,Unhealthy
30.2,94.57826685728224,776,1733,STABLE,Unhealthy for Sensitive Groups
26.2,98.60035250081818,96,66,STABLE,Good
28.06382415,98.06903335867504,86,80,STABLE,Unhealthy for Sensitive Groups
33.5,96.68633295661905,178,139,STABLE,Good
26.8,95.60863445384493,192,131,STABLE,Good
27.0,97.27400499576603,1389,709,STABLE,Unhealthy for Sensitive Groups
31.7,97.25752096804123,756,3104,STABLE,Unhealthy
27.9,94.41341088137725,168,50,STABLE,Good
32.5,99.42787188696762,1166,1046,STABLE,Unhealthy for Sensitive Groups
27.1,97.98220997508376,134,145,STABLE,Good
28.5,97.3979236392917,87,83,STABLE,Moderate
25.1,97.4369693839896,584,338,STABLE,Moderate
28.4,98.26665383522115,85,72,VIBRATING,Moderate
33.7,97.02142033683005,791,1398,STABLE,Unhealthy for Sensitive Groups
28.3,99.26807273277457,55,135,STABLE,Unhealthy for Sensitive Groups
30.0,97.32741396522377,69,86,VIBRATING,Moderate
31.9,96.0873550011934,120,2881,STABLE,Unhealthy
24.8,97.24510828950184,552,461,STABLE,Moderate
33.6,97.17421783541711,994,1247,STABLE,Unhealthy for Sensitive Groups
24.9,97.64108506383464,470,940,STABLE,Moderate
32.9,96.90546193387172,645,301,STABLE,Moderate
31.7,99.27953606796008,1036,1836,STABLE,Unhealthy for Sensitive Groups
33.1,96.47018997456766,2869,598,STABLE,Unhealthy
32.3,96.64587994672611,766,3375,STABLE,Unhealthy
26.6,96.42548935732967,44,93,STABLE,Good
26.137816296897842,99.87791635053368,4095,738,STABLE,Unhealthy
27.2,98.9220422699113,68,116,STABLE,Good
27.6,98.93089852875953,1241,1231,STABLE,Unhealthy for Sensitive Groups
25.9,94.95846789677793,72,86,STABLE,Good
29.6623977,97.20572916022219,61,90,STABLE,Unhealthy
27.7,97.25995766164255,3644,936,STABLE,Unhealthy
32.2,96.73787953837932,1394,1147,STABLE,Unhealthy for Sensitive Groups
33.1,99.3320503794497,651,1042,STABLE,Moderate
28.8,97.15573130642503,3689,3689,STABLE,Unhealthy
26.7,95.75492830481829,772,925,STABLE,Moderate
30.4,99.1406011659167,3925,1558,STABLE,Unhealthy
25.1,98.96158024345952,3908,197,STABLE,Unhealthy
31.6,98.90975729071252,78,145,STABLE,Good
27.8,96.9829155101269,81,91,STABLE,Good
28.3,96.85616741071328,76,74,STABLE,Moderate
31.2,98.48872902801384,146,100,STABLE,Good
27.22789080166198,96.51877660334787,195,4095,STABLE,Unhealthy
26.8,97.55926510670702,229,45,VIBRATING,Good
26.7,97.31782237730881,1408,942,STABLE,Unhealthy for Sensitive Groups
28.9,98.55910484901594,87,76,VIBRATING,Unhealthy for Sensitive Groups
26.0,97.63607688430393,64,219,STABLE,Good
33.4,98.78208622940977,98,59,STABLE,Good
28.3,95.1893661271202,86,78,STABLE,Unhealthy for Sensitive Groups
32.9,97.8930024423432,734,996,STABLE,Moderate
28.7,97.97369356194613,3810,3412,STABLE,Unhealthy
33.1,95.67477678439843,3695,411,STABLE,Unhealthy
29.01734104,99.01264954470538,48,92,STABLE,Unhealthy
28.22557209,98.66158073567472,86,83,STABLE,Unhealthy for Sensitive Groups
30.2,98.43971193314013,543,544,STABLE,Moderate
29.08382093,98.28539408734734,83,73,STABLE,Unhealthy
28.6,96.67784038230064,326,2091,STABLE,Unhealthy
31.7,95.66124059749524,265,362,STABLE,Moderate
25.6,98.88420561659633,31,68,STABLE,Good
26.8,96.80351936641445,47,199,STABLE,Good
29.3,98.91066875940295,86,69,STABLE,Moderate
30.3,96.53865691842488,2063,3304,STABLE,Unhealthy
30.2,97.2225778318737,256,1140,VIBRATING,Moderate
33.2,96.48866258071492,95,60,STABLE,Good
26.1,97.73208904091,1995,442,STABLE,Unhealthy
28.8,98.14374566440242,84,71,VIBRATING,Moderate
27.9,98.39190016413393,178,90,STABLE,Moderate
31.7,97.31102608721619,3712,840,STABLE,Unhealthy
32.0,96.85519775473531,1660,1374,STABLE,Unhealthy for Sensitive Groups
32.3,98.69256377204405,3788,956,STABLE,Unhealthy
31.7,98.57710112929642,1432,1533,STABLE,Unhealthy for Sensitive Groups
25.84682681,95.20169284511782,72,85,STABLE,Good
28.3,98.75356179905135,85,75,STABLE,Unhealthy for Sensitive Groups
28.43802218,99.48622470921707,86,80,STABLE,Unhealthy for Sensitive Groups
26.7,96.94435475818574,3861,3902,STABLE,Unhealthy
33.5,96.24755787416697,187,155,STABLE,Good
25.8,96.90564241622454,1148,1829,STABLE,Unhealthy for Sensitive Groups
31.9,95.2158739749295,4057,1570,STABLE,Unhealthy
25.8,92.5959897241186,140,111,STABLE,Good
29.2,94.25125892401329,3884,367,STABLE,Unhealthy
26.4,97.66307127175813,3001,682,STABLE,Unhealthy
28.0,95.6096559566557,3771,566,STABLE,Unhealthy
32.2,96.3684264980998,928,1731,STABLE,Unhealthy for Sensitive Groups
32.3,96.55412865165526,311,744,STABLE,Moderate
29.9,96.5843409022734,79,2349,STABLE,Unhealthy
27.1,97.02059048932549,1786,1526,STABLE,Unhealthy for Sensitive Groups
28.9,94.73328193017409,105,84,VIBRATING,Moderate
28.35151737,97.48904273016431,86,83,STABLE,Unhealthy for Sensitive Groups
30.2,96.02219347898172,766,1491,STABLE,Unhealthy for Sensitive Groups
29.9,98.83199530670544,1397,1223,STABLE,Unhealthy for Sensitive Groups
29.0,96.81531610268007,43,110,STABLE,Good
30.3,96.42706930210629,264,3720,STABLE,Unhealthy
28.6,98.63046246311929,1186,1755,STABLE,Unhealthy for Sensitive Groups
30.8,94.56067749508549,72,213,STABLE,Good
28.35318575,98.35953761634366,86,76,STABLE,Unhealthy
28.6,95.00475977359237,85,82,STABLE,Unhealthy for Sensitive Groups
28.5,98.53621054659969,86,82,STABLE,Unhealthy for Sensitive Groups
32.9,95.02925677689703,1491,1961,STABLE,Unhealthy for Sensitive Groups
33.7112735519568,96.7700288372796,4095,754,STABLE,Unhealthy
29.13800745,98.88444090563574,48,97,STABLE,Unhealthy
29.9,96.8431980314681,66,75,VIBRATING,Moderate
32.4,98.13446476847078,583,455,STABLE,Moderate
30.1,93.20664415513218,782,1903,STABLE,Unhealthy for Sensitive Groups
26.6,98.79487620290527,2597,137,STABLE,Unhealthy
30.1,98.42465278570235,96,58,VIBRATING,Good
24.9,94.3658381030098,783,407,STABLE,Moderate
29.4,95.63447528874023,737,869,STABLE,Moderate
24.6,96.83191194090234,324,648,STABLE,Moderate
28.3,96.02560596713295,56,137,STABLE,Unhealthy for Sensitive Groups
33.7,97.34878990296266,1760,1027,STABLE,Unhealthy for Sensitive Groups
29.96423389,98.74820695103556,68,77,STABLE,Unhealthy
26.3,97.1409827477791,104,228,STABLE,Good
32.0,94.73723865800932,581,1053,STABLE,Moderate
31.8,99.0907812594242,749,764,STABLE,Moderate
26.2,98.59214146259438,367,407,STABLE,Moderate
32.4,95.83943006691288,160,182,STABLE,Good
29.8,98.49537181907067,66,78,STABLE,Moderate
25.6,95.89148196402944,60,105,STABLE,Good
26.8,96.94453422469192,1313,1751,STABLE,Unhealthy for Sensitive Groups
26.27024841,95.327021861847,72,85,STABLE,Good
31.9,96.10435472466966,834,2271,STABLE,Unhealthy
29.9,98.15233571853942,743,3421,STABLE,Unhealthy
29.8,95.49665965680931,187,182,STABLE,Good
25.7,98.13406551564091,715,683,STABLE,Moderate
24.9,96.54295191338265,3075,132,STABLE,Unhealthy
29.00022402,96.54840966462626,46,87,STABLE,Unhealthy for Sensitive Groups
25.9,98.69099215028511,80,97,STABLE,Good
34.0,99.1599221517121,386,309,STABLE,Moderate
29.16877282,96.58099343860005,47,92,VIBRATING,Unhealthy
32.4,96.23451135850297,59,63,STABLE,Good
28.7,94.14492247467606,4037,370,STABLE,Unhealthy
30.0,97.43701211536172,633,729,STABLE,Moderate
29.4,97.1018170875247,1538,1930,STABLE,Unhealthy for Sensitive Groups
25.4,98.69460913865284,1632,1315,VIBRATING,Unhealthy for Sensitive Groups
33.4,98.0118598265132,1011,784,STABLE,Unhealthy for Sensitive Groups
29.8,95.49403959978207,70,74,STABLE,Unhealthy
30.0,97.54219264206365,96,58,STABLE,Good
28.7,97.64877536151894,2958,510,STABLE,Unhealthy
28.8,98.35143038264177,88,69,STABLE,Moderate
24.4,97.77076247600301,1352,1807,STABLE,Unhealthy for Sensitive Groups
27.714322944593484,99.67960633141811,853,3495,STABLE,Unhealthy
24.2,96.03758511311501,1112,1034,STABLE,Unhealthy for Sensitive Groups
28.1,96.23217590169335,530,259,STABLE,Moderate
24.7,96.28225493383532,874,847,STABLE,Moderate
29.12327755,98.40584614854332,47,90,STABLE,Unhealthy
24.4,97.55485642558051,879,1352,STABLE,Unhealthy for Sensitive Groups
27.6,98.47733961886965,1396,820,STABLE,Unhealthy for Sensitive Groups
24.8,98.48261920223968,431,1065,STABLE,Moderate
28.190045852934396,99.08748413954407,4095,113,STABLE,Unhealthy
33.9,98.72224140854838,704,3980,STABLE,Unhealthy
27.6,95.7050446784823,1172,711,STABLE,Unhealthy for Sensitive Groups
32.5,98.02431954490895,388,3763,STABLE,Unhealthy
24.0,95.25363773070909,3674,245,STABLE,Unhealthy
31.14442063491197,99.38080109674111,392,2995,VIBRATING,Unhealthy
24.3,98.36612922779969,78,198,STABLE,Good
32.23480387,97.36048998157398,88,60,STABLE,Good
32.2,94.79381325191002,830,362,STABLE,Moderate
24.2,96.81931742446417,708,1596,STABLE,Unhealthy for Sensitive Groups
31.5,94.97375956125666,705,393,STABLE,Moderate
29.12002189,98.30384879953404,47,95,STABLE,Unhealthy
31.3,95.79448621734232,2090,427,STABLE,Unhealthy
32.3,94.44661175535364,3514,2552,STABLE,Unhealthy
26.6,97.79792988919712,3268,635,STABLE,Unhealthy
24.1,99.03599717497484,928,2486,STABLE,Unhealthy
29.08258766,99.50306029961784,46,88,VIBRATING,Unhealthy for Sensitive Groups
29.1,97.29445044905908,47,91,STABLE,Unhealthy
29.2,93.44743235019024,47,93,STABLE,Unhealthy
28.28233224,95.29001206813714,87,83,STABLE,Unhealthy
32.2,94.65974858233344,3814,918,VIBRATING,Unhealthy
29.3,97.2142864689664,240,38,STABLE,Good
28.38074303,97.83314661408735,87,83,STABLE,Unhealthy for Sensitive Groups
31.7,98.95899785728919,51,179,STABLE,Good
27.4,97.85534074876213,534,559,STABLE,Moderate
29.4,98.5560654048297,1192,1677,STABLE,Unhealthy for Sensitive Groups
33.7,97.66267864024742,466,357,STABLE,Moderate
29.0,99.02927774888924,37,78,STABLE,Moderate
32.1,97.06065945836606,444,3249,STABLE,Unhealthy
28.3,94.61156970837888,1165,1161,STABLE,Unhealthy for Sensitive Groups
28.7,98.50332022866067,783,4081,STABLE,Unhealthy
33.1,96.8776303575716,3581,1767,STABLE,Unhealthy
29.19501343,96.6126162442609,48,98,STABLE,Unhealthy
24.9,99.30508579753078,2205,2272,STABLE,Unhealthy
29.8,97.27631080765933,1421,754,STABLE,Unhealthy for Sensitive Groups
24.7,95.22458844364556,585,584,STABLE,Moderate
28.3,96.07928562182911,56,61,STABLE,Good
26.5,98.25321430507107,793,921,STABLE,Moderate
30.3,97.14614784290657,2618,966,STABLE,Unhealthy
33.9,96.08761739041927,1900,198,STABLE,Unhealthy
24.7,96.81636203263979,648,809,STABLE,Moderate
25.3,95.65521324614389,369,979,STABLE,Moderate
25.3,91.92935083382532,1719,1865,STABLE,Unhealthy for Sensitive Groups
25.6,97.57750963082285,124,168,STABLE,Good
28.37127135,93.95047575366297,86,79,STABLE,Unhealthy for Sensitive Groups
32.5,93.56252797426187,798,564,STABLE,Moderate
29.1,94.50780725128887,1035,1162,STABLE,Unhealthy for Sensitive Groups
25.2,98.58975424011417,1253,1021,STABLE,Unhealthy for Sensitive Groups
28.56273401,97.634433084795,101,86,STABLE,Unhealthy for Sensitive Groups
24.8,98.36152187800589,2677,3374,STABLE,Unhealthy
28.7,95.38998153296058,3854,938,VIBRATING,Unhealthy
25.4,99.16485668681455,295,3789,STABLE,Unhealthy
28.27654387,95.04521129152334,86,79,STABLE,Unhealthy for Sensitive Groups
26.4,96.37006122829416,1091,1521,STABLE,Unhealthy for Sensitive Groups
28.0,95.88699330939039,87,82,VIBRATING,Moderate
26.2,97.61513194633453,74,86,STABLE,Good
24.4,96.02156233316694,630,264,STABLE,Moderate
31.0,98.08054451328239,42,208,VIBRATING,Good
27.4,97.52090202944376,153,127,STABLE,Good
25.287464165904037,99.85714660107384,121,3234,STABLE,Unhealthy
33.7,96.61669868238765,3403,58,STABLE,Unhealthy
29.6,98.19245009947765,128,129,STABLE,Good
32.4,96.63410252702074,741,3916,STABLE,Unhealthy
33.0,95.52718710888328,79,214,STABLE,Good
26.5,96.20932377072269,172,220,STABLE,Good
28.46280645,97.52793351106507,72,4095,VIBRATING,Unhealthy
29.0,98.43848000856252,469,2250,STABLE,Unhealthy
28.54488453,94.59359823599073,86,84,STABLE,Unhealthy for Sensitive Groups
30.4,99.13207077321371,95,57,STABLE,Good
32.15835154384821,99.06518786016795,3032,408,STABLE,Unhealthy
25.437013068040653,97.99460331494826,301,2104,STABLE,Unhealthy
31.4,95.67481031238775,1786,1469,STABLE,Unhealthy for Sensitive Groups
31.1,99.49900006248367,228,39,STABLE,Good
25.7,92.95438583521569,73,85,VIBRATING,Good
27.4,95.04828523835963,2996,3761,STABLE,Unhealthy
28.3,97.68137151093529,64,53,STABLE,Moderate
33.5,99.24041282374431,780,1740,STABLE,Unhealthy for Sensitive Groups
28.43860255,97.30486152276228,86,82,STABLE,Unhealthy for Sensitive Groups
28.6,96.64487642310165,182,101,VIBRATING,Moderate
28.6,98.99856248744834,900,2033,STABLE,Unhealthy
28.8,96.34546456249818,80,124,STABLE,Good
26.8,98.81101403144336,3537,2586,STABLE,Unhealthy
27.6,94.95561487601964,3025,206,STABLE,Unhealthy
29.80354795,98.84599249230398,71,73,VIBRATING,Unhealthy for Sensitive Groups
24.0,95.91637252809117,1346,1212,STABLE,Unhealthy for Sensitive Groups
30.1,96.19923891529942,68,76,STABLE,Good
29.8,97.34764421172648,855,902,STABLE,Moderate
24.5,96.23751087346889,3619,462,STABLE,Unhealthy
33.2,99.027605947168,2213,542,VIBRATING,Unhealthy
28.9,98.23365945178499,1531,932,STABLE,Unhealthy for Sensitive Groups
28.35598443,91.85938545980277,87,78,STABLE,Unhealthy for Sensitive Groups
30.4,98.47458707415308,56,7,STABLE,Moderate
29.3,97.07446258425294,2456,733,STABLE,Unhealthy
28.24090892,94.92105475485079,86,77,VIBRATING,Unhealthy for Sensitive Groups
27.3,97.96128610667152,386,2268,STABLE,Unhealthy
26.9,96.18947084195402,980,2783,STABLE,Unhealthy
25.465556737925606,98.62889815721536,441,2250,STABLE,Unhealthy
31.3,97.67412809575198,3977,54,STABLE,Unhealthy
24.9,98.04866375890616,988,1536,STABLE,Unhealthy for Sensitive Groups
25.3,99.17139396334517,39,178,STABLE,Good
32.7,98.25020613984215,3294,471,STABLE,Unhealthy
28.9,98.64223176404005,234,231,STABLE,Good
28.36428815,95.24782241831667,86,83,STABLE,Unhealthy for Sensitive Groups
32.00460026,97.4810258734297,87,60,STABLE,Good
28.8,96.79217944315981,217,35,STABLE,Good
26.6,98.41389199178674,44,92,VIBRATING,Good
33.5,99.09639008273157,215,220,STABLE,Good
31.96144988064515,99.58871041486375,222,4018,STABLE,Unhealthy
30.3,96.56989693740319,72,109,STABLE,Unhealthy for Sensitive Groups
30.9,94.87814668178359,517,264,STABLE,Moderate
29.9,98.3092697027507,312,2140,STABLE,Unhealthy
29.8,95.58219787255484,104,118,VIBRATING,Good
24.2,95.46397371989994,50,34,STABLE,Good
31.9,97.35864351681784,185,234,STABLE,Good
28.3401286,98.40094113077376,86,77,STABLE,Unhealthy for Sensitive Groups
26.9,98.36520971610356,154,84,STABLE,Good
25.0,97.81048180738489,2892,2403,STABLE,Unhealthy
28.7,98.42840837395437,59,135,STABLE,Good
32.2,98.04389706403961,261,464,STABLE,Moderate
25.2,96.08665367190017,141,229,STABLE,Good
28.3,95.48550801218104,86,69,STABLE,Moderate
28.9,97.49171352676423,106,86,STABLE,Moderate
29.2,99.41306482996617,47,91,STABLE,Unhealthy
30.0,97.14616550478452,66,76,STABLE,Moderate
26.6,98.16391951327905,1065,1839,STABLE,Unhealthy for Sensitive Groups
32.0,97.89933868712457,694,3723,STABLE,Unhealthy
32.6,98.85655604754325,1809,3579,STABLE,Unhealthy
25.5,98.93101391170464,73,85,VIBRATING,Good
29.2,97.58924235573289,2041,788,STABLE,Unhealthy
25.8,96.75739085479525,79,189,STABLE,Good
32.2,93.88488516574832,846,3492,STABLE,Unhealthy
29.8,98.41812612816469,71,73,VIBRATING,Unhealthy
30.9,97.3714659783461,1435,1189,STABLE,Unhealthy for Sensitive Groups
33.1,97.62057524371772,97,60,STABLE,Good
26.4,97.34269232093762,591,1191,STABLE,Moderate
29.9,96.81886963822242,67,87,STABLE,Moderate
27.9,97.58257328699979,162,190,STABLE,Good
26.1,99.15317523877219,258,1156,STABLE,Moderate
31.3,97.04184378171125,185,207,STABLE,Good
31.3,95.90422249431441,163,162,STABLE,Good
28.44922229,97.24923998875323,86,77,STABLE,Unhealthy for Sensitive Groups
27.8,97.05312371655532,746,915,STABLE,Unhealthy for Sensitive Groups
31.7,96.31403105581101,200,143,STABLE,Good
28.9,99.0533122156714,3815,2518,STABLE,Unhealthy
33.1,97.93396006941813,76,132,STABLE,Good
25.1,97.36885204311493,975,1094,STABLE,Unhealthy for Sensitive Groups
27.5,97.98171561341847,237,224,STABLE,Good
25.9,97.57185752505868,72,86,STABLE,Good
31.7,99.0760087964686,839,601,STABLE,Moderate
31.1,97.93237956521386,708,3597,STABLE,Unhealthy
24.0,97.26206552302443,776,1262,STABLE,Unhealthy for Sensitive Groups
24.2,98.06647557289659,1738,1376,STABLE,Unhealthy for Sensitive Groups
27.0,97.04627410613878,73,157,STABLE,Good
28.7,97.91713991370253,45,212,STABLE,Good
32.5,98.77496361747357,872,408,STABLE,Moderate
28.30822475,98.67416175655327,86,82,STABLE,Unhealthy for Sensitive Groups
24.7,94.59957534785201,629,1153,STABLE,Moderate
31.3,96.63070581527029,1828,466,STABLE,Unhealthy
29.4,97.65518454464124,755,288,STABLE,Moderate
26.2,98.8281017490947,166,66,STABLE,Good
26.3,96.3165277822814,74,87,STABLE,Good
28.9,96.59924684913885,192,83,STABLE,Moderate
31.0,98.69285189605209,1097,1169,STABLE,Unhealthy for Sensitive Groups
31.2,95.61841070218827,868,788,STABLE,Moderate
30.1,96.85680453565732,759,811,STABLE,Moderate
28.5,98.88174486140103,87,79,VIBRATING,Moderate
33.1,91.29987851069491,563,1110,STABLE,Moderate
32.3,97.76772806850636,1341,1670,STABLE,Unhealthy for Sensitive Groups
29.6,94.78617258115322,68,78,STABLE,Moderate
29.14190679,99.23780027261807,47,94,VIBRATING,Unhealthy
30.4,96.45264877118134,3618,454,STABLE,Unhealthy
33.999347015047626,96.35064813530134,4095,197,STABLE,Unhealthy
28.89683578,95.32123845285754,55,174,STABLE,Unhealthy
25.6,95.35169682648578,2142,804,STABLE,Unhealthy
33.6,97.46539620442083,357,4045,STABLE,Unhealthy
29.36290113,96.23656800901358,78,240,STABLE,Unhealthy
25.1,99.13881364653287,481,3840,STABLE,Unhealthy
32.0,94.22634069259753,539,1147,STABLE,Moderate
31.0,97.43250189406024,90,60,STABLE,Good
27.7,96.52945581536245,3710,52,STABLE,Unhealthy
32.9,96.80002348246806,123,138,STABLE,Good
24.8,98.45651917292497,722,2906,STABLE,Unhealthy
27.1,97.27044194228071,268,659,STABLE,Moderate
24.9,98.91363257738374,287,1094,STABLE,Moderate
27.8,95.18607943506882,186,136,STABLE,Good
29.0,96.54669010402486,1195,1492,STABLE,Unhealthy for Sensitive Groups
29.02004629,99.15562929105339,47,88,STABLE,Unhealthy
33.2,97.1661395386968,845,1443,STABLE,Unhealthy for Sensitive Groups
29.4,98.1341264631303,65,61,VIBRATING,Good
31.7,98.2218871350061,126,213,STABLE,Good
30.3,97.63962682152693,423,3119,STABLE,Unhealthy
32.4,96.7395387576466,199,89,STABLE,Good
26.7,97.98404453259876,60,111,STABLE,Good
24.6,96.00779635202548,2950,2205,STABLE,Unhealthy
30.5,97.5533858596948,153,3896,STABLE,Unhealthy
29.1,96.53007812067526,47,94,STABLE,Unhealthy
30.1,95.25506331676426,3379,3999,STABLE,Unhealthy
28.0,95.73167741973036,619,591,STABLE,Moderate
28.0,98.56629205497427,163,203,STABLE,Good
33.2,98.33218233637928,3401,628,STABLE,Unhealthy
29.90565736,96.94437581327158,62,86,STABLE,Unhealthy
28.4,97.12057496617037,79,73,STABLE,Moderate
28.3,95.77156576193283,1746,825,STABLE,Unhealthy for Sensitive Groups
29.0,96.11813907078391,3024,3356,STABLE,Unhealthy
31.9,98.73263843721838,844,998,STABLE,Moderate
28.5,97.57464869048866,86,82,STABLE,Unhealthy
26.6,99.46358832475087,1258,843,STABLE,Unhealthy for Sensitive Groups
26.4,97.85406544205246,993,845,STABLE,Unhealthy for Sensitive Groups
32.8,95.93734761905897,741,791,STABLE,Moderate
26.1,98.82057895593952,288,1040,STABLE,Moderate
30.0,97.54805050802723,656,980,STABLE,Moderate
28.3,96.61344187881508,86,78,STABLE,Unhealthy for Sensitive Groups
28.7,94.36377067489973,310,1083,STABLE,Moderate
27.6,96.82903817981686,477,632,STABLE,Moderate
30.0,96.83785285894189,130,180,STABLE,Good
28.9,97.46312668026233,56,83,STABLE,Moderate
24.8,98.34372097155527,1721,701,STABLE,Unhealthy for Sensitive Groups
27.5,96.37244915224501,848,399,STABLE,Moderate
27.0,97.40097573883116,931,2519,STABLE,Unhealthy
27.3,97.1898612613103,355,2676,STABLE,Unhealthy
33.4,96.69153716767372,1692,1379,VIBRATING,Unhealthy for Sensitive Groups
28.5,98.04130588272788,183,96,STABLE,Moderate
28.5,97.48925453643395,810,3106,STABLE,Unhealthy
29.2,95.62583728698709,1160,1831,STABLE,Unhealthy for Sensitive Groups
33.4,98.75938466910465,3741,3995,STABLE,Unhealthy
28.34645986,95.71157093647088,85,4095,STABLE,Unhealthy
24.2,94.078323967736,169,138,STABLE,Good
27.3,98.05960563199883,1482,1119,STABLE,Unhealthy for Sensitive Groups
28.4,97.31758867365107,758,1178,STABLE,Moderate
26.0,96.43766779172542,227,232,STABLE,Good
29.6,99.33190433661817,107,188,STABLE,Good
28.59394697,97.37938578816197,51,125,VIBRATING,Unhealthy for Sensitive Groups
28.3,94.27641934575583,85,77,VIBRATING,Unhealthy for Sensitive Groups
26.9,97.872199881718,444,94,STABLE,Good
31.2,96.57797862420253,168,241,STABLE,Good
30.5,97.61423776607272,783,927,STABLE,Moderate
33.2,94.59318416520816,249,136,STABLE,Good
26.6,94.67995425964067,562,1007,STABLE,Moderate
31.3,95.39055158514451,1781,1090,STABLE,Unhealthy for Sensitive Groups
32.1,96.5380210155234,735,1918,STABLE,Unhealthy for Sensitive Groups
29.8,97.90811167928484,94,78,STABLE,Good
24.2,97.50855430923279,118,121,STABLE,Good
24.3,98.64575728324363,145,34,STABLE,Good
29.3,97.99485493649603,945,1762,STABLE,Unhealthy for Sensitive Groups
26.9,97.22771909896535,182,175,STABLE,Good
32.9,97.98221862404226,1728,1185,STABLE,Unhealthy for Sensitive Groups
28.5,93.76146203765235,1581,1964,STABLE,Unhealthy for Sensitive Groups
27.3,97.42696844135081,875,979,STABLE,Unhealthy for Sensitive Groups
30.5,98.24063078872845,46,53,STABLE,Good
32.9,94.31956872220161,751,928,STABLE,Moderate
28.9,93.80609200391915,1578,858,STABLE,Unhealthy for Sensitive Groups
29.1,99.22632035430723,1409,988,STABLE,Unhealthy for Sensitive Groups
30.8,95.83007115163302,43,218,STABLE,Good
26.6,95.8262670316751,2180,931,VIBRATING,Unhealthy
33.3,97.0971989964623,72,247,STABLE,Good
28.31746466,99.06504638873568,52,113,STABLE,Unhealthy for Sensitive Groups
28.25437789,94.19099700550474,86,79,STABLE,Unhealthy for Sensitive Groups
24.354353957616425,97.18664629232839,4095,188,VIBRATING,Unhealthy
24.1,96.89886630425151,800,1685,STABLE,Unhealthy for Sensitive Groups
33.2,97.73526036247259,436,1065,STABLE,Moderate
28.5,97.50928166460967,2536,557,STABLE,Unhealthy
26.7,97.28844595442946,45,94,STABLE,Good
26.49180560042038,99.14136209038978,746,4095,VIBRATING,Unhealthy
31.6,98.22984062075794,4009,4016,STABLE,Unhealthy
33.2,95.311733012667,386,3288,STABLE,Unhealthy
30.7,98.31809703851363,2574,2051,STABLE,Unhealthy
32.4,97.3183916661487,1216,932,STABLE,Unhealthy for Sensitive Groups
29.9,98.43932813823812,1697,704,STABLE,Unhealthy for Sensitive Groups
33.4,98.54540171237608,1270,741,STABLE,Unhealthy for Sensitive Groups
27.1,96.31298363473721,563,753,STABLE,Moderate
28.5,96.75413410978591,86,82,VIBRATING,Unhealthy for Sensitive Groups
31.4,95.3850634417322,175,214,STABLE,Good
28.25119943,96.01987357400041,86,75,STABLE,Unhealthy for Sensitive Groups
33.4,98.73100506480301,3550,898,STABLE,Unhealthy
31.5,96.38197824967203,856,1661,STABLE,Unhealthy for Sensitive Groups
28.47560334,98.47436962861124,50,123,STABLE,Unhealthy for Sensitive Groups
29.17352127,95.24052964222226,47,93,STABLE,Unhealthy
29.9,97.42164128842646,184,131,STABLE,Good
31.0,94.65397685314841,3580,3356,STABLE,Unhealthy
28.7,97.19465530457565,507,524,STABLE,Moderate
32.5,97.78377292342157,949,1547,STABLE,Unhealthy for Sensitive Groups
31.5,95.68366769618198,889,1540,STABLE,Unhealthy for Sensitive Groups
24.3,99.61580330670225,207,180,STABLE,Good
34.0,94.9346405542198,1893,257,STABLE,Unhealthy
32.6,98.55113631397559,1029,1948,VIBRATING,Unhealthy for Sensitive Groups
24.1,96.40401286425262,522,788,STABLE,Moderate
29.61557681,96.32344516176337,75,237,STABLE,Unhealthy
30.1,97.36712325840479,3378,877,STABLE,Unhealthy
29.04601394,98.76373356070148,47,90,STABLE,Unhealthy
27.2,99.23954146077764,288,513,STABLE,Moderate
28.3,98.23973859029023,87,77,VIBRATING,Moderate
28.71636402,98.66495794202024,68,90,VIBRATING,Unhealthy
31.8,95.47584671472197,531,1016,STABLE,Moderate
26.1,98.84658318074078,3283,300,STABLE,Unhealthy
33.3,94.17410575223532,801,302,STABLE,Moderate
33.3,98.9983743059594,282,320,STABLE,Moderate
24.4,97.7598059025869,529,1082,STABLE,Moderate
28.39564157,98.21918187562743,86,84,VIBRATING,Unhealthy for Sensitive Groups
24.7,97.04293522489264,75,94,VIBRATING,Good
24.7,98.31914294504861,1461,1333,STABLE,Unhealthy for Sensitive Groups
30.9,94.65059268079953,117,163,STABLE,Good
32.6,96.75973486541201,114,34,STABLE,Good
31.9,96.25016953761848,4003,589,STABLE,Unhealthy
26.2,96.70041657421022,74,86,VIBRATING,Good
27.6,96.81940941546078,843,761,STABLE,Moderate
28.3,93.90093105097505,78,72,STABLE,Moderate
28.6,92.51446438678927,84,82,STABLE,Unhealthy for Sensitive Groups
32.680259156029,96.65817128460635,825,3602,VIBRATING,Unhealthy
30.7,95.7594540917056,120,2255,STABLE,Unhealthy
26.4,96.78588744377934,41,92,STABLE,Good
26.2,94.76344330786299,63,94,STABLE,Good
26.0,94.31398020145454,3895,2239,STABLE,Unhealthy
28.9,95.33423283246559,82,70,STABLE,Moderate
25.2,98.95238008020462,588,442,STABLE,Moderate
29.12669405,97.66268411263975,46,92,STABLE,Unhealthy
28.9,97.4850322637236,54,99,STABLE,Good
29.7,96.89249117450322,933,3126,STABLE,Unhealthy
28.5,93.68187452803225,189,87,STABLE,Moderate
28.3,98.96167247613559,86,81,STABLE,Unhealthy for Sensitive Groups
29.675656209134278,96.56434649684988,4095,851,STABLE,Unhealthy
29.7,98.33375494831591,3127,900,STABLE,Unhealthy
25.5,94.29662292999592,73,85,STABLE,Good
28.5,98.08164880288803,86,81,STABLE,Unhealthy
29.2,97.76266203989857,164,181,STABLE,Good
28.5,97.80949657138551,3824,627,STABLE,Unhealthy
28.41916474,97.34819906008744,86,80,STABLE,Unhealthy
24.2,98.30451141227367,750,730,STABLE,Moderate
24.5,98.88122343992636,861,794,STABLE,Unhealthy for Sensitive Groups
28.5,96.49401642247089,666,990,STABLE,Moderate
28.0,97.24663593550335,257,836,STABLE,Moderate
33.0,96.90712636185852,1139,1526,STABLE,Unhealthy for Sensitive Groups
33.0,97.57551622985206,1702,1936,STABLE,Unhealthy for Sensitive Groups
25.8,94.03530896521949,71,91,VIBRATING,Good
24.3,92.33202334714298,76,58,STABLE,Good
24.6,98.88236205174887,344,869,VIBRATING,Moderate
25.6,96.99411016663925,2924,924,STABLE,Unhealthy
26.1,96.51712412870104,70,188,STABLE,Good
28.3884199,95.66106567409925,86,76,STABLE,Unhealthy
25.9,93.7780954562471,3068,80,STABLE,Unhealthy
29.7,95.58500608728674,3931,2223,STABLE,Unhealthy
28.8,98.6754458296559,106,89,VIBRATING,Moderate
28.4,99.54572167190167,135,50,STABLE,Good
29.54253745366405,96.2104046693741,703,3830,STABLE,Unhealthy
29.7370097,98.9865103779279,72,142,STABLE,Unhealthy
27.8,98.75277322176915,1609,1189,STABLE,Unhealthy for Sensitive Groups
25.5,94.88204784655132,305,323,STABLE,Moderate
25.7,96.69850998955158,3286,818,VIBRATING,Unhealthy
26.1,96.42691862898143,74,86,STABLE,Good
27.879394579376793,97.29029610241733,508,3564,VIBRATING,Unhealthy
33.4,96.02929007726075,3271,3091,STABLE,Unhealthy
31.3,97.03585167700062,76,3745,STABLE,Unhealthy
32.8,97.14017251948133,481,969,STABLE,Moderate
28.4,99.1301195716534,82,75,STABLE,Moderate
28.7,98.60423904364825,1154,1368,STABLE,Unhealthy for Sensitive Groups
29.8,98.57557732964672,1612,1542,STABLE,Unhealthy for Sensitive Groups
29.3,97.36896612233899,238,99,STABLE,Good
25.7,97.31026014813833,221,135,STABLE,Good
25.6,93.66617627473241,65,89,STABLE,Good
29.8,98.28048472583346,66,81,STABLE,Moderate
28.1,96.28201154780837,3425,937,STABLE,Unhealthy
25.2,96.49046003164868,472,589,STABLE,Moderate
33.1,97.36347357397806,1134,864,STABLE,Unhealthy for Sensitive Groups
29.1,98.1865806820775,3283,90,STABLE,Unhealthy
26.7,97.90205506029679,2612,327,STABLE,Unhealthy
27.8,99.10787617565839,373,845,VIBRATING,Moderate
25.0,98.45442472647385,600,562,STABLE,Moderate
33.2,98.77965477150298,99,59,STABLE,Good
29.6,98.27770913272224,67,76,STABLE,Moderate
24.8,98.54643047998687,845,879,STABLE,Moderate
27.0,97.14159575076685,195,59,STABLE,Good
29.01310994,97.41169275878711,47,90,VIBRATING,Unhealthy
28.1,98.61709146716532,87,85,STABLE,Unhealthy
28.7,92.72653944856702,200,162,STABLE,Good
24.65543541,98.39274574209345,75,94,VIBRATING,Good
24.6,97.5149376200684,1422,1985,STABLE,Unhealthy for Sensitive Groups
29.01604001,96.13295250747308,46,89,STABLE,Unhealthy
31.9,96.35378480308685,56,54,STABLE,Good
29.7,96.66956974606401,2269,2686,STABLE,Unhealthy
31.3,98.58042549140848,1675,1963,STABLE,Unhealthy for Sensitive Groups
28.4,98.76038386534131,186,94,STABLE,Moderate
31.9,98.94051372699053,112,238,STABLE,Good
30.7,97.14475969278168,211,123,STABLE,Good
24.6,97.4507177877249,443,1002,STABLE,Moderate
27.2,97.40271148947915,2123,423,STABLE,Unhealthy
28.1,98.42382874614552,581,263,STABLE,Moderate
24.9,96.6560243957171,41,164,VIBRATING,Good
24.8,98.32274106597016,871,3065,STABLE,Unhealthy
28.5,97.015773399034,86,82,STABLE,Unhealthy for Sensitive Groups
27.5,95.4553471931826,1191,1136,STABLE,Unhealthy for Sensitive Groups
28.0,98.72906822556843,3026,998,STABLE,Unhealthy
34.0,99.2933265737207,1438,1470,STABLE,Unhealthy for Sensitive Groups
25.9,98.31597569611854,795,3600,STABLE,Unhealthy
26.3,99.18495169495627,156,41,STABLE,Good
31.6,97.90557165703089,1075,1219,STABLE,Unhealthy for Sensitive Groups
28.1,93.65755590911566,773,516,STABLE,Moderate
30.8,97.62108739087108,3955,1986,STABLE,Unhealthy
29.3,97.26733476286034,56,50,STABLE,Good
28.6,97.0029246574667,168,94,VIBRATING,Moderate
33.4,97.83260028228797,1251,1038,STABLE,Unhealthy for Sensitive Groups
30.3,97.96811787578193,802,513,STABLE,Moderate
30.9,95.88421777581019,42,9,STABLE,Moderate
29.6,97.37165156904172,1095,1904,STABLE,Unhealthy for Sensitive Groups
31.0,98.99783201627399,1794,1868,STABLE,Unhealthy for Sensitive Groups
28.69642762,95.95247150115449,86,83,STABLE,Unhealthy for Sensitive Groups
27.9,95.4602250266962,178,91,STABLE,Moderate
24.7,96.5856523052575,33,220,VIBRATING,Good
27.6,97.21239972450921,982,1125,STABLE,Unhealthy for Sensitive Groups
28.8,96.63917771856622,673,759,STABLE,Moderate
31.8,97.50277240438504,1854,3854,STABLE,Unhealthy
29.5,96.22553846267836,74,82,STABLE,Moderate
30.4,96.23798483533238,76,201,VIBRATING,Good
29.1,96.65063024056197,1433,1893,STABLE,Unhealthy for Sensitive Groups
29.2,95.67677031373216,111,116,STABLE,Good
28.52325807,97.69483715753535,86,83,STABLE,Unhealthy for Sensitive Groups
29.0,98.12423087014723,39,78,STABLE,Moderate
26.78570083,97.769958645592,46,94,STABLE,Good
32.4,98.25501526960498,149,38,STABLE,Good
32.0,98.39782971681483,2962,971,STABLE,Unhealthy
28.115959133184422,97.77506975098368,877,2736,STABLE,Unhealthy
31.85446368,98.14220456162795,87,60,VIBRATING,Good
30.2,96.26435961934358,892,1365,STABLE,Unhealthy for Sensitive Groups
26.4,93.54236945118201,443,92,STABLE,Good
33.8,96.81095908743224,134,68,STABLE,Good
27.05162859,94.57417910875678,148,4095,STABLE,Unhealthy
33.3,99.64552441339521,100,153,STABLE,Good
28.8,93.02555843684608,3252,2121,STABLE,Unhealthy
29.3,95.57770763369477,38,76,VIBRATING,Moderate
29.0178446,98.0775671694404,47,91,STABLE,Unhealthy
28.46461459,96.3086591979345,57,4095,STABLE,Unhealthy
24.1,96.60036839454597,3677,4072,STABLE,Unhealthy
31.5,97.49304658999704,237,166,STABLE,Good
26.3,94.97027437859441,350,880,STABLE,Moderate
24.5,98.65137784115248,699,900,STABLE,Moderate
28.56043684,97.19509445300962,47,4095,STABLE,Unhealthy
24.1,95.28507864806646,1378,1098,STABLE,Unhealthy for Sensitive Groups
27.4,97.7436941966101,738,970,STABLE,Unhealthy for Sensitive Groups
29.1,96.6504141741784,0,0,STABLE,Moderate
28.50269023,96.70658034295816,86,81,STABLE,Unhealthy for Sensitive Groups
26.4,97.94811108296433,443,92,STABLE,Good
28.9,94.39061732472247,885,2487,STABLE,Unhealthy
32.0,98.8167368300061,1052,1245,STABLE,Unhealthy for Sensitive Groups
28.20197033,99.24754735303739,85,82,VIBRATING,Unhealthy
29.8,93.99533688340377,1739,1354,STABLE,Unhealthy for Sensitive Groups
25.1,99.41552248775335,198,215,STABLE,Good
31.1,99.45231694787896,1009,892,STABLE,Unhealthy for Sensitive Groups
25.1,95.44246089006128,382,3364,VIBRATING,Unhealthy
28.5,98.86564093695105,81,76,VIBRATING,Moderate
29.6,97.75352416469654,302,1061,STABLE,Moderate
28.4,93.2828144812182,85,69,STABLE,Moderate
25.7,96.64654971945268,759,1487,STABLE,Unhealthy for Sensitive Groups
29.0,99.04764953985068,46,87,STABLE,Unhealthy
25.6,94.68868257186482,332,837,STABLE,Moderate
25.2,97.82328154848707,250,139,STABLE,Good
31.4,94.98754313379615,3175,2951,STABLE,Unhealthy
29.3,96.58414893791266,102,82,STABLE,Moderate
32.8,96.90171750417343,406,3894,STABLE,Unhealthy
26.7,97.74300292220194,132,167,STABLE,Good
28.3,98.75066652567645,81,74,STABLE,Moderate
26.1,93.13417197362246,71,90,STABLE,Good
30.4,97.03807556156548,3970,292,STABLE,Unhealthy
24.9,98.78696899043216,230,175,STABLE,Good
31.8,98.59353599690793,3142,3069,STABLE,Unhealthy
31.0,97.42003167184807,120,95,STABLE,Good
27.7,97.73985314597738,310,515,STABLE,Moderate
26.2,96.2006671466958,1310,1021,STABLE,Unhealthy for Sensitive Groups
27.0,93.63404822198041,726,3358,STABLE,Unhealthy
31.8,95.6177805324802,190,153,VIBRATING,Good
28.8,93.59446162437385,655,455,STABLE,Moderate
29.9,99.0705402421441,2240,232,STABLE,Unhealthy
28.38594158,96.57222841510726,85,76,STABLE,Unhealthy for Sensitive Groups
33.1,96.44050549102376,243,105,STABLE,Good
28.1,98.1826577628278,593,460,STABLE,Moderate
25.7,97.9241682452157,2158,2475,STABLE,Unhealthy
32.6,97.88466047929981,195,3288,STABLE,Unhealthy
24.7,95.64808212813276,59,112,STABLE,Good
25.7,96.97743177582228,775,911,STABLE,Moderate
29.40177464,97.60498632273855,71,72,STABLE,Unhealthy for Sensitive Groups
33.3,95.66161115637443,547,793,STABLE,Moderate
31.5,99.0669755479539,1965,3583,STABLE,Unhealthy
32.7,96.34547025878607,1051,1718,STABLE,Unhealthy for Sensitive Groups
31.9,95.80327658485837,335,1094,STABLE,Moderate
28.27077428,97.35682857574766,64,103,STABLE,Unhealthy
25.8,99.39207005257353,206,183,STABLE,Good
28.7,97.09175569667852,302,4010,STABLE,Unhealthy
29.6,99.22098965252323,439,289,STABLE,Moderate
26.1,97.06234679469254,390,1117,STABLE,Moderate
33.2,96.81743310858016,1943,81,STABLE,Unhealthy
28.3,94.06107575543518,82,76,VIBRATING,Good
25.0,96.55106578241377,193,37,STABLE,Good
27.759097991355347,97.44771317601112,3825,932,STABLE,Unhealthy
29.4,96.92164968732547,3664,1587,STABLE,Unhealthy
29.00857635,98.17684333028993,47,89,STABLE,Unhealthy
25.7,98.16308931712607,499,689,STABLE,Moderate
29.4,97.892113960393,1738,1334,STABLE,Unhealthy for Sensitive Groups
30.2,95.05905807996947,158,103,STABLE,Good
32.7,94.89459617824183,559,2725,VIBRATING,Unhealthy
28.2,98.23996707510314,0,0,VIBRATING,Moderate
29.5,95.98423117358803,250,588,STABLE,Moderate
33.6,97.1781280639629,333,2317,STABLE,Unhealthy
24.5,95.02670337857522,58,113,VIBRATING,Good
33.5,97.4898492801373,215,3123,STABLE,Unhealthy
28.35854954,97.50164187399872,85,4095,VIBRATING,Unhealthy
26.10737966,97.89050885621057,71,90,STABLE,Good
27.5,96.46613842280686,1359,1778,STABLE,Unhealthy for Sensitive Groups
28.6,96.70392594541484,89,71,STABLE,Moderate
31.5,95.1730153208855,173,101,STABLE,Good
28.2,97.32858460193181,169,81,VIBRATING,Moderate
25.2,96.55986202659253,702,2187,STABLE,Unhealthy
28.9,96.4122328553426,125,44,VIBRATING,Good
30.8,95.02675257833923,717,1149,STABLE,Unhealthy for Sensitive Groups
26.0,98.94163743580201,149,146,STABLE,Good
25.9,95.70165988563905,778,453,STABLE,Moderate
29.5,96.85806446860435,815,1079,STABLE,Unhealthy for Sensitive Groups
29.09514786,97.05442775424657,46,90,VIBRATING,Unhealthy
33.6,96.94811948168393,203,215,STABLE,Good
29.1,94.58633500646546,87,67,STABLE,Moderate
26.46918952,96.6115108671433,41,92,STABLE,Good
27.0,96.0077032920691,346,3760,STABLE,Unhealthy
30.1,97.74510740949827,95,57,STABLE,Good
28.69712194,96.68393522099734,83,4095,STABLE,Unhealthy
25.1,98.11785795104633,106,210,STABLE,Good
28.47815145,97.3606932273729,87,77,STABLE,Unhealthy
29.04354236,98.82603021360768,84,76,VIBRATING,Unhealthy for Sensitive Groups
30.1,97.32743861095267,118,3030,STABLE,Unhealthy
28.2,95.84313144948615,85,86,VIBRATING,Unhealthy
24.7,98.81260616335842,578,3117,STABLE,Unhealthy
28.36515195,97.80408921014117,86,84,STABLE,Unhealthy for Sensitive Groups
30.12037108,95.65983708740406,73,147,STABLE,Unhealthy for Sensitive Groups
30.5,97.03089422279844,1158,1266,STABLE,Unhealthy for Sensitive Groups
30.4,93.13135838606729,945,2518,STABLE,Unhealthy
33.2,98.51099116494298,1223,1849,STABLE,Unhealthy for Sensitive Groups
24.3,96.63780728282327,778,1170,STABLE,Unhealthy for Sensitive Groups
25.1,98.74709415063747,61,2332,STABLE,Unhealthy
28.6,96.516156500277,617,3497,STABLE,Unhealthy
30.0,96.6243969221946,91,139,STABLE,Good
29.1,97.40722360605673,70,46,STABLE,Good
30.4,94.75828298750791,197,165,VIBRATING,Good
29.5,96.73674646201987,66,78,STABLE,Good
28.5,98.36162241401186,2451,2188,STABLE,Unhealthy
28.7,97.5471819998363,176,103,VIBRATING,Moderate
33.4,97.50407026420812,3391,3362,STABLE,Unhealthy
31.5,93.65649255123388,1476,1386,STABLE,Unhealthy for Sensitive Groups
32.7,98.49803450959119,647,3706,STABLE,Unhealthy
26.4,95.62334092678051,444,93,STABLE,Good
32.6,97.39416112937063,1923,3377,STABLE,Unhealthy
28.29105357,96.618825994895,87,81,STABLE,Unhealthy for Sensitive Groups
28.86356263,95.8204524095184,55,87,VIBRATING,Unhealthy
25.7,96.95626308589587,4017,1164,STABLE,Unhealthy
28.5,98.31624934582047,86,81,STABLE,Unhealthy
24.6,99.35471886305663,415,560,STABLE,Moderate
30.2,96.42034517583102,91,57,STABLE,Good
31.9,97.56412789011898,879,1927,STABLE,Unhealthy for Sensitive Groups
25.8,96.72836594982493,66,90,STABLE,Good
26.8,99.06642615369302,839,3090,STABLE,Unhealthy
26.1,96.57846233321773,704,950,STABLE,Moderate
29.13343684,99.19861968623093,48,91,STABLE,Unhealthy
29.3,97.26569203143629,167,3572,STABLE,Unhealthy
30.2,98.94382301425127,70,113,VIBRATING,Unhealthy for Sensitive Groups
25.6,95.59246472558978,126,99,STABLE,Good
28.9,94.96752453932757,720,3234,STABLE,Unhealthy
28.74877339,98.09932104100417,66,90,STABLE,Unhealthy
31.6,99.13187682078315,842,744,STABLE,Moderate
29.0,97.76870028155028,46,87,STABLE,Unhealthy for Sensitive Groups
25.5,95.63640695188998,355,382,STABLE,Moderate
26.2,94.87156035303411,72,85,STABLE,Good
32.5,95.69473270022084,54,43,STABLE,Good
31.6,98.54958290975077,552,2147,STABLE,Unhealthy
28.7,99.3185406395142,547,733,STABLE,Moderate
30.29253702,96.46634896186282,71,109,STABLE,Unhealthy for Sensitive Groups
29.9,99.04467640239162,771,2872,STABLE,Unhealthy
28.63888963,99.22573547986374,99,86,VIBRATING,Unhealthy for Sensitive Groups
26.0,94.2611318608384,392,4023,STABLE,Unhealthy
24.7,93.22210868349512,95,119,STABLE,Good
26.7,96.0395284661737,3717,431,STABLE,Unhealthy
33.4,97.61452037800927,462,1007,STABLE,Moderate
31.3,96.92312766663339,2854,832,STABLE,Unhealthy
27.0,96.31270653668923,932,1319,VIBRATING,Unhealthy for Sensitive Groups
28.0,99.01877299376117,1255,1298,STABLE,Unhealthy for Sensitive Groups
30.2,98.03152371265875,69,114,STABLE,Unhealthy for Sensitive Groups
33.7,97.26479158307954,97,59,STABLE,Good
31.0,97.16770021777167,330,257,STABLE,Moderate
31.7,94.23478217360073,3646,2011,STABLE,Unhealthy
33.7,98.44455415473107,374,3301,STABLE,Unhealthy
29.02310823,96.44827330151095,46,89,STABLE,Unhealthy
28.47934073,99.05324414195478,85,81,VIBRATING,Unhealthy
28.11579486,92.93304591177932,86,84,STABLE,Unhealthy
32.0,95.33124841441636,84,191,STABLE,Good
26.8,98.08667843461518,351,620,STABLE,Moderate
25.9,96.2354673462179,102,250,STABLE,Good
30.3,96.13883927739924,2664,853,STABLE,Unhealthy
31.4,98.36877412838697,164,3676,STABLE,Unhealthy
24.9,97.09238378986282,699,944,STABLE,Moderate
27.0,97.41457986658997,57,3260,STABLE,Unhealthy
30.3,97.8890547297022,135,126,STABLE,Good
33.1,97.66704855884099,2453,611,STABLE,Unhealthy
28.5,99.06390875577073,3996,3114,STABLE,Unhealthy
31.1,98.65341517047568,999,1430,STABLE,Unhealthy for Sensitive Groups
28.8,95.48200694526794,700,1113,STABLE,Moderate
25.7,95.85487400989999,72,84,STABLE,Good
28.8,97.55032848508843,208,83,STABLE,Moderate
24.47004201,98.61257209514093,68,96,VIBRATING,Good
30.4,97.70385899425516,67,81,STABLE,Moderate
29.55520593,98.02511539836145,60,87,STABLE,Unhealthy
28.7,97.99828860725067,189,82,STABLE,Moderate
32.5,95.46125730995584,4093,383,STABLE,Unhealthy
25.6,95.7371750608323,73,85,VIBRATING,Good
29.7,97.99123752307854,66,76,STABLE,Moderate
28.37642079,96.76848554271423,87,85,STABLE,Unhealthy for Sensitive Groups
31.1,97.39103457944755,1734,1582,STABLE,Unhealthy for Sensitive Groups
27.0,95.1800446985042,135,3377,STABLE,Unhealthy
29.6,96.9673660174698,74,83,STABLE,Moderate
28.0,96.45817847478709,559,885,STABLE,Moderate
31.3,96.97022155267801,2235,238,STABLE,Unhealthy
29.7,96.8137241943007,410,942,STABLE,Moderate
32.7,98.12381637938759,758,1088,STABLE,Unhealthy for Sensitive Groups
31.4,93.45135812444758,594,830,STABLE,Moderate
29.7,98.27834758937907,1506,1447,STABLE,Unhealthy for Sensitive Groups
28.1,98.25641644147905,224,250,STABLE,Good
29.4,94.20207366782917,968,3130,STABLE,Unhealthy
31.0,98.18380792393928,3664,960,STABLE,Unhealthy
27.3,93.94564673418694,1511,1808,STABLE,Unhealthy for Sensitive Groups
32.8,96.41332024046609,735,890,VIBRATING,Moderate
26.7,97.14548960685218,1921,522,STABLE,Unhealthy
30.2,95.06882485388056,1424,862,STABLE,Unhealthy for Sensitive Groups
32.9,99.1154473270434,1631,1905,STABLE,Unhealthy for Sensitive Groups
30.6,98.43175951765808,179,75,STABLE,Good
32.7,98.9958291193337,872,708,STABLE,Unhealthy for Sensitive Groups
29.8,96.71907966672025,106,156,STABLE,Good
26.0,98.3054194933988,111,3178,STABLE,Unhealthy
28.42123774,97.85474578417423,86,80,VIBRATING,Unhealthy for Sensitive Groups
27.6,95.63731600193118,878,1009,STABLE,Unhealthy for Sensitive Groups
30.7,97.8359064621389,851,1831,STABLE,Unhealthy for Sensitive Groups
25.2,95.52896432176121,609,3191,STABLE,Unhealthy
26.2,96.54698220258227,177,243,STABLE,Good
33.5,96.65091811210004,997,1684,STABLE,Unhealthy for Sensitive Groups
28.6,96.8312570009029,84,68,STABLE,Moderate
26.1,95.88538789376379,218,230,STABLE,Good
32.4,98.67323908286056,771,652,STABLE,Moderate
28.35314606,97.22743594923917,86,79,STABLE,Unhealthy for Sensitive Groups
28.8,98.85471948583186,289,957,VIBRATING,Moderate
32.8,96.60887925446046,685,303,STABLE,Moderate
29.5,97.45178126797636,73,82,STABLE,Moderate
25.7,97.9976202448949,66,89,STABLE,Good
26.5,97.73126962546887,467,846,VIBRATING,Moderate
32.3,96.05672780315369,141,250,STABLE,Good
24.2,98.16240715047354,748,930,STABLE,Unhealthy for Sensitive Groups
28.71938102,96.26369590255501,83,4095,STABLE,Unhealthy
28.43520199,99.25264573549063,86,80,VIBRATING,Unhealthy
32.9,95.06018773340341,3179,3141,STABLE,Unhealthy
25.8,97.76259422864851,362,309,STABLE,Moderate
28.9,94.89875727789573,358,2706,STABLE,Unhealthy
31.4,99.52454212787053,300,626,STABLE,Moderate
30.0,98.9903899419977,435,396,STABLE,Moderate
26.1,97.4758709042428,3695,614,STABLE,Unhealthy
26.4,98.49417484856096,4004,3852,STABLE,Unhealthy
26.8,95.8377269924297,102,234,STABLE,Good
28.64294404,99.26439142779483,86,83,STABLE,Unhealthy for Sensitive Groups
33.3,98.87522385262314,1735,836,VIBRATING,Unhealthy for Sensitive Groups
32.9,98.09863392251361,121,228,VIBRATING,Good
24.7,97.71492333785669,200,207,STABLE,Good
28.32048208,97.17199506994675,86,81,STABLE,Unhealthy for Sensitive Groups
29.04714765,98.34766733515656,52,99,STABLE,Unhealthy
26.3,98.95695010590141,74,86,STABLE,Good
28.37828723,97.34475121900984,86,75,STABLE,Unhealthy for Sensitive Groups
26.8,97.18540138038345,712,1063,STABLE,Moderate
29.1,95.22694136809187,39,79,STABLE,Moderate
29.2,98.78111540797498,48,97,STABLE,Unhealthy
30.3,96.19107019100963,941,1725,STABLE,Unhealthy for Sensitive Groups
33.5,97.98181256447505,3547,255,STABLE,Unhealthy
32.3,95.65546873651012,1503,873,STABLE,Unhealthy for Sensitive Groups
30.0,97.8184514380303,3686,631,STABLE,Unhealthy
30.9,94.62993231646031,1082,1839,STABLE,Unhealthy for Sensitive Groups
27.2,98.43520992855143,655,423,STABLE,Moderate
29.2,94.6503126384311,48,99,STABLE,Unhealthy
28.41667421,97.1896303707726,87,81,STABLE,Unhealthy for Sensitive Groups
32.5,95.30445787553221,88,199,STABLE,Good
32.9,96.05159117206549,741,983,STABLE,Moderate
33.9,92.80445510630794,625,3301,STABLE,Unhealthy
27.6,95.1763473878728,177,222,STABLE,Good
28.4,98.69049724653735,76,75,VIBRATING,Moderate
28.9,98.33459766318073,182,95,STABLE,Moderate
26.1,98.13976590841644,808,946,STABLE,Unhealthy for Sensitive Groups
29.4,95.82576241211515,121,84,STABLE,Unhealthy for Sensitive Groups
28.50206993,98.24633928586623,53,4095,STABLE,Unhealthy
29.2,98.89469733167763,488,653,STABLE,Moderate
24.6,95.60058505132452,196,113,STABLE,Good
26.9,97.91732089154797,2753,2085,STABLE,Unhealthy
31.7,94.76984738077215,213,250,STABLE,Good
29.2,96.57918067070835,1061,1884,STABLE,Unhealthy for Sensitive Groups
26.3,96.43663151608358,776,1005,STABLE,Moderate
30.4,93.71203474762517,1092,1833,STABLE,Unhealthy for Sensitive Groups
25.8,91.65747653765789,1060,1846,STABLE,Unhealthy for Sensitive Groups
29.13170179,97.638075929965,47,94,STABLE,Unhealthy
32.3,98.11418758795875,44,109,STABLE,Good
27.9,97.75615381236024,284,2293,STABLE,Unhealthy
27.5,98.12920007636217,87,75,STABLE,Moderate
27.477320873641187,99.11218487029765,2320,177,STABLE,Unhealthy
24.2,99.5043354588466,977,2672,STABLE,Unhealthy
25.8,97.0179639734447,1041,747,STABLE,Unhealthy for Sensitive Groups
30.8,98.13293991339454,1845,2766,STABLE,Unhealthy
28.1,99.09764551629162,3758,3925,STABLE,Unhealthy
29.5,96.81841449012802,69,89,STABLE,Moderate
29.0,93.79117752325624,156,2838,STABLE,Unhealthy
26.2,97.9265333714652,67,90,STABLE,Good
25.3,93.80548790692755,3694,2917,STABLE,Unhealthy
32.3,98.85203311595416,285,590,STABLE,Moderate
33.8,92.60340002347529,544,766,STABLE,Moderate
29.8,98.96467859193271,66,78,STABLE,Moderate
26.0,95.9979899533741,374,3191,STABLE,Unhealthy
25.8,98.42464878896362,72,85,STABLE,Good
33.9,94.30562662332088,98,60,STABLE,Good
29.54084181,99.13105209562819,62,79,STABLE,Unhealthy
30.2,98.96469770986252,68,81,VIBRATING,Moderate
25.0,98.44820073409653,378,1053,VIBRATING,Moderate
28.2,93.29114065701289,1329,855,STABLE,Unhealthy for Sensitive Groups
28.2,96.64611208228305,86,85,STABLE,Moderate
29.2,95.8105770009084,180,228,STABLE,Good
30.5,94.5415712581172,31,49,STABLE,Good
33.2,93.18238514326723,259,480,STABLE,Moderate
25.8,94.85968735340401,3882,3511,STABLE,Unhealthy
29.5,96.73770794159711,919,1313,STABLE,Unhealthy for Sensitive Groups
27.5,95.75610624820833,1765,1173,STABLE,Unhealthy for Sensitive Groups
33.1,97.95156738692415,1101,1181,STABLE,Unhealthy for Sensitive Groups
28.3,97.78652168107212,179,84,STABLE,Moderate
26.8,96.76861077321449,56,161,VIBRATING,Good
25.6,97.26842863960616,2269,2477,STABLE,Unhealthy
30.7,96.43837432408957,180,249,STABLE,Good
28.2,98.54527707082508,87,87,STABLE,Unhealthy
32.1,98.69783047917355,108,61,STABLE,Good
27.7,98.8388356749039,3691,2357,STABLE,Unhealthy
30.8,97.0679063453582,98,57,STABLE,Good
24.2,98.9974543511643,128,87,STABLE,Good
33.5,98.40114445426627,345,3033,STABLE,Unhealthy
30.9,96.27581686900635,3338,529,STABLE,Unhealthy
26.5,98.78193223326082,2003,2782,STABLE,Unhealthy
29.9,96.4488822146857,3656,1615,STABLE,Unhealthy
31.8,96.0701049345367,48,242,STABLE,Good
27.5,98.91769479368574,1220,1951,STABLE,Unhealthy for Sensitive Groups
24.0,98.6557990100649,187,206,STABLE,Good
30.5,97.57603556263601,2740,2212,STABLE,Unhealthy
29.6,94.298024006481,67,78,STABLE,Unhealthy for Sensitive Groups
24.0,91.55876426983332,337,527,VIBRATING,Moderate
28.4,95.76754791970161,86,76,STABLE,Moderate
28.28535273,97.16513538473173,86,83,STABLE,Unhealthy
26.2,96.6598410240392,67,90,STABLE,Good
27.2,98.85039026521021,250,246,STABLE,Good
32.8,94.99932169819463,1278,766,STABLE,Unhealthy for Sensitive Groups
31.9,95.5400858281242,263,318,STABLE,Moderate
28.32315058,98.48942983495242,86,81,VIBRATING,Unhealthy for Sensitive Groups
28.7,98.87057545441962,3071,154,STABLE,Unhealthy
28.69266937,97.45593471368315,86,82,STABLE,Unhealthy for Sensitive Groups
26.6,97.1354771985423,92,60,STABLE,Good
25.0,97.51965908878095,1685,1050,STABLE,Unhealthy for Sensitive Groups
33.9,97.6173991884776,776,269,VIBRATING,Moderate
28.7467997,98.02120681746543,51,106,STABLE,Unhealthy
28.4,98.7654186288114,87,80,VIBRATING,Unhealthy for Sensitive Groups
29.6,99.46423100872883,68,75,STABLE,Moderate
28.64946668,95.70261364499285,86,81,STABLE,Unhealthy for Sensitive Groups
30.7,95.6161685225918,256,689,STABLE,Moderate
26.2,97.8718188277877,85,178,STABLE,Good
27.7,98.15983594726363,1402,727,STABLE,Unhealthy for Sensitive Groups
26.3,93.57594192354371,3967,996,STABLE,Unhealthy
27.3,95.80416771803996,59,65,STABLE,Good
24.4,98.21455252929835,159,183,STABLE,Good
28.2,99.27321835022036,80,77,VIBRATING,Good
28.39686977,98.87334695778603,86,76,STABLE,Unhealthy
28.7,99.09301629888925,3811,161,STABLE,Unhealthy
29.9,96.60096091243105,33,89,STABLE,Good
26.2,97.74510664256456,1465,1815,STABLE,Unhealthy for Sensitive Groups
27.9,96.16840877243075,700,1051,STABLE,Moderate
30.4,97.11105995171187,666,635,STABLE,Moderate
27.2,95.17183612138743,145,101,STABLE,Good
25.7,99.0535163644128,202,112,STABLE,Good
33.9,96.42121968604529,2494,840,STABLE,Unhealthy
24.3,98.25883280345235,971,3342,STABLE,Unhealthy
28.8,95.69354434890967,159,234,STABLE,Good
29.2,98.08544389076786,772,855,STABLE,Moderate
26.5,98.25206563327895,64,94,STABLE,Good
33.7,98.40330945873167,823,265,STABLE,Moderate
29.4,95.40514901377792,250,128,STABLE,Good
28.2,95.58862059026235,852,1084,VIBRATING,Moderate
31.9,99.28234545358475,716,1102,STABLE,Moderate
25.3,98.10363339797671,792,834,STABLE,Unhealthy for Sensitive Groups
28.2,95.98662469581588,86,84,STABLE,Unhealthy for Sensitive Groups
29.3,98.09060092486948,839,1096,STABLE,Moderate
29.0311952,94.28075735148781,47,87,STABLE,Unhealthy
25.4,97.38987005537399,101,196,STABLE,Good
32.3,96.62199255574997,38,235,STABLE,Good
33.5,95.38025588647798,771,723,STABLE,Moderate
27.4,99.0760384740902,1870,939,STABLE,Unhealthy
28.6,97.02467681667248,86,84,STABLE,Unhealthy for Sensitive Groups
28.91477391,95.02953028372586,46,90,STABLE,Unhealthy
30.9,94.26035024362774,693,729,STABLE,Moderate
24.8,98.10042514093553,2884,714,STABLE,Unhealthy
28.7,98.68704064848657,675,986,STABLE,Moderate
25.9,95.79430268387377,708,1736,STABLE,Unhealthy for Sensitive Groups
26.2,97.41865672298921,77,45,STABLE,Good
25.2,97.53615178118676,643,544,STABLE,Moderate
31.6,97.90144018229013,762,2384,STABLE,Unhealthy
24.0,98.27022030010696,460,4018,VIBRATING,Unhealthy
33.65187474931384,98.84687819414133,966,4095,STABLE,Unhealthy
28.5,98.81120075664971,86,81,STABLE,Unhealthy for Sensitive Groups
32.5,93.61532306642084,3765,3688,STABLE,Unhealthy
25.2,96.16629785890977,71,183,STABLE,Good
28.51310167,95.48596991285557,86,84,VIBRATING,Unhealthy for Sensitive Groups
33.4,95.54607604197594,3588,350,STABLE,Unhealthy
31.8,94.82035006911931,315,715,STABLE,Moderate
30.0,98.73828575976114,730,1071,STABLE,Moderate
28.4,97.83883375416868,85,81,STABLE,Unhealthy
29.4,94.82060987897476,548,1128,STABLE,Moderate
33.8,95.3385049094071,242,134,STABLE,Good
30.2,94.11611364251323,2759,375,STABLE,Unhealthy
28.5,92.82709714875233,81,80,VIBRATING,Moderate
29.1,96.63671239340752,47,92,STABLE,Unhealthy
28.3,95.7017583172772,2087,317,STABLE,Unhealthy
30.5,97.03850014697493,162,79,STABLE,Good
30.4,99.1712977895654,437,1108,STABLE,Moderate
26.6,95.28418173753202,767,711,STABLE,Moderate
24.0,99.11217085315202,795,842,VIBRATING,Moderate
29.7,93.18727357678358,84,4025,STABLE,Unhealthy
29.8,94.21855889676031,74,36,STABLE,Good
29.6,97.68828620407078,118,65,STABLE,Good
28.4,96.09937825523647,82,74,STABLE,Moderate
26.998593987400668,96.95543720902182,991,4095,STABLE,Unhealthy
29.9,94.70043588446273,434,265,STABLE,Moderate
24.61881212,96.28510677591822,75,94,STABLE,Good
28.27541252,99.47562229133553,86,81,STABLE,Unhealthy for Sensitive Groups
34.0,96.45821946327867,1418,1422,STABLE,Unhealthy for Sensitive Groups
25.8,97.49840273158219,305,3838,STABLE,Unhealthy
29.6,98.4419912219205,69,91,VIBRATING,Moderate
25.3,98.36863527775989,65,89,STABLE,Good
30.6,97.93702937932217,3838,3203,STABLE,Unhealthy
30.8,98.36719668223918,79,73,STABLE,Good
31.7,98.17912571559937,220,101,STABLE,Good
31.8,99.22000881919556,774,430,STABLE,Moderate
26.7,96.60304861696999,155,80,STABLE,Good
28.7,96.49496584747722,759,1118,STABLE,Moderate
28.9,94.962051803303,1076,1317,STABLE,Unhealthy for Sensitive Groups
29.7,95.47615413773474,822,1725,VIBRATING,Unhealthy for Sensitive Groups
28.33669019,97.10010855820097,85,75,STABLE,Unhealthy
28.3,97.90822191247534,85,77,STABLE,Unhealthy for Sensitive Groups
25.3,96.1320452004158,1417,1560,STABLE,Unhealthy for Sensitive Groups
28.3,94.74781673027188,86,74,STABLE,Moderate
26.9,97.9041438104782,2101,984,STABLE,Unhealthy
28.9,95.69033223286772,781,3629,STABLE,Unhealthy
25.0,97.35953708187581,995,771,STABLE,Unhealthy for Sensitive Groups
32.3,97.12017694063262,88,60,STABLE,Good
32.4,97.42521494797822,170,94,STABLE,Good
29.55388156,98.0134428347206,71,76,VIBRATING,Unhealthy for Sensitive Groups
25.1,98.05030242416919,2886,160,VIBRATING,Unhealthy
28.22723019,96.43061159113795,86,75,STABLE,Unhealthy for Sensitive Groups
33.8,97.5146974910219,1614,930,STABLE,Unhealthy for Sensitive Groups
28.5,97.55061699507989,363,2521,STABLE,Unhealthy
27.3,97.0791665691939,775,902,STABLE,Moderate
29.3,97.88782931406236,104,164,STABLE,Good
29.4,94.01653536008857,2214,362,STABLE,Unhealthy
28.47109525,97.29289098601714,86,81,VIBRATING,Unhealthy
31.9,94.82350851449493,773,552,STABLE,Moderate
32.2,98.75706953280785,1659,1710,STABLE,Unhealthy for Sensitive Groups
29.2,97.20496434762259,1093,1601,STABLE,Unhealthy for Sensitive Groups
28.43453069,96.98746880153678,85,4095,STABLE,Unhealthy
28.1,98.22271829777517,185,239,STABLE,Good
29.60522619,96.74625665371701,65,79,VIBRATING,Unhealthy
24.2,97.09132868114392,241,202,STABLE,Good
29.8,95.49899605401366,968,1069,STABLE,Unhealthy for Sensitive Groups
29.0,99.2209549688881,51,146,VIBRATING,Moderate
29.0,96.5983596795573,1597,1547,STABLE,Unhealthy for Sensitive Groups
30.8,97.95410693068605,1500,1479,STABLE,Unhealthy for Sensitive Groups
27.0,97.02974152121128,399,4041,STABLE,Unhealthy
28.7,94.18546509805384,1573,1259,STABLE,Unhealthy for Sensitive Groups
27.0,98.07855712369003,1182,1786,STABLE,Unhealthy for Sensitive Groups
26.3,96.62356218703411,1763,1395,STABLE,Unhealthy for Sensitive Groups
26.42216228090383,96.43153888392781,4095,4095,VIBRATING,Unhealthy
32.8,97.7780794587009,1812,2129,STABLE,Unhealthy
26.3,99.32274120710274,632,373,STABLE,Moderate
31.3,97.78123885367897,3639,3680,STABLE,Unhealthy
28.89663932,96.12562516501103,70,90,STABLE,Unhealthy
28.8,96.4859065954924,241,164,STABLE,Good
26.0,96.9161842427242,860,695,STABLE,Moderate
27.6,97.65420121840297,157,92,STABLE,Good
31.4,99.64419403382392,675,771,STABLE,Moderate
32.7,95.82633465885553,3594,2651,STABLE,Unhealthy
33.6,94.8820953656767,943,1786,STABLE,Unhealthy for Sensitive Groups
31.7,97.68276408390236,181,211,STABLE,Good
31.1,98.59110923497818,1155,886,STABLE,Unhealthy for Sensitive Groups
29.9,94.80682637200054,957,1317,STABLE,Unhealthy for Sensitive Groups
29.6,97.78396339085583,2417,3656,STABLE,Unhealthy
28.49116691,99.37436056949517,51,117,STABLE,Unhealthy for Sensitive Groups
28.65897163,99.25733635835941,81,73,STABLE,Unhealthy for Sensitive Groups
29.2,97.12201918758943,76,81,STABLE,Moderate
32.5,97.75172991926104,1086,1985,STABLE,Unhealthy for Sensitive Groups
29.0,98.45522225872796,943,792,VIBRATING,Unhealthy for Sensitive Groups
29.4,96.08348466399076,1356,1657,STABLE,Unhealthy for Sensitive Groups
33.0,97.88824014432309,2961,227,STABLE,Unhealthy
32.4,96.85869072519043,315,823,STABLE,Moderate
25.669001958534142,99.14701452733004,1988,275,STABLE,Unhealthy
28.9,99.50828760512796,945,1596,STABLE,Unhealthy for Sensitive Groups
28.9,95.22759289065083,504,722,VIBRATING,Moderate
24.6,96.46591965368253,2307,3045,STABLE,Unhealthy
32.8,98.48901731591224,220,132,STABLE,Good
27.8,99.53059425319516,88,61,STABLE,Good
28.2,98.90907845957454,80,76,STABLE,Moderate
32.9,99.43077558286856,3724,3256,STABLE,Unhealthy
28.5,98.77831821081756,168,93,STABLE,Moderate
25.8,98.1647982393816,669,894,STABLE,Moderate
28.23554533,97.55627217404896,84,80,STABLE,Unhealthy for Sensitive Groups
31.449195298462683,97.49381469457514,557,4095,STABLE,Unhealthy
30.2,97.80512941118262,456,1105,STABLE,Moderate
24.4,97.7354586978599,268,1057,STABLE,Moderate
26.9,98.37683730657565,118,219,STABLE,Good
27.8,97.44889718074687,49,137,STABLE,Good
30.8,99.22170322628754,724,1501,STABLE,Unhealthy for Sensitive Groups
30.7,97.1917474950608,1298,1731,STABLE,Unhealthy for Sensitive Groups
24.8,96.7786506937832,127,238,STABLE,Good
28.41744797,99.04118790486027,86,82,STABLE,Unhealthy for Sensitive Groups
31.1,96.2393594690671,92,61,STABLE,Good
32.1,95.28294194586405,187,101,STABLE,Good
26.9,94.62283971487979,789,3782,STABLE,Unhealthy
28.22687299,93.40323785921821,87,81,STABLE,Unhealthy for Sensitive Groups
28.94583472,94.8767475785076,76,77,STABLE,Unhealthy for Sensitive Groups
27.6,96.91993935364833,1389,1416,STABLE,Unhealthy for Sensitive Groups
25.0,93.29881644795975,957,1123,STABLE,Unhealthy for Sensitive Groups
33.1,97.71258273350757,1396,1611,STABLE,Unhealthy for Sensitive Groups
32.3,98.85260667605759,3985,46,STABLE,Unhealthy
31.1,95.63594053007894,1131,1915,STABLE,Unhealthy for Sensitive Groups
28.30459131,97.47405515437704,86,84,STABLE,Unhealthy for Sensitive Groups
26.3,97.28917573240321,737,3397,STABLE,Unhealthy
29.4,96.44469739533295,936,3627,STABLE,Unhealthy
28.23327552,97.89765385149799,86,85,STABLE,Unhealthy
31.5,98.1746509168121,203,167,STABLE,Good
31.5,94.50994983933923,3343,679,STABLE,Unhealthy
33.5,97.40762796277448,431,2677,STABLE,Unhealthy
26.723505,97.50248681797004,155,4095,STABLE,Unhealthy
29.7,98.91471485947919,67,78,VIBRATING,Unhealthy
28.6,95.85522737056397,104,86,STABLE,Moderate
30.5,92.53763449075367,2759,3405,STABLE,Unhealthy
29.8,98.15138197010039,2030,654,STABLE,Unhealthy
28.0,97.8522658897455,3824,1358,STABLE,Unhealthy
30.8,96.9284276113595,153,3115,STABLE,Unhealthy
28.0,96.59606165924683,261,379,STABLE,Moderate
33.0,98.14456942342105,587,1001,STABLE,Moderate
32.8,97.46505936839404,2784,436,STABLE,Unhealthy
29.1,99.1875830891123,47,90,VIBRATING,Unhealthy
30.0,96.2961006831572,767,497,STABLE,Moderate
31.6,98.95812824430124,58,113,STABLE,Good
26.0,97.13491718045994,1497,1410,STABLE,Unhealthy for Sensitive Groups
33.7,96.16858211240391,218,158,STABLE,Good
27.6,98.58260733507738,116,246,STABLE,Good
24.3,97.41467296886773,185,119,STABLE,Good
32.0,98.12374070343117,1571,817,STABLE,Unhealthy for Sensitive Groups
28.0,94.42748651812632,1160,1191,STABLE,Unhealthy for Sensitive Groups
27.571620754776113,99.10656942686568,4095,4095,STABLE,Unhealthy
31.9,97.45829559638554,55,179,STABLE,Good
27.9,94.77798586383388,84,79,STABLE,Moderate
33.1,98.83844522808943,221,223,STABLE,Good
26.6,95.8208137738363,64,94,STABLE,Good
26.2,96.29244938338155,77,91,STABLE,Good
29.5,96.75360668882028,1212,1482,STABLE,Unhealthy for Sensitive Groups
29.1,96.4089725979236,254,1033,STABLE,Moderate
29.50244391,96.44071107805544,56,90,STABLE,Unhealthy
25.6,96.44904657260213,709,466,STABLE,Moderate
32.0,96.93333062787059,3699,2241,STABLE,Unhealthy
29.4,96.86697128924037,2629,3606,STABLE,Unhealthy
24.2,97.55265167298818,172,38,STABLE,Good
28.3,96.34787075414803,86,75,STABLE,Unhealthy
24.7,98.2423395493129,1966,329,STABLE,Unhealthy
24.8,98.0210668291977,3650,834,STABLE,Unhealthy
28.39396462,96.63391853245413,86,80,STABLE,Unhealthy for Sensitive Groups
26.0,98.11123977537902,72,84,STABLE,Good
27.313618168871233,98.67142132458802,578,3285,STABLE,Unhealthy
28.47884593,94.90486271929157,86,83,STABLE,Unhealthy for Sensitive Groups
32.8,97.69688849366742,39,121,STABLE,Good
28.3,98.35156953896502,212,91,STABLE,Moderate
33.7,97.53249480475914,669,2129,STABLE,Unhealthy
28.3,98.67705612711407,169,49,STABLE,Good
28.3,95.43671197853209,55,130,STABLE,Unhealthy for Sensitive Groups
24.0,92.4750611059747,179,247,STABLE,Good
24.5,96.64662136478046,1219,1334,STABLE,Unhealthy for Sensitive Groups
24.7,99.04157395708627,243,47,STABLE,Good
28.26171558,95.17675353219137,87,81,STABLE,Unhealthy for Sensitive Groups
28.1,96.22956389957811,1168,1607,STABLE,Unhealthy for Sensitive Groups
25.65363016,98.25522263532216,65,89,STABLE,Good
25.2,98.0197973298428,1410,1995,STABLE,Unhealthy for Sensitive Groups
33.8,97.5250218490613,590,680,VIBRATING,Moderate
29.89542607,99.29027667232492,67,91,STABLE,Unhealthy
29.9,97.61843679050021,68,90,STABLE,Unhealthy
26.1,95.05639703173873,419,3755,STABLE,Unhealthy
26.4,97.45114328124754,249,67,STABLE,Good
30.9,93.62158947947783,89,178,STABLE,Good
25.0,96.42740925070068,301,399,STABLE,Moderate
30.2,98.03721703598642,2799,261,STABLE,Unhealthy
33.2,95.37323956859818,2966,2987,STABLE,Unhealthy
28.2,96.09351653764777,2812,3562,STABLE,Unhealthy
32.9,98.37303904550156,2037,3304,STABLE,Unhealthy
28.086583062162187,97.65280832310033,3228,130,STABLE,Unhealthy
27.4,98.48634571260475,950,3664,STABLE,Unhealthy
29.9,93.8982868589641,67,76,VIBRATING,Moderate
29.5,96.59076553560594,66,76,STABLE,Good
26.1,95.00926211427765,779,3209,STABLE,Unhealthy
28.36429256,96.80332025816047,82,4095,VIBRATING,Unhealthy
28.6,95.95885965345772,86,84,STABLE,Unhealthy for Sensitive Groups
32.0,97.06165983620214,2383,274,STABLE,Unhealthy
30.1,97.64723144957745,135,230,STABLE,Good
25.58117386,97.93018599218466,66,90,STABLE,Good
30.2,98.46865476531627,72,115,STABLE,Unhealthy for Sensitive Groups
25.1,98.40023585668402,1346,1360,STABLE,Unhealthy for Sensitive Groups
26.2,96.83511965867586,2738,430,STABLE,Unhealthy
26.77677239,96.39839024409467,152,4095,STABLE,Unhealthy
29.68905451,98.77015630184766,66,79,STABLE,Unhealthy
31.4,98.21220218257307,3693,3690,STABLE,Unhealthy
29.8,98.45121484379966,548,3950,STABLE,Unhealthy
24.6,95.68582199621993,1398,1577,STABLE,Unhealthy for Sensitive Groups
27.6,95.59919263853124,766,1224,STABLE,Unhealthy for Sensitive Groups
30.1,98.70301040326004,96,58,VIBRATING,Good
31.6,97.43007790458566,693,375,STABLE,Moderate
26.6,96.77681165994629,443,93,STABLE,Good
26.0,96.26593478038106,2423,164,STABLE,Unhealthy
24.7,97.69880540571903,1571,1138,STABLE,Unhealthy for Sensitive Groups
31.2,95.44512538958784,1134,1307,STABLE,Unhealthy for Sensitive Groups
29.00918261,97.25776079709665,46,88,STABLE,Unhealthy
32.9,98.34969717583687,3358,3931,STABLE,Unhealthy
29.8,97.86741087518433,962,1115,STABLE,Unhealthy for Sensitive Groups
28.38147745,97.70056039155338,95,88,STABLE,Unhealthy
33.9,96.60748998999864,489,594,VIBRATING,Moderate
28.2,97.06225795917426,2332,907,STABLE,Unhealthy
31.5,97.59682308522439,897,1135,STABLE,Moderate
31.4,96.04878669026579,286,2979,STABLE,Unhealthy
27.3,98.73237957518805,1207,841,STABLE,Unhealthy for Sensitive Groups
25.8,93.28388144545148,72,85,STABLE,Good
24.1,98.76080674374434,841,857,STABLE,Moderate
29.3,95.57302975322379,104,83,STABLE,Good
28.54781107,94.76297699946383,86,83,STABLE,Unhealthy for Sensitive Groups
24.8,94.61665499317327,4062,3076,STABLE,Unhealthy
25.3,95.73069504849593,1195,1638,STABLE,Unhealthy for Sensitive Groups
29.85830140384447,96.28059274524124,274,3996,STABLE,Unhealthy
29.872322590203154,98.98793808422589,4095,661,STABLE,Unhealthy
28.5,94.24562413594285,108,142,VIBRATING,Good
32.6,97.62124845002,74,206,STABLE,Good
25.5,97.71946496752415,65,89,STABLE,Good
31.5,97.63837225956071,108,221,STABLE,Good
28.5,96.43526118635528,900,1289,STABLE,Unhealthy for Sensitive Groups
28.3,98.31227245905767,81,4095,STABLE,Unhealthy
29.3,94.7233492125391,565,2944,STABLE,Unhealthy
28.7,96.79724504644562,168,102,VIBRATING,Moderate
33.69862107,98.71641754408566,97,59,STABLE,Good
31.4,97.39589996277985,3796,367,STABLE,Unhealthy
29.8,95.68729100889672,3219,637,STABLE,Unhealthy
26.66770435,97.01216451817707,44,92,STABLE,Good
27.8,96.43144591210203,1569,1437,STABLE,Unhealthy for Sensitive Groups
30.1,98.36046430220162,807,4044,STABLE,Unhealthy
26.3,98.93326466813065,747,991,STABLE,Moderate
25.7,96.49452639143638,72,85,VIBRATING,Good
30.6,96.12653960778945,1480,790,STABLE,Unhealthy for Sensitive Groups
28.5,97.98784754516983,30,214,STABLE,Good
32.5,93.85701172943817,760,793,STABLE,Moderate
27.9,97.50445378173137,97,182,STABLE,Good
30.4,97.79843034507888,79,45,STABLE,Good
33.1,96.60579102012002,3678,3367,STABLE,Unhealthy
27.80101733507007,96.97506525132684,381,4095,STABLE,Unhealthy
27.4,96.76937115602945,271,2062,STABLE,Unhealthy
28.54649303,95.97133239511575,86,81,STABLE,Unhealthy for Sensitive Groups
29.2,96.18266090445931,177,226,STABLE,Good
29.14420244,94.0124410442526,47,94,VIBRATING,Unhealthy
32.0,96.9197304111842,1288,1988,STABLE,Unhealthy for Sensitive Groups
33.5,98.2542811124811,1544,1702,STABLE,Unhealthy for Sensitive Groups
33.9,96.93408598850306,861,1066,STABLE,Moderate
33.2,95.6384130772747,99,59,STABLE,Good
29.6,94.49279179625938,67,75,STABLE,Moderate
29.0,98.92156209715316,443,3678,STABLE,Unhealthy
30.8,97.17199046077766,874,1355,VIBRATING,Unhealthy for Sensitive Groups
28.61693958,98.4223530157154,102,87,STABLE,Unhealthy
26.6,94.95348894999928,72,86,STABLE,Good
28.63282683,98.44916191347244,86,83,VIBRATING,Unhealthy for Sensitive Groups
31.5,93.92471991522527,1322,1433,STABLE,Unhealthy for Sensitive Groups
29.3,98.94376635072314,95,80,STABLE,Good
30.0,97.21283733347389,203,218,STABLE,Good
26.2,97.00886379825339,72,85,STABLE,Good
28.34722331,98.21362463080914,86,78,STABLE,Unhealthy
33.0,97.87189657754706,93,59,STABLE,Good
26.1,97.3800165607551,100,77,STABLE,Good
28.0,97.31977580084089,41,136,STABLE,Good
30.8,99.0406995329831,619,3185,VIBRATING,Unhealthy
28.7,96.78310717254385,51,46,STABLE,Good
30.9,96.18313059579506,590,256,STABLE,Moderate
31.9,99.21124616945029,1074,1534,STABLE,Unhealthy for Sensitive Groups
24.5,99.47698614477811,1875,446,VIBRATING,Unhealthy
27.1,98.93509488740294,109,63,STABLE,Good
28.8,97.53013729287277,695,2110,STABLE,Unhealthy
29.01800673,95.67932270123605,46,87,STABLE,Unhealthy
29.1,97.17243102465368,290,992,STABLE,Moderate
29.7,97.4687452421993,3723,2312,STABLE,Unhealthy
24.6,98.53794854358486,214,202,STABLE,Good
32.1,95.75424760149266,1558,794,STABLE,Unhealthy for Sensitive Groups
30.1,95.29295674233717,3720,730,STABLE,Unhealthy
31.8,93.35547792255926,230,80,STABLE,Good
33.6,98.88974692393253,97,59,STABLE,Good
25.8,97.70264355475938,72,85,STABLE,Good
31.9,97.54501974980504,99,175,STABLE,Good
29.4,96.64769283999574,2323,3950,STABLE,Unhealthy
30.3,97.77112358642925,1115,1685,STABLE,Unhealthy for Sensitive Groups
24.3,93.9426417882332,467,3967,STABLE,Unhealthy
29.2,96.28549464278306,48,90,VIBRATING,Unhealthy for Sensitive Groups
29.15035471,96.44588939814393,47,92,STABLE,Unhealthy
29.0,94.44535460331687,787,1093,VIBRATING,Moderate
29.3,94.83076046484943,185,84,STABLE,Moderate
24.507483293000277,98.41409144876685,4095,4095,STABLE,Unhealthy
28.5,97.0333564789977,79,80,STABLE,Moderate
24.1,95.53444007244758,352,1046,STABLE,Moderate
33.4,98.21969844339398,98,59,STABLE,Good
27.8,95.79318904611691,85,78,STABLE,Moderate
28.9,97.31173630093102,154,97,STABLE,Good
24.5,96.99331664294515,424,3018,STABLE,Unhealthy
26.88948973557305,99.4435222953154,4095,399,STABLE,Unhealthy
30.9,96.66167426116738,77,111,STABLE,Good
28.4,97.08247644831172,86,84,STABLE,Unhealthy for Sensitive Groups
29.1,98.86403823723641,38,223,STABLE,Good
28.3,97.59194110318725,76,75,STABLE,Moderate
27.3,97.00278785239189,1361,1670,STABLE,Unhealthy for Sensitive Groups
29.32671581,98.20091073002581,51,92,STABLE,Unhealthy
28.7,97.06076141897927,86,83,STABLE,Unhealthy for Sensitive Groups
28.4,96.19515199635119,120,54,STABLE,Good
24.3,96.9316409725676,132,187,STABLE,Good
30.7,95.96854837941511,1029,1945,STABLE,Unhealthy for Sensitive Groups
28.61237597,96.90472044316786,54,149,STABLE,Unhealthy
26.8,96.57623261252435,695,2193,STABLE,Unhealthy
32.6,97.87577672654929,515,1136,STABLE,Moderate
26.1,96.06106954380884,1818,362,STABLE,Unhealthy
25.1,98.48063860117519,95,159,STABLE,Good
28.5,95.18533699805792,86,77,STABLE,Moderate
27.3,96.12828834078896,3329,810,STABLE,Unhealthy
28.9,94.46249758350247,593,994,STABLE,Moderate
29.0,98.08287155897746,342,480,STABLE,Moderate
26.0,95.05339690924531,1920,717,STABLE,Unhealthy
31.9,93.82557040523383,1711,995,STABLE,Unhealthy for Sensitive Groups
28.26959939,93.80182265218492,53,120,VIBRATING,Unhealthy
30.6,97.90229885028343,132,3705,STABLE,Unhealthy
31.3,91.63539528303724,146,81,STABLE,Good
27.7,97.9882519475717,195,216,STABLE,Good
24.916307069564592,96.08943702082446,3025,369,STABLE,Unhealthy
32.0,95.23400201978257,127,220,STABLE,Good
29.12103496,97.50458487044753,47,92,STABLE,Unhealthy
27.7,96.81042677610314,38,78,STABLE,Good
31.2,98.47428130368249,3384,417,STABLE,Unhealthy
27.9,96.1937010953575,805,747,STABLE,Moderate
29.0,96.29158739868312,47,90,STABLE,Unhealthy
26.9,98.5603980466096,733,698,STABLE,Moderate
30.25448563,99.64254273938275,71,111,STABLE,Unhealthy for Sensitive Groups
25.7,94.90635658318847,66,90,STABLE,Good
31.6,95.06936902370911,688,999,STABLE,Moderate
29.2,98.35059575878753,973,3233,STABLE,Unhealthy
30.8,96.99538653035172,1912,482,STABLE,Unhealthy
24.5,97.17310205252524,179,215,STABLE,Good
26.5,97.4026151260861,804,1163,STABLE,Moderate
33.8,96.3301901467021,3816,212,STABLE,Unhealthy
28.23667592,96.2367969569093,85,77,STABLE,Unhealthy for Sensitive Groups
30.0,98.064012743018,857,583,STABLE,Moderate
24.8,95.59624290677175,475,450,STABLE,Moderate
32.2,97.52353128311726,735,1744,STABLE,Unhealthy for Sensitive Groups
28.30515958,95.4815886689087,86,75,STABLE,Unhealthy for Sensitive Groups
26.9,92.74555587902117,4059,3644,STABLE,Unhealthy
27.9,95.66014594708764,3426,105,STABLE,Unhealthy
24.6,96.34589029109256,235,111,STABLE,Good
33.2,95.18055727286453,2464,967,STABLE,Unhealthy
27.7,98.13465170833997,84,78,STABLE,Moderate
26.2,97.83916282232957,2334,2223,STABLE,Unhealthy
30.9,94.30069418770275,618,1026,STABLE,Moderate
29.3,96.24744433108229,48,206,STABLE,Good
24.5,96.80242726856882,3859,501,STABLE,Unhealthy
24.2,96.88309066196541,865,1016,STABLE,Moderate
28.24298481,98.96303838760004,85,75,STABLE,Unhealthy for Sensitive Groups
29.83557372,95.22957389491748,67,80,VIBRATING,Unhealthy
28.24063923,98.60740942504631,86,76,STABLE,Unhealthy for Sensitive Groups
30.2,98.84817458397792,68,115,STABLE,Unhealthy for Sensitive Groups
29.44657256,96.93229831541491,60,82,STABLE,Unhealthy
28.7,94.71949954143598,87,83,VIBRATING,Unhealthy for Sensitive Groups
27.8,98.69104938696958,1507,1262,STABLE,Unhealthy for Sensitive Groups
28.3,98.70471895836872,86,75,VIBRATING,Unhealthy
33.46189988574176,99.09038722577453,4095,130,STABLE,Unhealthy
24.6,97.36089869052739,75,95,STABLE,Good
29.9,96.37486857329584,2010,90,STABLE,Unhealthy
27.6,98.86114267639591,584,778,STABLE,Moderate
24.1,97.47854624249119,763,1564,STABLE,Unhealthy for Sensitive Groups
28.9,98.69313583459252,78,82,STABLE,Moderate
27.1,96.34853130814892,148,4095,STABLE,Unhealthy
28.1,94.77722439033593,86,76,VIBRATING,Unhealthy for Sensitive Groups
30.4,98.62607967137674,570,3238,STABLE,Unhealthy
26.1,97.38588995504375,517,1019,STABLE,Moderate
32.2,97.92982902195352,941,842,STABLE,Unhealthy for Sensitive Groups
33.6,97.01024618229513,866,706,STABLE,Unhealthy for Sensitive Groups
26.8,92.97976658348686,117,61,STABLE,Good
24.6,98.30136259115199,1702,1589,STABLE,Unhealthy for Sensitive Groups
33.8,97.5883157071199,478,2138,STABLE,Unhealthy
32.128340593982486,98.36813398170689,4095,4095,STABLE,Unhealthy
30.4,98.25847340107696,96,58,STABLE,Good
31.5,94.3817917675734,133,136,STABLE,Good
32.2,94.79606406792965,274,362,STABLE,Moderate
30.2,99.34995030666184,462,2594,STABLE,Unhealthy
33.8,94.49282669417154,706,837,STABLE,Moderate
29.4,97.56371368148038,797,3797,STABLE,Unhealthy
28.41146107,98.92367852189159,86,78,STABLE,Unhealthy
29.1,99.24028711338907,192,83,STABLE,Moderate
28.7,93.57480262870027,796,1518,STABLE,Unhealthy for Sensitive Groups
29.3,95.95428132984921,425,3158,STABLE,Unhealthy
33.4,96.27822391302095,150,83,STABLE,Good
24.5,97.3291716999903,3993,2834,STABLE,Unhealthy
24.8,96.61779016716694,566,1186,VIBRATING,Moderate
28.2,96.62696855245606,54,116,STABLE,Unhealthy
33.1,97.29995810244938,117,48,STABLE,Good
28.8,98.92173734209943,1776,1088,STABLE,Unhealthy for Sensitive Groups
29.7,97.68422103408048,96,77,STABLE,Good
30.6,95.9024525203219,1391,722,STABLE,Unhealthy for Sensitive Groups
25.5,95.1873194261543,3584,3067,STABLE,Unhealthy
33.5,96.94899789286161,933,3749,STABLE,Unhealthy
25.9,98.57536581297185,196,166,STABLE,Good
33.2,97.43509559002197,100,59,STABLE,Good
27.0,95.549524189581,1347,1131,STABLE,Unhealthy for Sensitive Groups
32.1,94.34876907823805,834,328,STABLE,Moderate
30.8,96.47738903694218,1130,1023,STABLE,Unhealthy for Sensitive Groups
24.7,97.0159091897305,230,194,STABLE,Good
30.81320325603986,98.04743680045513,4095,4095,STABLE,Unhealthy
27.940823529919598,99.69800031672597,2693,869,STABLE,Unhealthy
33.3,96.73157742728475,1998,512,STABLE,Unhealthy
28.73984278,96.00873725997745,50,102,STABLE,Unhealthy
31.3,97.89694492030158,1199,784,STABLE,Unhealthy for Sensitive Groups
28.3,97.24607742274063,85,75,STABLE,Unhealthy
28.3,97.05889395974604,1217,871,STABLE,Unhealthy for Sensitive Groups
33.3,98.24701149000076,1445,1465,STABLE,Unhealthy for Sensitive Groups
31.0,98.96435370898378,167,176,STABLE,Good
29.2,95.92803629798043,184,84,STABLE,Moderate
29.9,94.11328394289077,2705,3727,STABLE,Unhealthy
25.7,97.05922245907725,34,228,STABLE,Good
24.8,95.54965681632702,1435,925,STABLE,Unhealthy for Sensitive Groups
28.7,98.32741754484792,88,71,STABLE,Moderate
26.4,95.72235625699479,69,92,STABLE,Good
28.1,95.92597740064318,84,78,STABLE,Moderate
33.1,97.50343873438169,745,999,STABLE,Moderate
33.4,96.02440785026626,58,2369,STABLE,Unhealthy
24.3,98.20531129876241,278,677,STABLE,Moderate
30.2,94.83257463575667,67,81,STABLE,Moderate
25.7,98.00527484635025,73,85,STABLE,Good
28.5,98.19702837103851,84,71,STABLE,Moderate
29.7,94.00361527326372,534,2570,STABLE,Unhealthy
31.1,99.01370857678837,1590,859,STABLE,Unhealthy for Sensitive Groups
29.0,98.67418065237493,46,89,VIBRATING,Unhealthy
29.9,93.99725615082886,3717,3971,STABLE,Unhealthy
28.7,98.39644547674084,86,82,STABLE,Unhealthy for Sensitive Groups
25.2,95.07216585912228,57,33,STABLE,Good
25.5,98.34371467908156,2780,520,STABLE,Unhealthy
29.6,96.30553399198403,685,1143,STABLE,Moderate
26.5,97.14540467802664,2361,737,VIBRATING,Unhealthy
25.1,95.24661389751206,503,405,STABLE,Moderate
30.4,98.20004376553055,145,110,STABLE,Good
27.4,97.41958766987743,706,1161,STABLE,Unhealthy for Sensitive Groups
28.0,99.64938755668794,587,462,STABLE,Moderate
32.0,99.07026783629118,3914,3460,STABLE,Unhealthy
31.6,99.08012220463932,74,215,STABLE,Good
31.3,97.68302440334503,45,241,STABLE,Good
30.5,97.81277993335021,32,73,STABLE,Good
28.2,96.26971595648612,86,81,STABLE,Unhealthy for Sensitive Groups
24.395452576377064,99.55853140729486,4095,144,STABLE,Unhealthy
28.3,97.51091709712134,2838,112,STABLE,Unhealthy
30.1,97.19364554743818,846,325,STABLE,Moderate
28.4,98.7700631053646,85,83,STABLE,Unhealthy for Sensitive Groups
28.42910115,94.72890124112843,85,80,STABLE,Unhealthy for Sensitive Groups
31.0,98.63297323247112,131,110,STABLE,Good
26.1,95.63945692287541,793,3575,STABLE,Unhealthy
26.7,96.35202811980324,520,471,STABLE,Moderate
28.47594149,96.41907274808668,78,79,STABLE,Unhealthy for Sensitive Groups
30.5,99.67489649688204,85,61,VIBRATING,Good
25.9,96.32242489921975,1775,1756,STABLE,Unhealthy for Sensitive Groups
28.5,94.17953275160392,3213,2977,STABLE,Unhealthy
30.7,98.13959559784827,763,909,STABLE,Moderate
28.50373507,94.72161631294328,86,81,STABLE,Unhealthy for Sensitive Groups
30.2,95.64930076214581,55,3601,STABLE,Unhealthy
28.56308377,95.448929597176,102,87,STABLE,Unhealthy
28.66513672,95.87549601876367,85,83,STABLE,Unhealthy for Sensitive Groups
27.1,97.77300231551574,81,167,STABLE,Good
33.0,95.22455782574798,1641,971,STABLE,Unhealthy for Sensitive Groups
28.37898429,98.39952480009032,87,76,STABLE,Unhealthy
32.2,98.80048595697744,786,1974,STABLE,Unhealthy for Sensitive Groups
32.3,97.30468610276844,569,2630,STABLE,Unhealthy
26.84621544,95.85088356773242,150,4095,STABLE,Unhealthy
27.0,99.36794345667886,186,117,STABLE,Good
28.63754937,97.89370565037898,92,82,STABLE,Unhealthy for Sensitive Groups
30.7,97.31273924444827,44,89,STABLE,Good
28.6,98.38498227933093,911,1196,STABLE,Unhealthy for Sensitive Groups
28.3,97.61601266394958,78,73,VIBRATING,Moderate
29.1,98.3392320404128,184,97,VIBRATING,Moderate
24.3,98.41059615434548,67,64,STABLE,Good
27.3,98.95606429785435,637,313,STABLE,Moderate
25.1,97.07214810400112,893,499,STABLE,Moderate
28.2,96.60322492450916,77,74,STABLE,Moderate
29.4,94.48963933934428,137,204,STABLE,Good
28.0,98.53858962447676,806,774,STABLE,Unhealthy for Sensitive Groups
29.2,96.25580450916165,1557,1380,STABLE,Unhealthy for Sensitive Groups
29.74469119,97.95432772327734,67,75,STABLE,Unhealthy
29.2,97.41596777696928,847,1589,STABLE,Unhealthy for Sensitive Groups
29.0,99.37707310216035,26,47,STABLE,Moderate
32.2,98.48130499189698,896,1050,STABLE,Moderate
28.4,97.25055494891718,1709,1222,STABLE,Unhealthy for Sensitive Groups
29.3,97.53706616270284,731,3112,STABLE,Unhealthy
33.8,97.94462328539443,32,81,STABLE,Good
29.1,97.401542709513,406,3004,STABLE,Unhealthy
28.63235467,96.93099742656118,86,81,STABLE,Unhealthy for Sensitive Groups
29.1,98.81800531557295,1710,1600,STABLE,Unhealthy for Sensitive Groups
29.6,99.36971030863212,70,94,STABLE,Moderate
33.86769075766986,99.18352752558765,234,4095,STABLE,Unhealthy
33.8,97.53339978934542,862,1433,STABLE,Unhealthy for Sensitive Groups
30.6,97.39181097687278,561,3094,STABLE,Unhealthy
29.7,95.6960229161772,748,2554,STABLE,Unhealthy
27.8,95.22121126721554,613,2940,STABLE,Unhealthy
26.4,98.44174357569511,593,783,STABLE,Moderate
29.62922731,97.10903532531358,66,157,STABLE,Unhealthy
28.5,97.96225018428991,86,81,STABLE,Unhealthy
33.0,97.798694285679,655,1010,STABLE,Moderate
28.8,96.92742031485676,54,95,STABLE,Good
33.9,98.76744122435643,87,111,STABLE,Good
28.3,97.19160234784273,732,314,STABLE,Moderate
31.07589181771021,98.34858715218658,3091,311,STABLE,Unhealthy
29.0,97.59967458055637,46,87,VIBRATING,Unhealthy for Sensitive Groups
24.4,96.8639152885998,192,117,STABLE,Good
28.2,97.86029922830335,1411,939,STABLE,Unhealthy for Sensitive Groups
24.2,98.830034928758,125,115,STABLE,Good
25.9,97.4564775316848,72,86,STABLE,Good
27.9,94.38373169469678,54,90,STABLE,Good
26.8,96.12173080799786,343,2856,STABLE,Unhealthy
27.9,94.4517173795058,434,4047,STABLE,Unhealthy
33.5,97.9450372652569,2826,2591,VIBRATING,Unhealthy
29.01471782,97.08970471362281,47,89,STABLE,Unhealthy
30.7,99.3337365001076,99,66,STABLE,Good
30.5,97.29970382979204,82,83,STABLE,Good
28.9,97.35013485010207,176,95,VIBRATING,Moderate
26.8,96.73917807084217,1272,1174,STABLE,Unhealthy for Sensitive Groups
29.4,93.76936250650952,72,83,STABLE,Moderate
30.9,99.11032624433957,532,1063,STABLE,Moderate
33.69689357512928,96.03425317299654,4095,4095,STABLE,Unhealthy
33.17064082,96.61298201108718,95,59,STABLE,Good
30.3,98.50167377538031,566,512,STABLE,Moderate
24.7,95.47564750132791,90,69,STABLE,Good
28.930449732119968,96.55466214110362,110,4095,STABLE,Unhealthy
27.3,96.71607436764201,596,4031,STABLE,Unhealthy
24.4,98.4476658756838,187,68,STABLE,Good
29.0,92.83066251975796,40,89,VIBRATING,Moderate
26.8,97.94122548194699,90,218,STABLE,Good
28.38137663,95.28710900964957,73,70,STABLE,Unhealthy for Sensitive Groups
25.3,95.96201691243454,699,347,STABLE,Moderate
28.4,97.76100798554405,85,69,STABLE,Moderate
25.53282993,96.37619778023314,73,85,STABLE,Good
25.0,93.78276589842174,3046,909,STABLE,Unhealthy
30.8,97.33975872238679,79,61,STABLE,Good
26.0,97.27769440296413,3406,3865,STABLE,Unhealthy
28.49692032,99.26280088805869,87,84,STABLE,Unhealthy for Sensitive Groups
30.2,97.64057020487405,68,116,STABLE,Unhealthy for Sensitive Groups
25.8,93.15252344955846,3963,883,STABLE,Unhealthy
29.3,96.13898394385407,510,647,STABLE,Moderate
25.4,96.89852453523706,876,807,STABLE,Moderate
25.3,95.83196349690341,85,215,STABLE,Good
33.9,97.98854191488155,1496,1072,STABLE,Unhealthy for Sensitive Groups
26.0,97.24017369272718,683,1085,STABLE,Moderate
28.9,96.48222443277866,3265,216,STABLE,Unhealthy
24.1,97.53902343403101,171,231,STABLE,Good
31.8,95.80939011067245,57,101,STABLE,Good
28.12367257,97.76528969035527,85,79,STABLE,Unhealthy for Sensitive Groups
30.4,95.18335513820551,36,232,STABLE,Good
30.8,97.75033746592652,1517,1854,STABLE,Unhealthy for Sensitive Groups
25.88636285,96.35860570290248,72,84,STABLE,Good
24.769114979179168,96.68289768099551,4095,4095,STABLE,Unhealthy
31.4,97.0865819960183,290,2414,STABLE,Unhealthy
29.7,98.1101736841418,67,75,STABLE,Moderate
28.98320496,99.28566115324523,77,76,STABLE,Unhealthy
26.7,97.71501787937974,162,146,STABLE,Good
25.0,97.49636369788033,949,2394,STABLE,Unhealthy
29.7,95.0825205436904,67,77,STABLE,Good
32.9,95.7991816536532,1496,1764,STABLE,Unhealthy for Sensitive Groups
32.5,97.69121861781018,1242,943,STABLE,Unhealthy for Sensitive Groups
28.4,98.45185982573662,86,84,VIBRATING,Unhealthy for Sensitive Groups
26.0,96.10059469098036,191,137,STABLE,Good
28.3,98.14807728238645,86,83,STABLE,Unhealthy for Sensitive Groups
31.9,98.57610056024888,1637,931,STABLE,Unhealthy for Sensitive Groups
33.8,93.56187290971265,897,1155,VIBRATING,Moderate
26.4,94.7460575722367,280,1074,STABLE,Moderate
26.8,97.20081491246273,417,733,STABLE,Moderate
28.7,96.70110965083265,207,86,STABLE,Moderate
26.8,98.58303981425419,1136,1068,STABLE,Unhealthy for Sensitive Groups
30.2,95.68787401135852,68,112,STABLE,Unhealthy for Sensitive Groups
26.3,95.35247092183712,232,189,STABLE,Good
29.0,98.30420140057332,40,83,STABLE,Moderate
27.7,96.81225379445263,2368,753,STABLE,Unhealthy
28.2,98.18604441232294,725,1020,STABLE,Moderate
26.2,98.3806401641688,844,1146,VIBRATING,Moderate
31.2,97.83757975252661,32,107,STABLE,Good
29.6,98.90458827674018,412,514,STABLE,Moderate
32.9,96.9007368452454,31,103,STABLE,Good
33.9,99.64550600706782,954,2849,VIBRATING,Unhealthy
30.1,98.19107656059838,96,58,STABLE,Good
29.1,97.89178420841229,232,85,STABLE,Good
24.9,96.73249390625067,76,3170,STABLE,Unhealthy
26.2,98.25499087545779,524,2265,STABLE,Unhealthy
30.3,98.64784479616353,961,994,STABLE,Unhealthy for Sensitive Groups
26.0,97.69250917952246,348,3580,STABLE,Unhealthy
29.1,96.96307735741334,1523,1629,STABLE,Unhealthy for Sensitive Groups
25.6,96.3543608531348,1324,1519,STABLE,Unhealthy for Sensitive Groups
24.5,98.70574172251663,247,189,STABLE,Good
28.31491748,99.21898880997692,86,80,VIBRATING,Unhealthy for Sensitive Groups
27.7,94.70016090858542,3932,3993,STABLE,Unhealthy
30.9,99.11298424895696,40,204,STABLE,Good
29.5,97.13849665629107,482,276,STABLE,Moderate
26.1,97.22208578125752,719,1801,STABLE,Unhealthy for Sensitive Groups
25.6,96.97772750292681,73,86,STABLE,Good
26.59087133,97.43041362156902,72,85,STABLE,Good
30.7,99.37088521007725,96,58,STABLE,Good
29.7,96.84923884267548,68,78,VIBRATING,Unhealthy
29.6,98.4067453765796,1720,1305,STABLE,Unhealthy for Sensitive Groups
30.2,97.6754678440615,831,825,STABLE,Moderate
27.83482074,98.09828852766351,87,4095,STABLE,Unhealthy
29.01865528,95.7890490621257,84,75,STABLE,Unhealthy for Sensitive Groups
25.1,98.05143285552998,2383,404,STABLE,Unhealthy
31.6,99.13891480574897,1732,1380,STABLE,Unhealthy for Sensitive Groups
26.5,97.94499905667463,240,32,STABLE,Good
28.4,95.88881207175703,53,246,STABLE,Good
32.0,96.69660196961982,839,1934,STABLE,Unhealthy for Sensitive Groups
32.1,96.85172863142107,3387,266,STABLE,Unhealthy
24.4,97.8066320834879,1091,1391,STABLE,Unhealthy for Sensitive Groups
25.3,96.54230842916793,3819,609,STABLE,Unhealthy
33.5,96.07882333520865,831,2275,VIBRATING,Unhealthy
29.4,97.98871865974311,162,63,STABLE,Good
33.4,98.93435791198385,257,2594,STABLE,Unhealthy
29.0,98.93049389814769,46,87,VIBRATING,Unhealthy for Sensitive Groups
28.3,97.81697528465799,68,69,STABLE,Moderate
26.7,97.17562463268136,2246,3987,STABLE,Unhealthy
28.8,94.86650371063863,419,668,STABLE,Moderate
24.9,99.05985167173884,587,661,STABLE,Moderate
30.7,96.06237497657176,971,2776,STABLE,Unhealthy
28.77439723,97.58406976012517,66,84,STABLE,Unhealthy for Sensitive Groups
28.9,94.81177550443208,105,84,STABLE,Moderate
28.3,98.51290698644857,86,84,STABLE,Unhealthy for Sensitive Groups
33.5,94.3719721969708,571,668,STABLE,Moderate
30.6,96.0942113520729,64,7,STABLE,Moderate
31.2,96.33981805866537,3667,540,STABLE,Unhealthy
28.76281027464158,99.08182632946438,2523,288,STABLE,Unhealthy
30.2,96.2887671659326,713,746,STABLE,Unhealthy for Sensitive Groups
29.0,97.63529573198262,203,92,VIBRATING,Moderate
31.7,93.83488343068655,800,606,VIBRATING,Moderate
28.0,97.36444158480622,1597,1192,STABLE,Unhealthy for Sensitive Groups
31.6,99.34980905815392,80,215,STABLE,Good
27.3,98.82817933030198,2239,969,STABLE,Unhealthy
28.29954233,97.87495714879688,86,79,VIBRATING,Unhealthy for Sensitive Groups
26.1,99.1910617819533,73,86,STABLE,Good
28.4,97.68380758127442,1077,927,STABLE,Unhealthy for Sensitive Groups
28.8,98.17187528431245,2056,733,STABLE,Unhealthy
33.15139895,98.25626999598957,96,59,STABLE,Good
32.2,97.05532531075809,32,155,STABLE,Good
32.5,98.07287123523314,653,563,VIBRATING,Moderate
26.5,96.56317058578063,77,61,STABLE,Good
28.5,98.66755140724986,85,4095,STABLE,Unhealthy
26.0,98.78375194517322,503,2144,STABLE,Unhealthy
29.7,97.38702077409835,221,44,STABLE,Good
29.4,94.29507289929384,876,1177,STABLE,Moderate
28.7,96.99255266196671,1172,1834,STABLE,Unhealthy for Sensitive Groups
27.1,96.90485820261192,2388,70,STABLE,Unhealthy
30.0,98.09481774918196,2447,3335,STABLE,Unhealthy
27.8,99.06756075032743,121,133,STABLE,Good
28.3,97.02363859712598,85,80,STABLE,Unhealthy for Sensitive Groups
24.6,98.20373415230337,104,111,STABLE,Good
26.76380424,94.19191472830686,154,4095,STABLE,Unhealthy
28.2,96.46261310001722,3882,2947,STABLE,Unhealthy
27.7,99.70190439258104,732,653,STABLE,Moderate
30.3,97.06907098697837,68,83,STABLE,Moderate
26.0,97.96602816754307,964,3945,STABLE,Unhealthy
26.9,96.54506259585088,856,3373,STABLE,Unhealthy
30.7,97.6142960010001,246,169,STABLE,Good
29.8,99.33436579315236,67,80,STABLE,Moderate
29.9,97.69441750479523,40,203,STABLE,Good
30.6,97.78475174612035,1435,1316,STABLE,Unhealthy for Sensitive Groups
30.4,97.78484700935398,638,2029,STABLE,Unhealthy
25.2,93.61463292826852,139,119,STABLE,Good
27.9,97.63098823669418,104,160,STABLE,Good
33.6,95.99226593260299,769,1564,STABLE,Unhealthy for Sensitive Groups
25.8,95.50726503044201,229,195,VIBRATING,Good
26.3,98.66920436568651,3838,449,STABLE,Unhealthy
30.8,98.50130840688767,240,63,STABLE,Good
29.4,97.04074888579362,72,82,STABLE,Moderate
31.7,97.90106016700912,158,195,STABLE,Good
31.3,99.35446756064519,136,169,STABLE,Good
31.7,97.5328233648942,294,961,STABLE,Moderate
28.208302655708174,99.48824540753871,4095,4095,STABLE,Unhealthy
27.8,96.4802221336659,240,99,STABLE,Good
33.4,96.21950453913304,99,59,STABLE,Good
24.4,96.51596639820765,3132,469,STABLE,Unhealthy
24.3,98.73704946356715,1080,940,STABLE,Unhealthy for Sensitive Groups
28.34693481,96.20316531892828,86,81,STABLE,Unhealthy for Sensitive Groups
27.3,92.65502778915173,770,791,STABLE,Moderate
24.1,99.09396312610498,1038,1376,STABLE,Unhealthy for Sensitive Groups
31.7,98.62843850671088,459,292,STABLE,Moderate
30.1,97.04035394823974,96,58,STABLE,Good
28.0,95.7215625140218,231,143,STABLE,Good
28.3,97.7998647166425,85,80,STABLE,Unhealthy for Sensitive Groups
29.8,97.94761658601482,3802,1697,VIBRATING,Unhealthy
27.8,96.61396718094356,2133,578,STABLE,Unhealthy
28.3,96.57019035542264,79,80,STABLE,Moderate
29.2,93.96288534018275,179,98,STABLE,Moderate
26.0,94.55852442572626,2880,208,STABLE,Unhealthy
32.2,98.30741809531047,88,60,STABLE,Good
29.7,95.15246105618955,716,2014,STABLE,Unhealthy
27.6,96.54622847850294,150,172,STABLE,Good
29.0,98.68291690135516,29,65,STABLE,Moderate
26.9,97.50597238819415,271,1010,STABLE,Moderate
26.9,97.13649167519924,381,945,STABLE,Moderate
29.2,93.66784241954319,688,623,STABLE,Moderate
33.5,98.43094020432294,104,125,STABLE,Good
24.4,96.52842063211183,720,1111,STABLE,Unhealthy for Sensitive Groups
33.2,98.32298753318784,160,231,STABLE,Good
29.2,98.07569623926393,47,94,STABLE,Unhealthy
29.7,99.15897588491212,3641,3583,VIBRATING,Unhealthy
33.5156320566383,96.10862389325231,2120,767,STABLE,Unhealthy
25.8,98.04396666454409,1633,1263,STABLE,Unhealthy for Sensitive Groups
34.17067892,96.54949927435226,96,60,STABLE,Good
33.4,95.83316599083928,315,297,STABLE,Moderate
25.8,98.87961884111556,1185,743,STABLE,Unhealthy for Sensitive Groups
24.3,97.46461839942417,289,663,STABLE,Moderate
33.2,95.63983029706954,100,60,STABLE,Good
33.3,95.79782879584509,3525,531,STABLE,Unhealthy
33.2,98.01495956307281,517,822,STABLE,Moderate
28.5,96.25039019349272,160,143,STABLE,Good
33.6,95.00432861157377,78,67,STABLE,Good
25.6,98.48419530874382,73,85,VIBRATING,Good
33.1,95.70326497373505,1212,1337,STABLE,Unhealthy for Sensitive Groups
28.4,94.61908329032694,86,81,STABLE,Unhealthy for Sensitive Groups
29.5,95.95208587177777,506,1013,STABLE,Moderate
30.1,97.73742849219312,96,57,STABLE,Good
24.6,94.41220787655784,176,70,STABLE,Good
28.4887948,95.78892734000081,85,83,STABLE,Unhealthy
34.0,97.45343765034613,735,507,VIBRATING,Moderate
25.6,96.08979885051667,1848,531,STABLE,Unhealthy
28.33340089,94.98207841502713,86,83,STABLE,Unhealthy for Sensitive Groups
32.0,91.91054990783834,632,3343,STABLE,Unhealthy
30.6,95.91268663238594,2456,482,STABLE,Unhealthy
28.24355589,94.38047457736992,86,84,STABLE,Unhealthy for Sensitive Groups
30.1,95.44691147425266,72,78,VIBRATING,Moderate
30.3,97.41349957705228,2942,118,STABLE,Unhealthy
29.3,99.184526967288,322,2492,STABLE,Unhealthy
24.0,97.45718894707625,1503,1080,STABLE,Unhealthy for Sensitive Groups
30.0,97.10003823912663,51,3438,STABLE,Unhealthy
24.8,98.80953473558401,823,479,STABLE,Moderate
26.1,94.38349116505772,135,129,VIBRATING,Good
31.70037407578528,99.19274701935466,597,4095,STABLE,Unhealthy
25.7,96.50434295689043,216,2399,STABLE,Unhealthy
29.9,95.10900758759612,623,372,STABLE,Moderate
30.3,95.06618033962224,3920,132,STABLE,Unhealthy
28.2,96.45361167877417,86,76,VIBRATING,Moderate
30.8,97.73891671352243,1353,897,STABLE,Unhealthy for Sensitive Groups
26.2,97.44090761562896,1608,1493,STABLE,Unhealthy for Sensitive Groups
24.9,95.05574875675498,2216,928,STABLE,Unhealthy
33.4,96.62074951199537,1789,1795,STABLE,Unhealthy for Sensitive Groups
29.8,99.61698703016098,73,68,STABLE,Moderate
33.6,95.74209020249178,1806,508,STABLE,Unhealthy
28.4,95.7750329861572,247,98,STABLE,Good
28.4,96.99394155730089,466,861,STABLE,Moderate
32.9,98.08538830852241,2224,898,STABLE,Unhealthy
32.7,98.86577047465347,794,3311,STABLE,Unhealthy
28.2,97.10366975400784,86,73,VIBRATING,Moderate
32.9,95.55265068049012,197,153,STABLE,Good
30.5,97.79472949015943,2339,566,STABLE,Unhealthy
28.4,97.03155221044724,86,84,STABLE,Unhealthy for Sensitive Groups
28.2,97.81226259272276,180,87,STABLE,Moderate
28.41183629,97.81663731905114,86,77,STABLE,Unhealthy
29.0,97.71710552326218,311,872,STABLE,Moderate
25.6,96.8796481979791,3448,688,STABLE,Unhealthy
27.7,97.71019456398247,499,1170,STABLE,Moderate
25.8,98.21110831539748,1701,1536,STABLE,Unhealthy for Sensitive Groups
32.3,97.85263337852443,83,3552,STABLE,Unhealthy
25.3,95.09477825223708,3955,632,STABLE,Unhealthy
29.05841995,95.2649509901256,47,92,STABLE,Unhealthy
27.1,95.40496929853315,2731,443,STABLE,Unhealthy
24.2,98.50039136071116,693,1100,VIBRATING,Moderate
31.5,97.47202303623749,2171,715,STABLE,Unhealthy
33.8,97.02444501319852,436,3786,STABLE,Unhealthy
33.1,98.27183292650429,169,109,STABLE,Good
29.9,98.30789516078003,3924,584,STABLE,Unhealthy
27.5,96.28062202238621,323,408,STABLE,Moderate
32.4,96.10164421035309,990,1385,STABLE,Unhealthy for Sensitive Groups
30.15995622,93.65408341102417,72,132,VIBRATING,Unhealthy for Sensitive Groups
31.2,96.23530408426275,541,1097,STABLE,Moderate
29.5,96.51757928938136,1487,726,STABLE,Unhealthy for Sensitive Groups
27.7,93.19019682933852,1333,718,STABLE,Unhealthy for Sensitive Groups
32.7,96.71440868578686,2180,194,STABLE,Unhealthy
32.5,98.66047291848156,172,191,STABLE,Good
27.0,96.73789182504383,734,1690,STABLE,Unhealthy for Sensitive Groups
33.5,98.96096316870901,99,60,STABLE,Good
31.5,93.39869562032882,477,989,STABLE,Moderate
27.6,98.71699272705838,157,235,STABLE,Good
30.1,98.19768315272798,96,57,STABLE,Good
33.7,98.99619103945152,1760,1268,STABLE,Unhealthy for Sensitive Groups
28.8,99.54186913975693,55,90,VIBRATING,Good
32.1,96.59050659282263,1614,1255,STABLE,Unhealthy for Sensitive Groups
32.7,94.82579186453992,90,144,STABLE,Good
24.4,98.67816583765098,3270,2828,STABLE,Unhealthy
28.376924901910346,98.21959150667658,149,2109,STABLE,Unhealthy
32.7,96.96510690305904,180,2600,STABLE,Unhealthy
28.5,96.41163815119923,49,114,VIBRATING,Moderate
28.0,98.39242879366115,79,45,STABLE,Good
28.6,97.93116814404696,667,555,STABLE,Moderate
27.9,94.98932750904689,100,135,STABLE,Good
26.2,94.60097562649125,178,84,STABLE,Good
27.9,96.45367287170801,2423,571,STABLE,Unhealthy
28.3,97.36767474479912,84,4095,VIBRATING,Unhealthy
29.2,95.32145421479753,46,50,STABLE,Moderate
25.7,98.3784781364363,786,1215,STABLE,Unhealthy for Sensitive Groups
29.88487875,97.6423702854931,72,243,STABLE,Unhealthy
29.7,94.80395308561033,163,200,STABLE,Good
29.4,98.22764170023572,1599,1518,STABLE,Unhealthy for Sensitive Groups
30.3,95.93799050486943,417,1070,STABLE,Moderate
34.0,94.10750199451857,3023,957,STABLE,Unhealthy
28.7,95.04068535839717,488,1058,STABLE,Moderate
29.0,98.88396043285051,492,2816,STABLE,Unhealthy
24.4,97.31678656493877,101,139,STABLE,Good
25.9,93.49028515768623,2570,223,STABLE,Unhealthy
32.3,96.31976554454026,65,75,STABLE,Good
28.31774161,95.96680922683697,90,80,STABLE,Unhealthy for Sensitive Groups
28.0,97.15071530840625,157,214,STABLE,Good
25.3,97.57626179220244,625,3587,STABLE,Unhealthy
31.6,95.45808832359397,2610,211,STABLE,Unhealthy
29.1,99.4751005605115,390,2983,STABLE,Unhealthy
29.2,97.30893525314997,2276,3795,STABLE,Unhealthy
28.09204182,98.59058169406025,86,81,STABLE,Unhealthy for Sensitive Groups
30.6,97.75530871672579,871,803,STABLE,Moderate
26.6,97.20679610895662,2658,3804,VIBRATING,Unhealthy
29.0,97.84940258577316,881,2557,STABLE,Unhealthy
30.3,97.72864584799831,72,109,STABLE,Unhealthy for Sensitive Groups
29.3,96.08301945908579,712,1759,STABLE,Unhealthy for Sensitive Groups
26.7,97.1349778734421,1205,1061,STABLE,Unhealthy for Sensitive Groups
30.5,95.15791840148027,1053,1193,STABLE,Unhealthy for Sensitive Groups
33.1,98.535274910442,273,680,STABLE,Moderate
30.1,94.89698715565143,601,812,STABLE,Moderate
29.0,96.51008972401122,47,87,STABLE,Unhealthy
25.2,97.17865589917396,1002,1029,STABLE,Unhealthy for Sensitive Groups
32.4,94.05156980147365,102,189,VIBRATING,Good
28.3,98.98706227403993,86,73,STABLE,Moderate
28.7,97.25933590121048,220,143,STABLE,Good
26.7,95.02311468459158,114,88,STABLE,Good
29.8,98.42822704515216,53,159,STABLE,Good
33.1,97.73032709946206,224,39,STABLE,Good
26.2,97.72820999796257,913,1129,STABLE,Unhealthy for Sensitive Groups
28.36462257,98.80978097280516,86,79,STABLE,Unhealthy for Sensitive Groups
31.8,97.33544838379663,104,38,STABLE,Good
29.5,97.32948349333498,1510,1585,STABLE,Unhealthy for Sensitive Groups
26.9,98.66247066503537,449,2691,STABLE,Unhealthy
28.3,96.7738880828006,526,482,STABLE,Moderate
28.30815453,94.08447219458631,85,79,STABLE,Unhealthy for Sensitive Groups
33.2,96.79805965496183,511,1102,STABLE,Moderate
32.9,94.50955318981529,3732,671,STABLE,Unhealthy
29.2,94.40623082811645,69,164,STABLE,Good
27.1,96.50351229925198,616,567,STABLE,Moderate
30.2,93.51829376154537,74,115,STABLE,Unhealthy for Sensitive Groups
31.0,97.59811308991851,801,544,STABLE,Moderate
32.4,93.34981063393934,91,60,STABLE,Good
34.0,97.50542150991788,98,59,STABLE,Good
31.3,98.15290200103523,3329,300,STABLE,Unhealthy
29.6,96.28029746827009,80,85,STABLE,Moderate
30.0,96.03682038024661,3609,664,STABLE,Unhealthy
28.77964718,96.61552948674885,68,238,STABLE,Unhealthy
31.4,98.07425559961581,2790,3970,VIBRATING,Unhealthy
32.0,97.41595261173066,1102,1281,STABLE,Unhealthy for Sensitive Groups
31.8,96.32003850602798,317,2657,STABLE,Unhealthy
31.3,97.6784925950178,683,788,STABLE,Moderate
28.43380042,96.54791604217527,72,71,STABLE,Unhealthy for Sensitive Groups
25.6,98.2138457040671,147,46,STABLE,Good
24.3,99.05952074433443,104,132,STABLE,Good
32.9,99.31124207057881,688,2179,STABLE,Unhealthy
32.8,97.15794957065326,3218,523,STABLE,Unhealthy
25.6,97.61451575279744,143,130,VIBRATING,Good
26.7,98.07170717996044,1318,1452,STABLE,Unhealthy for Sensitive Groups
29.39564434,99.51569506341362,68,150,STABLE,Unhealthy
28.24125123,97.53015970033529,85,76,STABLE,Unhealthy for Sensitive Groups
31.7,96.42486197055645,850,880,STABLE,Unhealthy for Sensitive Groups
26.2,94.82106661387093,71,90,STABLE,Good
28.0,97.23015698719642,1221,1501,STABLE,Unhealthy for Sensitive Groups
31.7,97.81155704072847,2188,2920,STABLE,Unhealthy
29.1,97.90605976592089,2516,405,STABLE,Unhealthy
27.8,97.32028836939807,88,78,STABLE,Moderate
28.4,97.79927380612878,94,103,STABLE,Good
31.8,97.05281653018586,855,1382,STABLE,Unhealthy for Sensitive Groups
31.6,98.76621990254154,807,3146,STABLE,Unhealthy
33.7,99.19105084935984,3538,2562,STABLE,Unhealthy
34.0,92.81552675363484,97,59,VIBRATING,Good
32.1,97.39994103863776,290,1070,STABLE,Moderate
26.7,97.28667319543223,782,3454,STABLE,Unhealthy
28.4,96.62901813161488,86,4095,STABLE,Unhealthy
30.9,99.70127764789008,168,211,STABLE,Good
26.9,99.67905678656462,44,93,STABLE,Good
28.50279605,97.33831816839111,86,83,STABLE,Unhealthy for Sensitive Groups
30.5,95.56456533877255,101,57,STABLE,Good
26.4,95.99389428384666,74,84,STABLE,Good
28.4,96.0057126135306,86,77,VIBRATING,Unhealthy for Sensitive Groups
28.8,97.89998554043282,180,213,STABLE,Good
26.38050648,96.84959432982188,63,94,STABLE,Good
28.24089552,98.75047864852826,86,79,STABLE,Unhealthy for Sensitive Groups
33.6,98.11522075594874,501,1112,STABLE,Moderate
25.9,98.21825918798979,66,90,STABLE,Good
28.2,96.2761820660795,631,3439,STABLE,Unhealthy
28.359591246149762,96.00064117432655,4095,4095,STABLE,Unhealthy
25.1,99.34999703923384,278,903,STABLE,Moderate
29.5,96.54967691769843,1563,1954,STABLE,Unhealthy for Sensitive Groups
31.7,95.20621101670602,3609,2719,STABLE,Unhealthy
31.0,97.78019567595057,2146,2730,STABLE,Unhealthy
33.0,95.25261396306962,1591,1691,STABLE,Unhealthy for Sensitive Groups
31.2,95.44354587755961,67,47,STABLE,Good
26.7,98.61027830735298,45,92,STABLE,Good
32.2,95.01512157156245,1033,986,STABLE,Unhealthy for Sensitive Groups
24.3,97.92221606396718,1732,1632,STABLE,Unhealthy for Sensitive Groups
28.0,98.28908443249433,91,79,VIBRATING,Moderate
28.6,93.80013024076375,174,103,STABLE,Moderate
29.2,98.34854288785797,508,729,STABLE,Moderate
33.3,97.47571670530911,293,3410,STABLE,Unhealthy
29.2,97.64987527132453,94,81,STABLE,Good
29.4,95.10262306973257,154,224,STABLE,Good
29.19695279,96.56182816617914,47,91,STABLE,Unhealthy
28.8,98.73527406411392,107,90,STABLE,Moderate
24.5,97.5861950418396,1441,1038,STABLE,Unhealthy for Sensitive Groups
30.0,96.96084274250347,1875,3634,STABLE,Unhealthy
27.0,96.66161015944375,208,72,STABLE,Good
29.7,98.61693239709243,66,74,VIBRATING,Moderate
32.0,96.91980619996765,54,123,STABLE,Good
25.4,97.60194230169925,394,450,STABLE,Moderate
25.9,97.17777792109523,3672,415,STABLE,Unhealthy
25.1,99.070315502746,245,33,STABLE,Good
25.9,99.20724605900537,140,101,STABLE,Good
28.8,97.53947430442896,741,1144,STABLE,Moderate
26.1,96.80189908173173,3836,2761,STABLE,Unhealthy
26.1,96.84526810524473,61,86,STABLE,Good
32.1,98.80520685253063,819,816,STABLE,Moderate
25.9,95.7298137065032,433,621,STABLE,Moderate
31.1,96.02866510743523,3756,665,STABLE,Unhealthy
25.258687913948762,98.07435473762202,852,4095,STABLE,Unhealthy
27.7,99.40505431976753,776,540,STABLE,Moderate
28.7,98.5625215763599,787,1637,STABLE,Unhealthy for Sensitive Groups
24.1,95.46375337767458,95,159,STABLE,Good
27.7,95.63950131527614,252,2833,STABLE,Unhealthy
28.3,95.28118180816595,87,81,VIBRATING,Unhealthy for Sensitive Groups
28.6,97.30149739587398,2433,2278,STABLE,Unhealthy
28.9,96.17870215490001,629,3015,STABLE,Unhealthy
28.4,98.34875223268268,83,73,STABLE,Moderate
29.6,99.54526407354655,795,3600,STABLE,Unhealthy
28.28251529954125,97.97809060410786,4095,4095,STABLE,Unhealthy
29.3,97.30430852585872,246,66,STABLE,Good
27.7,98.17658935380824,1933,958,STABLE,Unhealthy
28.8,97.8426643255128,2179,2232,STABLE,Unhealthy
34.0,97.26705889493361,807,1068,VIBRATING,Unhealthy for Sensitive Groups
30.2,99.00761173467517,229,77,STABLE,Good
31.6,97.88066445321367,849,911,STABLE,Unhealthy for Sensitive Groups
24.2,97.6328564714255,465,2830,STABLE,Unhealthy
28.9,93.63800894006694,175,94,STABLE,Moderate
29.8,96.5768418108331,60,95,STABLE,Good
32.7,97.44096979437656,191,166,STABLE,Good
28.3,96.1725651272614,79,76,STABLE,Unhealthy for Sensitive Groups
28.8,96.83684217188113,3611,2377,STABLE,Unhealthy
29.15874877,97.90443753429868,47,90,STABLE,Unhealthy
28.1,98.31071224232181,86,81,STABLE,Moderate
25.3,96.21910116901249,65,89,STABLE,Good
28.3,97.74331697712016,1781,1077,STABLE,Unhealthy for Sensitive Groups
28.6,96.89071276408596,83,96,STABLE,Moderate
28.56088750621916,99.55079143008834,655,4095,STABLE,Unhealthy
31.8,92.24992244187118,66,141,STABLE,Good
32.3,98.17901419837217,3948,1881,STABLE,Unhealthy
29.0,96.70262597123501,46,87,STABLE,Unhealthy
31.3,96.62839768926466,782,1016,STABLE,Unhealthy for Sensitive Groups
28.32950745,96.62638665425631,77,76,STABLE,Unhealthy for Sensitive Groups
29.6,93.96628049924557,73,83,VIBRATING,Moderate
28.2,94.83869764061532,3511,1000,STABLE,Unhealthy
24.9,94.90165187452486,513,572,STABLE,Moderate
33.7,97.49065367023788,1787,1727,STABLE,Unhealthy for Sensitive Groups
29.4,98.74572216789815,103,187,STABLE,Good
31.0,96.39883500067025,3918,3161,STABLE,Unhealthy
33.6,95.16811191993467,2202,3815,STABLE,Unhealthy
28.676492,97.01910861400766,83,4095,STABLE,Unhealthy
26.9,97.03206972719757,1601,1618,STABLE,Unhealthy for Sensitive Groups
25.0,95.93907907786185,1563,1719,STABLE,Unhealthy for Sensitive Groups
26.7,99.33898473017925,248,2089,STABLE,Unhealthy
29.6,94.82873357742201,963,2899,STABLE,Unhealthy
32.0,98.98975890133042,412,768,STABLE,Moderate
25.0,96.6297500321472,2612,985,STABLE,Unhealthy
25.3,98.66240840022648,648,1003,VIBRATING,Moderate
29.9,96.55550756003615,358,708,STABLE,Moderate
31.2,92.72361958348756,3835,3259,VIBRATING,Unhealthy
28.5,94.86795860811897,133,100,STABLE,Good
31.6,97.87488523417458,541,3070,STABLE,Unhealthy
28.20601802,96.71327859965312,85,77,STABLE,Unhealthy for Sensitive Groups
25.2,99.10183517872758,3263,603,STABLE,Unhealthy
25.7,97.78702999516922,247,103,STABLE,Good
33.6,94.24883518407765,120,2731,STABLE,Unhealthy
28.7,96.26055331840189,105,84,STABLE,Moderate
28.7,97.38704863559039,1316,1603,STABLE,Unhealthy for Sensitive Groups
30.3,99.35708493722233,1441,1199,STABLE,Unhealthy for Sensitive Groups
32.3,96.20698508042884,268,1004,STABLE,Moderate
32.0,96.23392646567062,432,3381,STABLE,Unhealthy
33.48293051,98.20750943248748,99,59,VIBRATING,Good
26.4,99.55913696751949,2794,2553,STABLE,Unhealthy
26.24655112335643,98.80115214150526,664,4095,STABLE,Unhealthy
30.9,95.55076100474281,900,348,STABLE,Moderate
30.6,97.88672937611464,68,217,STABLE,Good
27.9,94.01821560986734,177,91,VIBRATING,Moderate
25.4,95.83512831357355,726,1072,STABLE,Unhealthy for Sensitive Groups
28.7,98.38790854009764,86,83,STABLE,Unhealthy for Sensitive Groups
29.4,97.50667913253737,897,1155,STABLE,Moderate
28.69376992,98.1611414562679,54,155,VIBRATING,Unhealthy
26.8,96.5064744677971,44,92,STABLE,Good
30.1,97.52012953339079,722,2185,STABLE,Unhealthy
27.4,97.76287780054737,1324,1796,STABLE,Unhealthy for Sensitive Groups
33.1,98.10470212157658,345,814,STABLE,Moderate
28.5,97.89168741465625,51,117,STABLE,Unhealthy for Sensitive Groups
29.6,94.70031439092223,66,76,STABLE,Good
32.3,99.1375321229074,68,194,STABLE,Good
33.2,96.35136916521866,4012,2791,STABLE,Unhealthy
29.9,95.52360535911828,778,675,STABLE,Moderate
30.9,98.64284343918872,118,135,VIBRATING,Good
28.2,95.38811270309063,1012,1365,STABLE,Unhealthy for Sensitive Groups
25.5,96.31774300574475,144,3135,STABLE,Unhealthy
28.1,99.40680229697865,236,61,STABLE,Good
28.8,96.66303151985983,105,85,VIBRATING,Moderate
32.8,96.39157793575639,1542,1654,STABLE,Unhealthy for Sensitive Groups
31.5,97.23763929465451,769,1294,VIBRATING,Unhealthy for Sensitive Groups
24.8,96.84553176093266,67,195,STABLE,Good
29.1,96.25737514828856,47,91,STABLE,Unhealthy
30.1,97.54090850156281,96,58,STABLE,Good
29.4,93.17777242669737,656,964,STABLE,Moderate
31.0,98.66594183568458,687,1093,STABLE,Moderate
27.8,97.95603330083976,679,3562,STABLE,Unhealthy
26.6,93.94742325594275,3761,984,STABLE,Unhealthy
29.5,99.34946159993277,129,3347,STABLE,Unhealthy
28.7,95.60799885944037,3006,516,STABLE,Unhealthy
32.3,97.34488052597655,489,286,STABLE,Moderate
28.3,96.30614651835154,85,84,VIBRATING,Unhealthy for Sensitive Groups
31.5,98.65372364142596,512,531,STABLE,Moderate
33.5,93.99337352915305,87,166,STABLE,Good
31.5,98.0244213468329,2847,2403,STABLE,Unhealthy
28.4,96.2026178958352,86,78,STABLE,Moderate
28.05242885,98.85780965078473,86,80,STABLE,Unhealthy for Sensitive Groups
25.2,97.58652659555803,256,981,STABLE,Moderate
26.45379748,94.80203656054638,64,94,VIBRATING,Good
28.5,97.20766493330107,85,72,STABLE,Moderate
25.6,98.20156979151095,348,637,STABLE,Moderate
24.4,97.6131577542622,754,999,STABLE,Unhealthy for Sensitive Groups
26.1,96.671029519007,153,31,STABLE,Good
32.3,96.66971107631474,2075,346,STABLE,Unhealthy
29.3,98.09969838961976,102,84,STABLE,Moderate
30.0,95.51557413750074,66,76,VIBRATING,Moderate
33.0,98.50034153891511,1771,1856,STABLE,Unhealthy for Sensitive Groups
28.4,98.77626031209424,87,85,STABLE,Unhealthy for Sensitive Groups
26.8,96.9804387904943,271,2629,VIBRATING,Unhealthy
26.3,97.81980287104732,82,101,VIBRATING,Good
27.4,98.36707278434388,1904,654,VIBRATING,Unhealthy
28.58350122,97.05429131781337,86,81,STABLE,Unhealthy for Sensitive Groups
24.7,94.34252422617229,247,3651,STABLE,Unhealthy
28.5,96.2390017768712,150,108,STABLE,Good
24.7,96.25950016285562,1243,1611,STABLE,Unhealthy for Sensitive Groups
31.8,95.93812401809612,1144,1908,STABLE,Unhealthy for Sensitive Groups
30.3,94.26775980494469,1350,837,STABLE,Unhealthy for Sensitive Groups
28.81304602,98.4238925645782,54,165,STABLE,Unhealthy
25.973095561364357,97.53977627522367,4095,586,STABLE,Unhealthy
30.2,97.74903066660127,166,88,STABLE,Good
33.6,99.59414090775462,98,31,STABLE,Good
24.2,97.10201825634503,462,3888,STABLE,Unhealthy
30.0,94.99934517928602,597,1150,STABLE,Moderate
31.1,97.19893450084476,574,481,STABLE,Moderate
29.13742968,97.46362138890892,47,96,STABLE,Unhealthy
28.2,96.6192520120848,85,90,VIBRATING,Unhealthy
30.0,94.91682120119495,240,56,STABLE,Good
24.6,98.8627035038093,63,221,STABLE,Good
33.4,98.44179373634319,1491,709,STABLE,Unhealthy for Sensitive Groups
29.0,98.17822256104854,46,86,STABLE,Unhealthy for Sensitive Groups
29.0,96.54133714178576,1330,1982,STABLE,Unhealthy for Sensitive Groups
29.0,98.66835905961017,771,1159,STABLE,Unhealthy for Sensitive Groups
32.0,98.78046044318495,893,1086,STABLE,Unhealthy for Sensitive Groups
28.6,93.59597398080672,621,3891,STABLE,Unhealthy
25.7,98.9288815392922,4004,2855,STABLE,Unhealthy
28.3,97.92089935739142,88,3100,STABLE,Unhealthy
30.0,95.55096634245642,339,4056,STABLE,Unhealthy
26.3,96.47773566615862,858,723,STABLE,Moderate
24.4,96.18306619190564,2156,489,STABLE,Unhealthy
30.8,92.55608141822103,87,246,STABLE,Good
33.4,98.04477107274285,3930,2974,STABLE,Unhealthy
31.3,99.49075440879707,200,58,STABLE,Good
26.3,97.55928468089398,493,3725,STABLE,Unhealthy
30.8,96.99504030502733,508,648,STABLE,Moderate
29.08672853,99.41698907533976,46,90,STABLE,Unhealthy
31.2,97.43732835369143,3578,2210,STABLE,Unhealthy
27.3,98.61852826230562,843,3885,VIBRATING,Unhealthy
29.1,96.24876784509532,47,92,VIBRATING,Unhealthy
29.2,96.12117293080026,85,229,STABLE,Good
30.7,97.77410135746072,1322,1812,STABLE,Unhealthy for Sensitive Groups
24.1,97.48455219055134,88,180,STABLE,Good
28.9,96.25449305342748,134,193,STABLE,Good
26.78264575,98.00247453113471,45,94,STABLE,Good
29.8,99.13505117917535,839,2807,STABLE,Unhealthy
29.4,98.019260210276,1175,1260,STABLE,Unhealthy for Sensitive Groups
29.04568586,97.60755914400596,46,88,STABLE,Unhealthy
25.9,98.97561267878875,185,54,STABLE,Good
33.8,96.69691689235322,518,1160,STABLE,Moderate
29.1,97.58206283272706,87,75,STABLE,Moderate
27.6,97.9921375155914,841,1390,STABLE,Unhealthy for Sensitive Groups
25.9,97.36971639550862,846,1929,STABLE,Unhealthy for Sensitive Groups
25.2,95.66031919596901,183,245,STABLE,Good
28.4,99.402025725732,242,95,STABLE,Good
28.2,97.92358632036479,1546,1567,STABLE,Unhealthy for Sensitive Groups
25.1,98.06471586278698,989,1327,STABLE,Unhealthy for Sensitive Groups
24.1,98.58534674631272,533,370,STABLE,Moderate
26.3,96.9277857362891,1032,796,STABLE,Unhealthy for Sensitive Groups
27.3,98.05575264271062,1681,1701,STABLE,Unhealthy for Sensitive Groups
29.0,97.5219212825437,47,89,STABLE,Unhealthy
33.7,91.93930648611928,1016,1942,STABLE,Unhealthy for Sensitive Groups
29.0,94.7470779505093,105,104,STABLE,Moderate
28.3,97.65667967183923,76,72,STABLE,Moderate
24.1,95.9393482865295,453,3919,STABLE,Unhealthy
26.2,97.40606128536093,75,88,STABLE,Good
28.52189352,99.3763221002252,86,75,VIBRATING,Unhealthy for Sensitive Groups
27.4,94.91125655219287,174,211,STABLE,Good
30.0,97.34624953063728,31,35,STABLE,Good
27.0,97.51821977236605,519,3978,STABLE,Unhealthy
27.5,99.08000474033553,1686,1959,STABLE,Unhealthy for Sensitive Groups
28.79055658,98.84402932444165,59,122,STABLE,Unhealthy
26.6,94.88696915189261,264,513,STABLE,Moderate
28.30009501,98.14517244949718,55,136,STABLE,Unhealthy for Sensitive Groups
25.9,99.21268349979727,72,84,STABLE,Good
33.4,98.7852104549781,343,4090,STABLE,Unhealthy
26.89731074,95.9162641883154,152,4095,STABLE,Unhealthy
28.51200079,99.14081597768264,78,4095,STABLE,Unhealthy
28.6,98.36973951436718,86,84,STABLE,Unhealthy for Sensitive Groups
27.07382484,98.9103670760818,148,4095,STABLE,Unhealthy
30.2,97.80144687498893,72,113,VIBRATING,Unhealthy for Sensitive Groups
31.8,96.71152449036795,201,71,STABLE,Good
29.4,98.65093820559548,98,84,STABLE,Moderate
26.7,97.18573903377018,1079,1866,STABLE,Unhealthy for Sensitive Groups
33.2,93.40392284898107,209,2527,STABLE,Unhealthy
28.3,98.92708847668612,95,243,STABLE,Good
31.7,94.80591381156104,193,131,STABLE,Good
24.4,94.78928043516785,769,1109,VIBRATING,Unhealthy for Sensitive Groups
28.7491674,97.15856890680402,72,4095,VIBRATING,Unhealthy
25.5,97.87089876436721,892,700,STABLE,Moderate
28.75720117,99.10537788671121,49,97,STABLE,Unhealthy
25.4,98.0654531732284,188,227,STABLE,Good
33.6,95.8702521657208,1713,1133,STABLE,Unhealthy for Sensitive Groups
28.7,97.12277699119845,86,81,VIBRATING,Moderate
26.75027296,96.39742884141664,154,4095,STABLE,Unhealthy
29.12921317,99.29657841398125,48,89,STABLE,Unhealthy
26.6,93.72356462516976,3966,1949,STABLE,Unhealthy
32.7,96.37991596844849,73,84,STABLE,Good
31.3,98.05774175939175,138,93,STABLE,Good
30.5,97.37963570667908,393,398,STABLE,Moderate
31.2,96.5883894685208,1120,801,STABLE,Unhealthy for Sensitive Groups
29.1,98.7888799398649,2152,326,STABLE,Unhealthy
28.0,97.577520205462,243,239,STABLE,Good
27.424560028057055,97.57768150360772,876,3522,VIBRATING,Unhealthy
28.84385998,96.89224909174933,56,86,VIBRATING,Unhealthy
29.13407709,95.28510063790321,47,89,VIBRATING,Unhealthy for Sensitive Groups
29.30080936777688,97.16727829547061,4095,278,STABLE,Unhealthy
33.3,96.59072978372154,3747,951,STABLE,Unhealthy
28.56900549,98.13056410353761,84,4095,STABLE,Unhealthy
25.9,95.61348905480489,2304,3049,STABLE,Unhealthy
27.3,96.77915301530383,495,3294,STABLE,Unhealthy
33.8,98.67465611998861,1086,1572,STABLE,Unhealthy for Sensitive Groups
33.0,99.05506922792755,953,1396,STABLE,Unhealthy for Sensitive Groups
29.6,96.5045785429669,66,152,STABLE,Unhealthy
32.72722356674726,99.36053440725277,4095,306,STABLE,Unhealthy
33.1,93.69812700696508,769,1744,STABLE,Unhealthy for Sensitive Groups
28.5,99.50164800967985,659,441,STABLE,Moderate
31.6,95.44226809552576,3430,2124,STABLE,Unhealthy
28.28579863,94.13678199857758,85,77,VIBRATING,Unhealthy for Sensitive Groups
27.8,99.00371789384971,3654,588,STABLE,Unhealthy
28.67875416,98.84896676445832,51,109,STABLE,Unhealthy
24.2,96.68684728607927,2767,2114,STABLE,Unhealthy
27.5,95.46134773278425,3396,88,STABLE,Unhealthy
29.4,97.29054365394475,1623,1427,STABLE,Unhealthy for Sensitive Groups
25.4,98.05697363570373,1684,958,STABLE,Unhealthy for Sensitive Groups
32.2,99.65838991233392,243,61,STABLE,Good
29.3,95.8314421860471,345,2538,STABLE,Unhealthy
29.7,98.61074683702248,65,77,STABLE,Moderate
29.2,97.49357012431342,116,125,STABLE,Good
24.4,95.57033992539863,893,1675,STABLE,Unhealthy for Sensitive Groups
33.9,98.03268278851812,130,239,STABLE,Good
32.8,96.4876892301571,604,3427,STABLE,Unhealthy
29.5,96.60146749150293,656,1175,VIBRATING,Moderate
31.0,97.27794686562733,41,190,STABLE,Good
26.3,99.34776373607056,2036,756,STABLE,Unhealthy
32.2,98.49407737662257,261,336,STABLE,Moderate
28.7,95.84399394232462,397,756,STABLE,Moderate
26.4,95.3327643798816,73,86,STABLE,Good
29.4,96.37539453692699,780,3890,STABLE,Unhealthy
24.8,96.95448460964137,760,859,STABLE,Unhealthy for Sensitive Groups
24.57424215465027,99.00006789172613,585,2612,STABLE,Unhealthy
30.1,97.93085386105814,95,57,VIBRATING,Good
29.4,98.32757223489594,555,774,STABLE,Moderate
28.5,96.75262522061585,86,83,VIBRATING,Unhealthy for Sensitive Groups
28.58761052,97.10819212305863,86,82,STABLE,Unhealthy for Sensitive Groups
26.87070752,97.66173419914351,150,4095,VIBRATING,Unhealthy
27.7,97.41559328394843,3966,1260,STABLE,Unhealthy
31.8,96.67706166605812,305,2939,STABLE,Unhealthy
30.9,94.28707583952328,867,4048,STABLE,Unhealthy
28.38718108,98.63039495352851,86,81,STABLE,Unhealthy
27.8,98.6517963470788,3678,3355,STABLE,Unhealthy
24.203501074970546,96.22735789844468,4095,4095,STABLE,Unhealthy
30.3,94.09353754894136,841,686,STABLE,Moderate
32.4,94.32328229804496,892,872,STABLE,Unhealthy for Sensitive Groups
24.8,98.07652349553477,1314,1550,STABLE,Unhealthy for Sensitive Groups
28.52980562,95.62070172565716,86,80,STABLE,Unhealthy for Sensitive Groups
27.6,97.85788715120877,2291,347,STABLE,Unhealthy
29.61532126,97.53021652008768,64,80,STABLE,Unhealthy
25.1,95.73010136951456,672,284,STABLE,Moderate
27.1,96.47145615660222,2161,602,STABLE,Unhealthy
28.7,96.69516571589374,191,80,STABLE,Moderate
27.5,95.4460562797581,1281,900,STABLE,Unhealthy for Sensitive Groups
27.5,96.64515580099764,430,462,STABLE,Moderate
28.8,98.75291772357151,3509,987,STABLE,Unhealthy
28.5,96.09970160831939,86,80,VIBRATING,Moderate
28.0,95.9837922621584,745,1745,STABLE,Unhealthy for Sensitive Groups
31.4,97.73819664249464,205,236,STABLE,Good
26.4,95.99580078184567,1579,958,STABLE,Unhealthy for Sensitive Groups
32.0,95.30554985077848,853,1244,STABLE,Unhealthy for Sensitive Groups
24.7,97.06512884062305,889,1045,VIBRATING,Moderate
28.5,98.01364947388592,85,67,STABLE,Moderate
31.1,97.80148601244402,255,2937,STABLE,Unhealthy
27.2,98.29014485437145,826,522,STABLE,Moderate
31.1,98.20847902316157,1312,1912,STABLE,Unhealthy for Sensitive Groups
33.7,95.72011895743725,3037,777,STABLE,Unhealthy
26.3,99.01956778077017,900,1346,STABLE,Unhealthy for Sensitive Groups
31.6,95.29003113975088,725,453,STABLE,Moderate
33.6,99.34808692231054,990,2113,STABLE,Unhealthy
29.41546324282941,98.60700533294158,155,2711,STABLE,Unhealthy
25.3,95.96083014948908,3584,1171,STABLE,Unhealthy
30.3,95.15735591238771,1417,718,STABLE,Unhealthy for Sensitive Groups
29.4,97.08237513436006,74,81,VIBRATING,Moderate
28.2,95.15113396212891,123,57,STABLE,Good
27.2,97.61610983393166,113,2206,STABLE,Unhealthy
33.6,98.40608503995281,97,59,STABLE,Good
28.5,95.17034232358641,173,87,VIBRATING,Moderate
32.1,94.95815059768894,415,498,STABLE,Moderate
25.3,96.49531706724214,879,1593,STABLE,Unhealthy for Sensitive Groups
30.2,93.09019731054522,96,57,STABLE,Good
32.9,93.91548855954908,539,1076,STABLE,Moderate
25.5,97.97751834938238,4046,939,STABLE,Unhealthy
33.5,98.97987166431399,301,1058,STABLE,Moderate
29.0,95.95342689780429,958,2738,STABLE,Unhealthy
25.2,96.88627810804701,140,121,STABLE,Good
25.8,96.7127317298795,3360,2229,STABLE,Unhealthy
31.9,97.24349235665089,951,937,STABLE,Unhealthy for Sensitive Groups
25.9,99.62466330064427,73,86,VIBRATING,Good
29.04923778,98.25130678076555,84,76,STABLE,Unhealthy for Sensitive Groups
25.7,96.20633003003029,1307,807,STABLE,Unhealthy for Sensitive Groups
31.2,95.82098237540451,3626,2898,STABLE,Unhealthy
24.1,93.0244423765614,1259,1832,STABLE,Unhealthy for Sensitive Groups
27.3,97.51626066567995,222,165,STABLE,Good
28.4,96.18232567650188,85,70,STABLE,Moderate
30.2,96.93030421568484,3089,473,STABLE,Unhealthy
32.8,99.52673902151821,503,861,STABLE,Moderate
26.0,97.57333193948531,152,103,STABLE,Good
27.5,98.24812661867318,373,706,STABLE,Moderate
30.4,96.40450504320191,438,1080,STABLE,Moderate
24.3,96.55670097547737,182,82,STABLE,Good
27.0,93.58817279667986,119,2796,STABLE,Unhealthy
26.9,95.38112434022509,2733,360,STABLE,Unhealthy
26.28971933030994,96.35783414612091,4095,172,STABLE,Unhealthy
28.6,97.04809999844288,57,62,STABLE,Good
26.6,97.07596949787688,138,55,STABLE,Good
27.4,96.82309942570863,119,53,STABLE,Good
26.8,97.54566039082016,70,163,STABLE,Good
30.4,95.67637565228122,829,719,STABLE,Moderate
28.4,97.86998103730932,1480,720,STABLE,Unhealthy for Sensitive Groups
28.4,97.69202997530479,287,2686,STABLE,Unhealthy
31.5,96.73874811670511,966,1874,STABLE,Unhealthy for Sensitive Groups
32.6,96.67571141631211,671,444,STABLE,Moderate
30.1,93.97211502924851,3806,3097,STABLE,Unhealthy
29.1,97.12637609582481,47,94,STABLE,Unhealthy
30.39571274036623,98.41460762323726,426,4095,STABLE,Unhealthy
28.27335016,98.44104228521695,87,85,STABLE,Unhealthy for Sensitive Groups
29.9,98.3610439717221,68,91,STABLE,Unhealthy
28.17069805,94.69050598860129,86,80,STABLE,Unhealthy for Sensitive Groups
29.08065227,97.3241471982029,48,94,STABLE,Unhealthy
26.7,94.29196822653549,2811,2709,STABLE,Unhealthy
29.6,94.03929687393335,67,80,STABLE,Unhealthy for Sensitive Groups
28.1,98.80542768994171,1321,1046,STABLE,Unhealthy for Sensitive Groups
28.54435352,96.14646904946784,101,87,STABLE,Unhealthy
28.36295431,96.02442991759347,83,81,STABLE,Unhealthy
30.1,95.86738558706095,31,109,STABLE,Good
32.3,98.7091500980408,80,102,STABLE,Good
28.30823176,92.70487519295327,87,83,STABLE,Unhealthy
30.2,95.8363151822717,70,116,VIBRATING,Unhealthy for Sensitive Groups
29.4,95.53687783697495,74,82,VIBRATING,Moderate
25.6,95.57831150773343,831,2763,STABLE,Unhealthy
26.4,98.62735264722082,1449,1283,STABLE,Unhealthy for Sensitive Groups
33.04593649,95.82103755934206,92,59,VIBRATING,Good
28.5,97.8733900576961,85,72,STABLE,Moderate
33.8,93.38876620967763,532,390,STABLE,Moderate
28.973831435342863,98.97575053826999,64,2734,STABLE,Unhealthy
29.11491825,97.72268225261739,47,94,STABLE,Unhealthy
33.9,95.47742038607056,110,84,STABLE,Good
27.2,97.9976881669859,1937,2349,STABLE,Unhealthy
28.2,94.53491749772769,943,1679,STABLE,Unhealthy for Sensitive Groups
28.6,96.15355791698822,592,524,STABLE,Moderate
27.2,96.29480165952384,765,1039,STABLE,Moderate
28.1,98.2425094752599,281,750,STABLE,Moderate
28.3,97.36176213029987,85,4095,VIBRATING,Unhealthy
26.1,93.05336891440322,1725,901,STABLE,Unhealthy for Sensitive Groups
28.4,97.22801238906656,219,156,STABLE,Good
31.6,98.27443431884568,2556,3579,STABLE,Unhealthy
33.0,95.84586899674366,593,489,STABLE,Moderate
28.1,97.96277036151209,299,791,STABLE,Moderate
26.5,94.93976175961465,73,86,STABLE,Good
25.2,97.52447575589746,1127,1604,STABLE,Unhealthy for Sensitive Groups
26.8,97.53572024897339,58,184,STABLE,Good
27.0,95.46404168360722,1506,1991,STABLE,Unhealthy for Sensitive Groups
29.30256052,99.46318576920984,94,79,STABLE,Good
29.6,94.52321927993287,1181,1411,STABLE,Unhealthy for Sensitive Groups
29.66829742,97.67843260298493,62,86,STABLE,Unhealthy
26.0,97.64635011778336,1759,768,STABLE,Unhealthy for Sensitive Groups
32.1,99.07562617564693,1150,1518,STABLE,Unhealthy for Sensitive Groups
28.0,98.1818373743113,483,512,STABLE,Moderate
29.6,96.32813403886607,361,2970,STABLE,Unhealthy
28.4,95.4214911563681,883,1114,VIBRATING,Moderate
26.0,95.7406771018567,43,246,STABLE,Good
29.7,98.54728911040888,617,917,STABLE,Moderate
26.1,97.619621630112,499,281,STABLE,Moderate
25.7,97.99313649746802,229,204,STABLE,Good
32.1,97.76084695503594,1454,1375,STABLE,Unhealthy for Sensitive Groups
26.70539789,95.50241094664854,44,94,STABLE,Good
29.9,98.2562706627455,304,1155,STABLE,Moderate
32.9,96.17461772694624,903,2871,STABLE,Unhealthy
25.4,96.84647179703788,146,203,STABLE,Good
28.25967489,96.78659126169867,86,81,STABLE,Unhealthy for Sensitive Groups
29.2,95.70157892059417,194,85,VIBRATING,Moderate
25.7,96.07850767049142,1201,1120,STABLE,Unhealthy for Sensitive Groups
27.0,97.83460083840735,146,82,STABLE,Good
32.5,97.94570321375224,3826,2406,STABLE,Unhealthy
29.1,96.15380312930722,50,101,STABLE,Unhealthy
25.8,96.20162962557794,447,308,STABLE,Moderate
33.6,94.91220956122008,46,35,STABLE,Good
33.4,96.2643168495264,1425,1457,STABLE,Unhealthy for Sensitive Groups
30.71798354,95.72252565562273,98,57,VIBRATING,Good
28.2,95.31568155392618,78,92,STABLE,Unhealthy
24.7,98.30235147207631,74,94,VIBRATING,Good
29.1,99.2253357040573,47,95,STABLE,Unhealthy
30.0,97.67032743270946,405,1164,STABLE,Moderate
30.3,97.15930959044634,185,135,STABLE,Good
29.2,97.23727760710955,187,105,VIBRATING,Moderate
31.586395426276454,99.57731791830363,287,4095,STABLE,Unhealthy
30.2,97.18051990531532,2960,2322,STABLE,Unhealthy
27.5,98.80695185536958,3983,922,STABLE,Unhealthy
33.2,97.55200861695153,96,59,STABLE,Good
28.3,95.18395170729356,85,75,STABLE,Unhealthy for Sensitive Groups
24.0,98.9333731193263,1024,1347,STABLE,Unhealthy for Sensitive Groups
26.59694998,97.81623615660112,64,94,STABLE,Good
28.4,97.31480606419686,85,83,VIBRATING,Unhealthy for Sensitive Groups
28.4,99.28495853816852,85,70,STABLE,Moderate
28.0,97.88774582704195,789,810,STABLE,Unhealthy for Sensitive Groups
26.8,96.042223070467,1366,790,STABLE,Unhealthy for Sensitive Groups
30.6,96.34188462201665,3041,788,STABLE,Unhealthy
29.82769815,98.80729591886683,61,83,VIBRATING,Unhealthy
30.1,96.1074822253714,68,77,STABLE,Moderate
32.4,98.56977266895565,2169,3671,STABLE,Unhealthy
32.5,98.94006806507934,1610,1067,STABLE,Unhealthy for Sensitive Groups
28.8,98.36575758901417,83,70,VIBRATING,Moderate
24.4,97.04819109009826,204,170,STABLE,Good
28.27156027,96.6034052999133,86,81,VIBRATING,Unhealthy for Sensitive Groups
33.0,96.17822544265171,1268,1598,STABLE,Unhealthy for Sensitive Groups
25.3,97.42425562218766,3585,1157,STABLE,Unhealthy
31.26346234,96.28208274599285,104,58,STABLE,Good
24.4,95.51518021194534,112,208,STABLE,Good
29.7,97.64148947291969,1653,1069,STABLE,Unhealthy for Sensitive Groups
31.7,98.46071346281079,152,170,STABLE,Good
28.53181477,96.43393680419874,87,82,STABLE,Unhealthy for Sensitive Groups
29.5,98.0773982733581,690,432,STABLE,Moderate
27.4,97.05197004383956,3798,234,STABLE,Unhealthy
29.3,98.41444902428402,276,2894,STABLE,Unhealthy
28.2,98.65433931561078,87,85,VIBRATING,Unhealthy
31.1,97.08986996670515,670,587,STABLE,Moderate
30.6,98.3429389336911,828,1732,STABLE,Unhealthy for Sensitive Groups
29.9,97.02431878112523,68,91,STABLE,Unhealthy
28.2,97.89224149451428,233,73,STABLE,Good
28.38962213,95.89103560408098,86,82,STABLE,Unhealthy for Sensitive Groups
28.5,95.85044998083205,463,1009,STABLE,Moderate
25.9,97.33150807213622,154,2838,STABLE,Unhealthy
31.7,97.55689420863031,209,169,STABLE,Good
25.0,94.34656620305317,2955,348,STABLE,Unhealthy
28.6,98.81235828317088,104,85,STABLE,Moderate
27.1,94.30684933142813,195,55,STABLE,Good
28.5,98.05065671390035,1131,876,STABLE,Unhealthy for Sensitive Groups
25.1,98.24666818125854,1288,1581,STABLE,Unhealthy for Sensitive Groups
29.1,98.94227360014455,47,93,STABLE,Unhealthy
27.0,97.11740504693408,1323,1253,STABLE,Unhealthy for Sensitive Groups
30.6,94.92012235216734,2249,806,STABLE,Unhealthy
29.4,96.8475189821069,339,991,VIBRATING,Moderate
26.54582529,94.85346425777246,41,93,VIBRATING,Good
27.4,91.49522316025984,2141,417,STABLE,Unhealthy
25.7,98.16441656903378,801,1050,STABLE,Moderate
25.1,97.91818241925903,2818,989,STABLE,Unhealthy
25.4,96.52514962848558,581,627,STABLE,Moderate
28.5,95.92041837006516,184,98,STABLE,Moderate
29.7,95.4098838700839,70,69,STABLE,Moderate
33.2,98.19764846830044,167,112,STABLE,Good
28.2,96.33870635231345,86,83,VIBRATING,Unhealthy for Sensitive Groups
24.5,96.94346481029783,910,2089,STABLE,Unhealthy
30.0,98.8960597328157,1330,1688,STABLE,Unhealthy for Sensitive Groups
31.2,98.83563558484741,2153,3548,STABLE,Unhealthy
30.7,99.26053426860021,2731,3397,STABLE,Unhealthy
29.04687342,95.58210585943435,46,90,STABLE,Unhealthy
27.8,95.40226283478864,1771,1059,STABLE,Unhealthy for Sensitive Groups
29.13548322,97.62165657567404,47,92,STABLE,Unhealthy
25.9,95.81438343470703,71,90,STABLE,Good
28.3359997,96.36393550704464,86,84,STABLE,Unhealthy for Sensitive Groups
26.5,93.47081250919317,2322,708,STABLE,Unhealthy
28.5,95.86012129111512,1503,1225,STABLE,Unhealthy for Sensitive Groups
26.9,98.2375859695639,840,396,STABLE,Moderate
29.1,98.25421705704133,3204,737,STABLE,Unhealthy
31.7,96.28879624205305,873,3978,STABLE,Unhealthy
31.2,98.39987359198508,81,180,STABLE,Good
24.8,98.71060574049766,157,247,STABLE,Good
33.2,98.34857617382916,170,208,STABLE,Good
28.8,98.75794880023722,885,81,STABLE,Moderate
32.4,97.5853679470408,2143,532,STABLE,Unhealthy
30.16440273,99.19643267353939,95,58,STABLE,Good
30.4,98.42695353782332,59,7,VIBRATING,Moderate
26.1,94.97455758420747,650,799,STABLE,Moderate
28.4,94.37261892321625,83,76,STABLE,Moderate
28.4,99.27772521637046,86,76,STABLE,Moderate
31.1,97.0700780014702,3733,51,STABLE,Unhealthy
30.3,98.05006224500391,337,370,STABLE,Moderate
28.45156016,97.62136275252234,86,79,STABLE,Unhealthy for Sensitive Groups
25.1,97.62272489419458,417,3975,STABLE,Unhealthy
28.5,96.54166590786515,104,88,STABLE,Moderate
28.0,97.82138038354091,738,788,STABLE,Unhealthy for Sensitive Groups
24.4,94.64697988406867,1507,1542,STABLE,Unhealthy for Sensitive Groups
30.4,97.40008781161364,1581,865,STABLE,Unhealthy for Sensitive Groups
28.1,95.20548751260348,1122,1190,STABLE,Unhealthy for Sensitive Groups
24.8,95.59982999803691,93,139,STABLE,Good
26.9,93.18321965744974,245,148,STABLE,Good
24.6,97.94568625746297,182,62,STABLE,Good
28.3,95.50919992952399,958,1794,STABLE,Unhealthy for Sensitive Groups
31.4,93.50128038337016,315,1105,STABLE,Moderate
31.6,98.67543471685603,3663,3686,STABLE,Unhealthy
27.0,95.28472808217603,2927,82,STABLE,Unhealthy
33.7,96.52894647127023,805,638,STABLE,Moderate
28.1,95.91946486207482,795,467,STABLE,Moderate
27.1,98.98077612482811,2747,802,STABLE,Unhealthy
29.5,97.39547548148299,522,577,STABLE,Moderate
29.1,94.9679407490558,783,4049,STABLE,Unhealthy
28.30689215,96.92081019001657,87,78,STABLE,Unhealthy for Sensitive Groups
25.9,97.75306360182182,2897,361,STABLE,Unhealthy
28.8,93.96277235904134,83,68,STABLE,Moderate
25.0,98.96448224736893,625,990,STABLE,Moderate
33.2,96.55058589316086,41,114,STABLE,Good
33.765928903564316,99.07497757308887,4095,208,STABLE,Unhealthy
27.1,98.22035835747312,1146,1143,STABLE,Unhealthy for Sensitive Groups
30.2,96.13669169837046,37,243,STABLE,Good
33.6,97.43019752774693,167,106,STABLE,Good
30.1,98.44065703671188,702,1161,STABLE,Moderate
33.5,97.41469370223818,3696,2986,STABLE,Unhealthy
24.8,99.56578856687679,174,42,VIBRATING,Good
27.4,93.69574721200247,1179,1193,STABLE,Unhealthy for Sensitive Groups
28.9,98.97736968968623,2151,2867,STABLE,Unhealthy
28.0,94.97617695149385,353,916,STABLE,Moderate
26.0,99.31712792114314,724,562,STABLE,Moderate
29.6,96.81762593575587,4082,2200,STABLE,Unhealthy
29.12347035,97.4090863135825,47,88,STABLE,Unhealthy for Sensitive Groups
29.0602621,98.37939456189001,46,87,STABLE,Unhealthy
27.5,99.13947047040824,317,955,STABLE,Moderate
29.5,95.91451832339524,508,812,STABLE,Moderate
26.2,97.84181731259099,782,986,STABLE,Moderate
33.1,93.47358418411267,395,1105,STABLE,Moderate
29.4,96.78219399239718,75,80,VIBRATING,Moderate
26.5,96.141728132219,45,93,VIBRATING,Good
25.6,98.84277149501845,877,405,STABLE,Moderate
26.4,95.87577456284363,63,93,STABLE,Good
24.3,95.8194956010801,1096,770,STABLE,Unhealthy for Sensitive Groups
32.7,93.92493513279591,113,77,STABLE,Good
28.92586883,96.47563581594211,46,90,STABLE,Unhealthy
25.0,94.04280685657817,698,1126,STABLE,Moderate
27.5,96.02476297310466,91,81,STABLE,Moderate
25.2,98.22144223061743,725,871,STABLE,Moderate
28.3,95.88595228464283,55,135,STABLE,Unhealthy for Sensitive Groups
24.3,97.86436612300821,655,3019,STABLE,Unhealthy
33.9,96.04403473377813,1493,1539,STABLE,Unhealthy for Sensitive Groups
29.7,99.41816911240724,88,79,STABLE,Moderate
28.4050063,96.1869377889578,52,128,VIBRATING,Unhealthy for Sensitive Groups
26.5,96.83463907150426,1251,1491,STABLE,Unhealthy for Sensitive Groups
32.4,94.52453993346616,2534,516,STABLE,Unhealthy
26.9,99.37172419152216,3084,2641,STABLE,Unhealthy
28.36801319,96.66476553587992,86,83,STABLE,Unhealthy for Sensitive Groups
31.8,92.62875576160373,764,3751,STABLE,Unhealthy
33.9,96.15677891078654,573,542,STABLE,Moderate
32.8,98.44469525836215,332,3784,STABLE,Unhealthy
24.6,95.9754143970646,1718,817,STABLE,Unhealthy for Sensitive Groups
29.1,96.15625526925362,144,3872,STABLE,Unhealthy
31.3,99.63003036015725,66,177,STABLE,Good
26.82804512,95.97236561266796,152,4095,STABLE,Unhealthy
24.5,97.26263849221222,1115,1929,STABLE,Unhealthy for Sensitive Groups
31.1,96.72199341755895,178,32,STABLE,Good
26.4,98.56020073928437,3104,829,STABLE,Unhealthy
31.1,94.44184437694902,664,1110,STABLE,Moderate
33.8,95.35278033620041,323,1178,STABLE,Moderate
28.8,96.54603456784257,276,989,STABLE,Moderate
30.3,97.96178393144059,700,1619,STABLE,Unhealthy for Sensitive Groups
32.7,93.2632553400725,40,160,STABLE,Good
28.3,94.97836989901559,85,72,STABLE,Moderate
26.8,96.28826811145044,1248,1961,STABLE,Unhealthy for Sensitive Groups
27.0,96.27422701302159,2346,441,STABLE,Unhealthy
30.2,97.3719975847077,287,615,STABLE,Moderate
28.35942054,95.50532812742448,85,83,STABLE,Unhealthy for Sensitive Groups
26.1,94.62952800237937,79,168,STABLE,Good
26.9,99.15589641970818,446,93,STABLE,Good
25.9,98.1671584428336,72,85,VIBRATING,Good
30.1,98.19818441824557,124,2660,STABLE,Unhealthy
29.30255294,98.82401517408628,74,82,VIBRATING,Unhealthy for Sensitive Groups
31.8,96.21385720178526,1685,1249,STABLE,Unhealthy for Sensitive Groups
26.4,99.47332666371483,72,86,VIBRATING,Good
24.9,95.03339117395373,2902,2231,STABLE,Unhealthy
32.2,95.57303006223876,1150,1792,VIBRATING,Unhealthy for Sensitive Groups
30.7,96.31576504885814,1189,1444,STABLE,Unhealthy for Sensitive Groups
31.3,95.37447526881324,197,148,STABLE,Good
26.8,96.02916294461654,658,418,STABLE,Moderate
29.2,98.91084701151486,48,92,STABLE,Unhealthy
25.5,99.37096232376487,203,139,VIBRATING,Good
32.0,95.27234880421788,224,114,STABLE,Good
28.36664305,97.50026346265294,86,84,STABLE,Unhealthy for Sensitive Groups
29.4,97.73087209577082,1134,1141,STABLE,Unhealthy for Sensitive Groups
24.6,96.53456366847591,436,3259,STABLE,Unhealthy
32.5,97.49384835719981,164,224,STABLE,Good
26.4,96.30468080879609,444,92,STABLE,Good
25.3,94.04153904675091,146,244,STABLE,Good
33.8,97.33825332359636,681,388,STABLE,Moderate
26.5,96.7618237761247,65,95,STABLE,Good
30.6,98.53408472150528,1333,1124,STABLE,Unhealthy for Sensitive Groups
32.0,97.3070225199803,2720,115,STABLE,Unhealthy
30.1,93.05163182225994,68,80,STABLE,Moderate
30.8,97.64511894171102,38,42,STABLE,Good
29.1,97.86153167232818,158,177,STABLE,Good
28.24920058,98.22212131094554,50,107,STABLE,Unhealthy for Sensitive Groups
26.2,97.83191050439655,315,1076,STABLE,Moderate
31.1,98.31382572735637,2214,3174,STABLE,Unhealthy
30.5,98.49621419545846,1152,1764,STABLE,Unhealthy for Sensitive Groups
25.4,99.39271553364622,1403,1128,STABLE,Unhealthy for Sensitive Groups
26.0,98.4712395170437,72,86,STABLE,Good
25.9,97.00532097120352,131,134,VIBRATING,Good
32.3,96.39164703213255,824,969,STABLE,Unhealthy for Sensitive Groups
24.1,95.82882205213932,3561,117,VIBRATING,Unhealthy
32.3,96.54476850017812,1725,1379,STABLE,Unhealthy for Sensitive Groups
28.5,97.57970716869725,180,103,STABLE,Moderate
30.9,97.39604691473798,886,2304,VIBRATING,Unhealthy
27.2,98.11988639059959,194,234,STABLE,Good
26.7,99.01425950148652,169,33,STABLE,Good
29.6,98.43370377895752,76,72,STABLE,Moderate
28.6,96.80443645186844,86,71,STABLE,Moderate
30.1,96.01228512204796,677,969,STABLE,Moderate
28.4,95.41733667858425,567,3325,STABLE,Unhealthy
30.2,99.56777057680071,73,114,VIBRATING,Unhealthy for Sensitive Groups
29.1182451,96.86732531860909,50,89,STABLE,Unhealthy
28.7,97.1868976216787,664,2273,STABLE,Unhealthy
29.15408934,97.95243508706176,70,204,STABLE,Unhealthy
25.6,97.08047451724104,380,3713,STABLE,Unhealthy
24.1,94.32804566669522,819,1747,STABLE,Unhealthy for Sensitive Groups
32.9,94.75962465380863,1627,985,STABLE,Unhealthy for Sensitive Groups
24.4,97.59346580426727,1856,2721,STABLE,Unhealthy
28.3,96.65314037036977,132,167,STABLE,Good
30.5,98.87025819088556,894,315,STABLE,Moderate
31.5,93.97127680844542,32,136,STABLE,Good
26.5,96.17788317601897,510,644,STABLE,Moderate
24.4,96.5173883618395,295,1123,STABLE,Moderate
32.3560945362402,99.66982781920106,4095,892,STABLE,Unhealthy
29.36325668,99.1850750895792,57,83,STABLE,Unhealthy
33.5,98.21869922886223,591,818,STABLE,Moderate
31.3,98.53429846688911,428,915,STABLE,Moderate
27.3,98.20434155907078,177,127,STABLE,Good
25.6,94.36514414964068,3856,576,STABLE,Unhealthy
28.37200417,98.96843184767832,86,79,STABLE,Unhealthy for Sensitive Groups
28.47290811,98.59076692843416,78,79,STABLE,Unhealthy for Sensitive Groups
26.7,95.77369500704474,217,2771,STABLE,Unhealthy
31.7,99.39280825384927,780,2275,STABLE,Unhealthy
30.358142906854432,99.15887948126087,237,3518,STABLE,Unhealthy
28.7,96.2418483014605,133,230,STABLE,Good
27.58071083,94.53461736025736,109,4095,STABLE,Unhealthy
30.0,97.4198136917234,558,1062,STABLE,Moderate
28.9,93.64024817494466,99,85,STABLE,Good
28.7,96.77099397596567,863,417,VIBRATING,Moderate
29.83392712,98.08770209011652,71,74,STABLE,Unhealthy for Sensitive Groups
30.2,96.57837555846868,391,2296,STABLE,Unhealthy
28.4615742,95.50473558047709,86,79,STABLE,Unhealthy
26.7,97.78530350297451,3359,3802,STABLE,Unhealthy
28.5,97.99210131172887,995,876,STABLE,Unhealthy for Sensitive Groups
32.1,94.62433293636403,2357,579,STABLE,Unhealthy
32.8,96.27823867521303,344,914,STABLE,Moderate
31.3,98.03855610632681,111,184,STABLE,Good
31.3,95.20365047587778,2769,2802,STABLE,Unhealthy
29.3,99.23343053069557,242,223,STABLE,Good
31.1,96.4614231987092,445,741,STABLE,Moderate
26.6,98.50195580105319,890,713,STABLE,Unhealthy for Sensitive Groups
26.1,96.74188331870705,72,86,VIBRATING,Good
26.0,98.0254941458884,170,213,STABLE,Good
31.0,97.85345015541299,414,884,STABLE,Moderate
33.3,96.72841477653894,1909,2127,STABLE,Unhealthy
29.1,97.52711895238858,200,91,VIBRATING,Moderate
28.33679845,99.15498771060845,87,79,STABLE,Unhealthy for Sensitive Groups
24.2,96.55710672204468,808,1109,STABLE,Moderate
31.3,92.1647557424403,201,62,STABLE,Good
29.4,93.98456055481606,772,1192,STABLE,Moderate
28.2,97.77482278315901,84,83,VIBRATING,Moderate
25.3,97.85187650821307,1192,1349,STABLE,Unhealthy for Sensitive Groups
28.8,98.33087512280314,104,82,STABLE,Moderate
30.4,98.43843603464185,644,631,STABLE,Moderate
28.5,97.43906512337318,3089,3195,STABLE,Unhealthy
28.33073565,95.97101037533807,86,79,STABLE,Unhealthy for Sensitive Groups
26.3,94.86890423300765,4044,160,STABLE,Unhealthy
25.15972557547485,96.87779984038858,4095,394,STABLE,Unhealthy
24.5,97.56636766778716,932,1843,STABLE,Unhealthy for Sensitive Groups
26.8,95.7993860514516,44,91,STABLE,Good
27.3,93.98037965954047,1409,1362,STABLE,Unhealthy for Sensitive Groups
33.8,98.56607446210691,798,408,STABLE,Moderate
27.0,97.83736458009331,505,3787,STABLE,Unhealthy
28.4,98.82300194630372,86,84,STABLE,Unhealthy for Sensitive Groups
31.7,95.98025203415754,778,795,STABLE,Moderate
27.5,98.35149011174626,632,2300,STABLE,Unhealthy
28.3,99.28263795056627,86,75,STABLE,Unhealthy for Sensitive Groups
31.5,97.6591638668622,622,1158,STABLE,Moderate
29.0,93.43063418014401,47,89,STABLE,Unhealthy
28.36149503,97.85171870068463,82,4095,STABLE,Unhealthy
24.5,99.11115548225455,238,170,STABLE,Good
33.5,98.81144895064934,107,195,STABLE,Good
29.8,94.91213349985348,496,3336,STABLE,Unhealthy
28.24715842,97.10136119213985,86,83,VIBRATING,Unhealthy
24.5,94.46291865269978,596,852,STABLE,Moderate
28.2,95.5584712893135,73,99,STABLE,Unhealthy
29.3,97.25306139755955,215,91,STABLE,Good
28.2,96.25324160498444,86,80,STABLE,Unhealthy for Sensitive Groups
28.50458613,99.00259251513592,86,81,STABLE,Unhealthy
25.6,96.30790511453908,219,87,STABLE,Good
29.9,97.45286880216815,784,935,STABLE,Unhealthy for Sensitive Groups
26.9,97.41777092625861,1449,1119,STABLE,Unhealthy for Sensitive Groups
25.1,98.57600373985846,775,1185,STABLE,Moderate
33.3,96.87163959563857,3856,623,STABLE,Unhealthy
30.1,98.05998723415438,475,843,STABLE,Moderate
29.8,96.87510487285216,2984,904,STABLE,Unhealthy
31.1,96.33850910607,1084,815,STABLE,Unhealthy for Sensitive Groups
25.5,92.75025276250588,164,145,STABLE,Good
32.9,95.84674794496395,246,135,STABLE,Good
32.8,95.40914578152736,2967,183,VIBRATING,Unhealthy
25.3,92.0816590897004,2120,60,STABLE,Unhealthy
33.5,98.16717660829335,184,146,STABLE,Good
26.0,98.41601969780265,3985,579,STABLE,Unhealthy
30.2,96.17495404297394,747,1847,STABLE,Unhealthy for Sensitive Groups
33.1,94.10467597776876,347,2486,STABLE,Unhealthy
33.6,96.7663961994813,432,773,STABLE,Moderate
27.3,98.3552648441826,314,779,STABLE,Moderate
32.0,97.06919274753265,888,717,STABLE,Moderate
27.6,97.05272384364791,1870,975,STABLE,Unhealthy
31.9,96.29576497302135,3220,495,STABLE,Unhealthy
29.4,97.3540638009538,107,174,STABLE,Good
28.3,98.34943217542337,2955,678,STABLE,Unhealthy
29.4,98.3475586630703,180,69,STABLE,Good
28.9,94.87260741859853,83,71,STABLE,Moderate
31.604335926780198,96.83915985426435,4095,4095,STABLE,Unhealthy
24.6,96.67194170991993,3868,2823,STABLE,Unhealthy
29.4,95.18232275984674,4040,3941,STABLE,Unhealthy
27.9,96.62486690003806,1576,1747,STABLE,Unhealthy for Sensitive Groups
28.9,99.28259488767485,56,83,STABLE,Moderate
28.1,97.64674292725022,1295,820,STABLE,Unhealthy for Sensitive Groups
29.3,94.21070636721352,879,375,STABLE,Moderate
30.8,97.73302078785244,277,1109,STABLE,Moderate
28.1,99.06726779163802,692,637,STABLE,Moderate
24.3,94.46915728891798,44,44,STABLE,Good
31.5,98.63652052174548,872,565,STABLE,Moderate
28.96950139,96.45734777375024,47,90,STABLE,Unhealthy
30.8,97.04798957591274,264,303,STABLE,Moderate
31.0,95.55968212354526,63,3416,STABLE,Unhealthy
27.6,94.79707576064094,2407,974,STABLE,Unhealthy
26.9,98.23049140985904,150,83,STABLE,Good
27.4,97.15275940109476,194,153,STABLE,Good
28.1,97.0519876518015,80,170,STABLE,Good
25.6,98.1148021625064,73,85,STABLE,Good
29.9,94.90973544186447,839,992,STABLE,Moderate
26.1,96.12036865549261,1086,1247,STABLE,Unhealthy for Sensitive Groups
26.5,98.73935196752639,2156,2637,STABLE,Unhealthy
24.1,98.79432639668525,2264,853,STABLE,Unhealthy
26.5,95.76366401486973,3837,2861,STABLE,Unhealthy
29.8,93.31816439415627,63,35,STABLE,Good
30.3,99.6837406627634,1304,1831,STABLE,Unhealthy for Sensitive Groups
27.4,96.86174254418094,63,153,STABLE,Good
33.5,92.45036906216734,105,95,STABLE,Good
30.5,96.43939517608125,3793,639,STABLE,Unhealthy
26.8,98.87639573121922,1752,1130,STABLE,Unhealthy for Sensitive Groups
25.0,95.28556060998775,128,177,STABLE,Good
29.7,97.56458959444915,1623,724,STABLE,Unhealthy for Sensitive Groups
30.5,97.48276393718623,1495,1126,STABLE,Unhealthy for Sensitive Groups
30.9,95.72658709034343,768,779,STABLE,Moderate
28.3,97.43301487571983,79,78,STABLE,Unhealthy for Sensitive Groups
28.84324424,94.55613797482657,69,209,STABLE,Unhealthy for Sensitive Groups
24.4,97.0389813101677,59,111,STABLE,Good
32.6,96.56298525266597,4022,3524,STABLE,Unhealthy
31.8,96.82961160312958,639,1115,STABLE,Moderate
33.8,98.27107091575598,1195,980,STABLE,Unhealthy for Sensitive Groups
32.0,97.0771143791936,890,950,STABLE,Moderate
25.3,97.75628385905797,45,244,STABLE,Good
25.0,96.51633015096509,2122,762,STABLE,Unhealthy
30.4,94.9519318181795,3906,163,STABLE,Unhealthy
29.9,93.4892521260489,427,947,STABLE,Moderate
27.6,95.3690862509662,3153,2308,STABLE,Unhealthy
29.0,99.13052554615433,55,111,STABLE,Good
29.0,98.10158558248632,46,87,STABLE,Unhealthy
30.2,97.49751650752304,484,527,STABLE,Moderate
32.3,95.76168831054076,801,619,STABLE,Moderate
29.84372181,96.4137905536312,68,86,STABLE,Unhealthy
25.3,94.71996588414689,3759,3878,STABLE,Unhealthy
28.3,95.64257474825837,82,82,STABLE,Good
29.3,94.94957202784921,659,2496,STABLE,Unhealthy
25.6,99.17983503498328,3846,476,STABLE,Unhealthy
25.6,97.4633059097894,2289,521,STABLE,Unhealthy
28.5,94.872312324203,169,95,STABLE,Moderate
28.75203463,99.31827180129757,66,178,VIBRATING,Unhealthy for Sensitive Groups
28.25563766,97.70456549699057,85,80,STABLE,Unhealthy for Sensitive Groups
26.5,97.52741539372157,761,3033,STABLE,Unhealthy
28.22308292,96.72206388941129,85,77,STABLE,Unhealthy for Sensitive Groups
26.4,97.61524639457265,443,93,STABLE,Good
27.4,95.08996159957137,755,329,STABLE,Moderate
28.7,96.50061066565657,737,1169,STABLE,Unhealthy for Sensitive Groups
24.3,98.93824526807435,874,849,STABLE,Moderate
27.6,98.05628697432219,3911,3804,STABLE,Unhealthy
26.3,99.39272212059288,1625,1561,STABLE,Unhealthy for Sensitive Groups
28.4,97.55574244575578,3754,237,STABLE,Unhealthy
29.6,97.78149279289904,83,128,STABLE,Good
25.3,96.1060294188774,407,502,STABLE,Moderate
28.36627729,96.95957731870453,86,84,STABLE,Unhealthy for Sensitive Groups
32.2,97.9916046326412,730,443,STABLE,Moderate
31.2,97.20500083624604,43,3646,STABLE,Unhealthy
30.7,92.17944674094326,165,185,STABLE,Good
30.7,95.00730192282408,1546,1803,STABLE,Unhealthy for Sensitive Groups
28.3,96.55717790545745,85,75,STABLE,Unhealthy for Sensitive Groups
25.77373262650615,96.49348719347009,357,3483,STABLE,Unhealthy
30.5,98.16268868239698,760,865,STABLE,Moderate
25.6,97.22430705495904,915,3455,VIBRATING,Unhealthy
28.5,97.79507175780678,84,76,STABLE,Moderate
28.2,94.40833661924074,498,2831,STABLE,Unhealthy
29.5,96.32206520851584,780,1022,STABLE,Moderate
32.5,97.48242161957839,2828,2147,STABLE,Unhealthy
32.0,95.08108664159678,165,127,STABLE,Good
25.5,95.23120060140808,2212,731,STABLE,Unhealthy
33.2,97.36944037150336,587,1046,STABLE,Moderate
25.4,92.24148596515178,65,89,VIBRATING,Good
31.0,99.14652851503371,883,422,STABLE,Moderate
28.5372909,97.6460810373455,93,85,STABLE,Unhealthy for Sensitive Groups
30.2,96.70842472332765,467,725,VIBRATING,Moderate
28.30244587,96.4702532323175,85,77,STABLE,Unhealthy for Sensitive Groups
28.2,96.67816777923998,1244,1507,STABLE,Unhealthy for Sensitive Groups
28.8,95.54157005946314,831,2485,STABLE,Unhealthy
33.3,97.31037363014174,252,457,STABLE,Moderate
29.7,97.60893345554128,368,403,STABLE,Moderate
30.01965636,96.98141456188414,66,87,STABLE,Unhealthy
33.1,97.84878733082813,127,185,STABLE,Good
31.7,96.43781353675362,1446,1849,STABLE,Unhealthy for Sensitive Groups
30.8,94.11579244066269,224,197,STABLE,Good
33.6,95.91720824246957,141,189,STABLE,Good
29.0,95.75118916429842,736,520,STABLE,Moderate
28.9,96.36212052917908,96,83,STABLE,Good
28.69875223,97.57491537252005,68,89,STABLE,Unhealthy
29.3,97.2531736518684,2556,127,STABLE,Unhealthy
28.8,94.49103238702477,106,91,STABLE,Moderate
26.3,98.62081499362745,874,3362,STABLE,Unhealthy
26.72714451,96.8378372224158,155,4095,STABLE,Unhealthy
24.6,99.49323843256909,3467,918,STABLE,Unhealthy
32.8,97.11808733800221,3567,402,STABLE,Unhealthy
30.5,99.03107238574277,32,218,STABLE,Good
24.3,97.34229742764579,2989,723,STABLE,Unhealthy
28.347996685835025,99.63987438292163,3661,331,STABLE,Unhealthy
28.8,98.71824640869852,78,82,STABLE,Moderate
33.8,97.885314726834,558,2524,STABLE,Unhealthy
24.1,98.19112715606542,374,4082,STABLE,Unhealthy
29.8,96.2504885891361,881,1164,STABLE,Moderate
29.7,98.95925336060208,2112,962,STABLE,Unhealthy
33.4,97.88147051257873,3870,128,STABLE,Unhealthy
30.6,99.76257092684232,578,509,STABLE,Moderate
26.2,98.34880032189619,75,91,STABLE,Good
28.5,98.65653497054998,181,101,VIBRATING,Moderate
28.28735695,94.91827162629583,86,81,STABLE,Unhealthy for Sensitive Groups
30.1,98.57141816371934,96,57,STABLE,Good
26.6,96.76630789229623,64,94,STABLE,Good
25.5,98.37265891866278,1000,1618,STABLE,Unhealthy for Sensitive Groups
29.085616526508254,99.12955641092621,4095,777,STABLE,Unhealthy
29.83828442,97.77586480127094,69,80,STABLE,Unhealthy
26.6,96.33744880494345,43,93,STABLE,Good
33.4,94.31711324230047,2044,565,STABLE,Unhealthy
25.9,98.05992994373098,422,1001,STABLE,Moderate
33.2,96.09872405630072,1716,1670,STABLE,Unhealthy for Sensitive Groups
30.384354026007237,98.47024625482345,3430,629,STABLE,Unhealthy
24.3,95.03049646838781,2139,91,STABLE,Unhealthy
28.0,95.95170310769043,86,79,STABLE,Unhealthy for Sensitive Groups
31.2,95.94263752310249,187,228,STABLE,Good
25.3,96.21985198604156,153,2334,STABLE,Unhealthy
24.7,98.23943345079398,3358,2479,STABLE,Unhealthy
28.24464772,99.50803397092965,86,80,STABLE,Unhealthy for Sensitive Groups
27.9,96.85183427858006,760,1723,STABLE,Unhealthy for Sensitive Groups
29.3,97.72848938767414,37,76,STABLE,Moderate
26.2,98.39142833752858,682,536,STABLE,Moderate
24.4,98.25350762870465,110,37,STABLE,Good
27.7,96.48150325033053,1076,1846,STABLE,Unhealthy for Sensitive Groups
29.6,95.94009250433041,66,78,STABLE,Moderate
33.2,95.75485677770563,247,212,STABLE,Good
26.9,96.92931526638363,41,98,VIBRATING,Good
24.3,97.7393086564451,120,2863,STABLE,Unhealthy
33.0,98.21233088981319,1044,1696,STABLE,Unhealthy for Sensitive Groups
25.7,96.7747935829287,72,85,STABLE,Good
29.5,93.37837697411382,3486,294,STABLE,Unhealthy
33.3,97.98544920996109,690,1082,STABLE,Moderate
33.3,96.98828906466157,953,3323,STABLE,Unhealthy
25.8,94.47854582886643,4043,226,STABLE,Unhealthy
27.8,96.97581293152872,538,674,STABLE,Moderate
28.65206456,96.22266362822559,86,83,VIBRATING,Unhealthy for Sensitive Groups
32.4,94.58939952995718,1572,1420,STABLE,Unhealthy for Sensitive Groups
33.4,97.85170885879681,2442,792,STABLE,Unhealthy
24.9,98.63951918971944,3508,3096,STABLE,Unhealthy
29.6,96.35644000963629,412,298,STABLE,Moderate
30.0,98.6870231131135,72,77,STABLE,Moderate
27.7,96.75734081642429,605,1065,STABLE,Moderate
30.2,97.15262637153035,108,68,STABLE,Good
31.14826766272327,99.76274364614764,226,4095,VIBRATING,Unhealthy
29.72227801,97.29548939148324,62,92,STABLE,Unhealthy
26.83505876,97.4750421493915,152,80,STABLE,Good
32.5,97.46659159660206,35,189,STABLE,Good
29.8,93.31751978637713,711,1141,STABLE,Moderate
24.2,97.08948391307752,3190,755,STABLE,Unhealthy
29.519524658171388,97.8433020708389,2738,993,STABLE,Unhealthy
29.7,95.79150968294142,153,206,STABLE,Good
25.8,93.78294855950824,72,85,STABLE,Good
25.3,97.45234312266743,797,3349,STABLE,Unhealthy
29.0,95.78802188363224,277,635,STABLE,Moderate
24.8,98.44121350571014,776,1367,STABLE,Unhealthy for Sensitive Groups
26.8,98.89981226557018,142,223,STABLE,Good
25.5,98.08464808127482,545,906,STABLE,Moderate
28.3,93.02842875925458,86,76,VIBRATING,Unhealthy
28.7,98.57103496417105,924,3620,STABLE,Unhealthy
32.5,98.14318943345877,644,330,STABLE,Moderate
28.6,96.08409637581502,86,69,STABLE,Moderate
29.5,96.83998950456136,626,2593,VIBRATING,Unhealthy
29.7,98.59076044493982,834,2240,STABLE,Unhealthy
25.8,96.16123792987355,279,793,STABLE,Moderate
30.6,98.08010646427614,206,39,STABLE,Good
26.7,97.9211069606249,907,1895,STABLE,Unhealthy for Sensitive Groups
30.9,95.41564746470344,90,89,STABLE,Good
26.7,96.97222797766543,467,648,STABLE,Moderate
28.33766674,95.00417772390139,86,82,STABLE,Unhealthy for Sensitive Groups
25.7,96.37304945610197,73,85,STABLE,Good
27.0,98.90285186961216,148,82,STABLE,Good
33.7,96.48847034325864,84,247,STABLE,Good
29.8,98.96702701120203,1384,1473,STABLE,Unhealthy for Sensitive Groups
24.5,98.06047191565003,1350,1974,STABLE,Unhealthy for Sensitive Groups
28.7,99.13264259840113,103,87,STABLE,Unhealthy for Sensitive Groups
32.0,96.9963713077223,4074,743,STABLE,Unhealthy
24.4,96.8880398164648,735,2939,STABLE,Unhealthy
26.0,98.10472025300422,199,176,STABLE,Good
28.0,97.64291595987363,268,592,STABLE,Moderate
32.1,97.25198324532975,204,189,STABLE,Good
31.2,98.05754665861562,1222,1414,STABLE,Unhealthy for Sensitive Groups
29.5,94.62530024352623,3200,168,STABLE,Unhealthy
29.00090705,98.427615778819,47,87,STABLE,Unhealthy
27.2,94.54854973755909,495,361,STABLE,Moderate
28.548178354321564,97.9766368670051,3440,915,STABLE,Unhealthy
27.3,99.1068493794811,1673,870,VIBRATING,Unhealthy for Sensitive Groups
30.0,97.21938888784412,1990,3862,STABLE,Unhealthy
29.3,96.6600708053051,101,92,STABLE,Good
30.9,96.06604017977493,365,339,STABLE,Moderate
33.5,95.38635467935912,1701,919,VIBRATING,Unhealthy for Sensitive Groups
29.5,96.37911605229407,752,3807,STABLE,Unhealthy
28.52015892,96.03715036431616,86,81,STABLE,Unhealthy for Sensitive Groups
30.3,98.93193602415032,511,814,STABLE,Moderate
31.3,97.33826418772244,2064,856,STABLE,Unhealthy
31.2,94.79801144328567,1778,1381,STABLE,Unhealthy for Sensitive Groups
33.0,96.03654003787932,767,1494,STABLE,Unhealthy for Sensitive Groups
29.8,95.47940420814392,75,72,STABLE,Moderate
31.0,99.1937512245423,943,4038,STABLE,Unhealthy
32.3,95.47029647993887,900,2265,STABLE,Unhealthy
31.7,98.82602627370684,790,1177,STABLE,Unhealthy for Sensitive Groups
33.9,95.75909292268831,1163,1227,STABLE,Unhealthy for Sensitive Groups
27.9,97.73232905455953,2643,58,STABLE,Unhealthy
28.2,97.4664158143123,4000,896,VIBRATING,Unhealthy
24.79372940826678,97.4416398177631,303,4063,STABLE,Unhealthy
29.7,98.40467032414921,235,34,STABLE,Good
30.6,96.51300742815054,98,57,STABLE,Good
33.8,97.79676301957025,94,235,STABLE,Good
26.6,95.48638627895329,540,405,STABLE,Moderate
24.0,95.14088202050712,198,109,STABLE,Good
33.9,97.39602660800182,2064,623,STABLE,Unhealthy
25.2,94.86859405480803,241,36,STABLE,Good
27.1,97.40208625356017,715,367,STABLE,Moderate
29.5,97.15990912818316,67,90,STABLE,Moderate
30.7,99.12693596300186,190,133,STABLE,Good
29.68536341,98.47491340537859,69,77,STABLE,Unhealthy for Sensitive Groups
33.5,94.6659476143898,1773,1381,STABLE,Unhealthy for Sensitive Groups
31.4,97.43434349886074,123,238,STABLE,Good
31.792237886336437,97.50859849706913,879,2801,STABLE,Unhealthy
29.9,96.92706854555665,68,90,STABLE,Unhealthy
33.6,99.11660766803897,4090,2864,STABLE,Unhealthy
29.21812929,95.92148118783753,46,92,STABLE,Unhealthy
27.0,96.36154775914927,672,1090,STABLE,Moderate
24.1,97.4537038251046,455,3266,STABLE,Unhealthy
27.7,95.50767731089002,700,724,STABLE,Moderate
27.7,97.44573367057896,151,242,STABLE,Good
27.0,97.1503790226507,141,200,STABLE,Good
29.4,94.5620272892176,3979,519,STABLE,Unhealthy
28.21668891,96.68647740621027,55,136,STABLE,Unhealthy
29.2,98.91065964191492,78,82,STABLE,Moderate
25.5,99.26963876833085,409,2929,STABLE,Unhealthy
29.5,95.83871651709387,95,78,STABLE,Good
28.5,97.3663355721704,1711,808,STABLE,Unhealthy for Sensitive Groups
30.6,97.52572015947224,525,3881,STABLE,Unhealthy
28.6,95.03681404601635,183,96,STABLE,Moderate
33.5,97.47692361223518,251,3852,STABLE,Unhealthy
30.9,94.88505621247032,48,177,VIBRATING,Good
26.9,94.53140819131609,4005,3206,VIBRATING,Unhealthy
24.5,96.40828452348451,758,1626,STABLE,Unhealthy for Sensitive Groups
28.3,98.70519734829708,193,92,STABLE,Moderate
26.5,96.73159958536183,443,92,STABLE,Good
32.1,97.85209662804215,1140,763,STABLE,Unhealthy for Sensitive Groups
33.0,99.51290643702123,143,65,VIBRATING,Good
29.0,95.36344706952397,46,87,VIBRATING,Unhealthy for Sensitive Groups
33.2,97.98317465614447,530,618,STABLE,Moderate
26.3,98.12046417730906,462,2451,STABLE,Unhealthy
28.0,96.38093355597707,1686,818,STABLE,Unhealthy for Sensitive Groups
31.3,96.23224080192135,86,60,STABLE,Good
30.27896504,95.1734987238962,71,108,STABLE,Unhealthy for Sensitive Groups
31.7,96.91708108737306,955,2776,STABLE,Unhealthy
26.8,99.3954554380986,2126,330,STABLE,Unhealthy
25.2,97.38503341664712,40,184,STABLE,Good
29.38801204,96.40213841587888,56,86,STABLE,Unhealthy
31.6,96.62240462620504,3705,1838,STABLE,Unhealthy
25.1,97.67783112163754,138,224,STABLE,Good
29.3,94.96768210957654,37,76,STABLE,Moderate
33.2,96.8839192419096,1616,1948,STABLE,Unhealthy for Sensitive Groups
26.9,98.19946800750553,3641,3436,STABLE,Unhealthy
29.0624976,95.5650726360419,47,88,STABLE,Unhealthy
28.3,96.17891987116703,1175,745,STABLE,Unhealthy for Sensitive Groups
29.8,97.12315694080156,1685,1088,STABLE,Unhealthy for Sensitive Groups
28.8,95.64752041583854,156,226,STABLE,Good
26.9,98.76985956782256,210,129,STABLE,Good
28.30010295,96.04054374972583,86,75,STABLE,Unhealthy
28.0,97.77975027230023,86,78,STABLE,Moderate
33.9,97.89754114655285,1982,891,STABLE,Unhealthy
28.3,96.53359373253507,186,95,STABLE,Moderate
26.7,96.06614659632226,477,2583,STABLE,Unhealthy
29.0,95.11716354066195,103,87,STABLE,Good
28.0,98.96616993059907,181,88,STABLE,Moderate
25.0,97.95970268315675,236,54,STABLE,Good
26.0,95.43142493628955,3646,2197,VIBRATING,Unhealthy
28.2,95.18684807562063,64,132,STABLE,Good
28.5,94.08525557158653,4044,593,STABLE,Unhealthy
29.2,98.74721920418315,38,80,STABLE,Moderate
27.2,94.70929405352005,887,3644,STABLE,Unhealthy
25.9,96.8889720549808,3973,1058,STABLE,Unhealthy
31.8,94.48420855782486,250,180,STABLE,Good
25.5,98.41844062975018,3694,996,STABLE,Unhealthy
33.2,96.26976317594487,2848,748,STABLE,Unhealthy
33.4,96.16947812649202,99,59,STABLE,Good
30.6,97.7489075111395,2252,2553,STABLE,Unhealthy
26.6,97.37290225796934,1643,733,STABLE,Unhealthy for Sensitive Groups
29.4,96.00491472964912,591,2075,STABLE,Unhealthy
26.3,98.73575657452692,937,1105,STABLE,Unhealthy for Sensitive Groups
33.7,96.17972386928511,186,228,STABLE,Good
24.2,93.11665175353902,2554,2844,STABLE,Unhealthy
30.3,97.87583157565155,68,82,STABLE,Moderate
29.70056006,98.93347229181528,67,78,STABLE,Unhealthy
26.4,93.66563593644246,56,126,STABLE,Good
24.0,96.94343243808763,864,834,STABLE,Moderate
33.1,94.29093762717885,138,226,STABLE,Good
32.9,98.54066946358162,899,3656,STABLE,Unhealthy
32.8,98.9139483811654,3296,461,STABLE,Unhealthy
32.3,94.6878296844954,777,1799,STABLE,Unhealthy for Sensitive Groups
26.4,97.72702346679267,30,92,STABLE,Good
29.7,98.07883178730063,66,77,STABLE,Moderate
31.9,96.73101748821959,71,153,STABLE,Good
29.0,95.66096831787453,46,87,STABLE,Unhealthy
29.4,96.8500262938651,644,3480,STABLE,Unhealthy
29.8,94.59776412726869,209,235,STABLE,Good
32.3,94.10142282725495,583,556,VIBRATING,Moderate
27.9,98.59482056997041,3556,2850,STABLE,Unhealthy
29.77648444,99.52386936003145,70,73,VIBRATING,Unhealthy
24.9,99.1510604968043,756,1915,STABLE,Unhealthy for Sensitive Groups
28.41244376,98.89146308471365,85,4095,STABLE,Unhealthy
28.49890073,95.42756632985204,86,81,STABLE,Unhealthy for Sensitive Groups
33.0,98.02908810854065,1161,1748,STABLE,Unhealthy for Sensitive Groups
24.1,94.91743873720229,72,44,STABLE,Good
26.7,96.12375305099776,682,1181,STABLE,Moderate
28.2,97.09212354221934,2258,3456,STABLE,Unhealthy
26.6,97.41527596580616,64,94,STABLE,Good
25.4,94.99377353094708,52,206,STABLE,Good
31.9,97.75848605667103,3986,3404,STABLE,Unhealthy
28.9,97.72075701220409,1047,1619,STABLE,Unhealthy for Sensitive Groups
29.5,97.40518678026896,353,4046,VIBRATING,Unhealthy
28.4,97.18703094890684,205,197,STABLE,Good
26.3,99.2822513953986,68,91,STABLE,Good
28.5,98.55257272550902,85,68,STABLE,Moderate
29.1,97.72650475567431,106,84,STABLE,Moderate
29.7,95.38360501551739,269,1104,STABLE,Moderate
29.9,98.191081823942,453,770,STABLE,Moderate
31.4,96.12775244116285,87,60,STABLE,Good
28.9,96.39572427395012,50,104,VIBRATING,Good
25.2,97.20935325423116,1361,1592,STABLE,Unhealthy for Sensitive Groups
28.23569741,97.30032861334642,86,77,STABLE,Unhealthy for Sensitive Groups
24.902284723774045,97.11024353076313,584,2572,STABLE,Unhealthy
32.3,97.7242008480205,101,93,STABLE,Good
26.2,98.04399663965685,804,984,STABLE,Moderate
32.5,97.04175638305274,115,106,STABLE,Good
29.14115874,97.61829674034512,47,94,STABLE,Unhealthy
27.8,97.28265959474142,114,167,STABLE,Good
32.8225502,98.77081208924271,92,59,STABLE,Good
29.0,97.77634845647367,48,92,STABLE,Unhealthy
24.5,97.9733227966953,45,104,STABLE,Good
27.3,95.84850438192379,998,1490,STABLE,Unhealthy for Sensitive Groups
29.5,95.15704832182895,74,83,STABLE,Moderate
26.6,99.11879133187557,78,90,STABLE,Good
28.1,97.36627218556227,1455,788,STABLE,Unhealthy for Sensitive Groups
28.2,96.53142379486228,231,97,STABLE,Good
28.28054417,95.52230383768956,86,80,STABLE,Unhealthy for Sensitive Groups
30.2,96.60536733735186,224,195,STABLE,Good
29.9,94.94285493070137,198,140,STABLE,Good
26.4,95.76828017136702,3456,208,STABLE,Unhealthy
32.2,95.47694980740877,786,1228,STABLE,Unhealthy for Sensitive Groups
28.4,97.86352300645044,722,489,STABLE,Moderate
25.3,99.48660596389286,1614,816,STABLE,Unhealthy for Sensitive Groups
29.21404471,97.25561820453643,50,93,STABLE,Unhealthy
26.6,95.48933945288762,673,737,STABLE,Moderate
31.6,95.33925496355985,37,180,STABLE,Good
28.16793415,94.90262626900794,86,79,STABLE,Unhealthy for Sensitive Groups
29.9,98.0451974539628,68,90,STABLE,Unhealthy
29.2,95.82336949613119,87,72,STABLE,Moderate
28.8,96.43425105204366,87,76,STABLE,Moderate
25.8,96.59774686825885,663,355,STABLE,Moderate
28.36243277,98.04646461189179,86,75,STABLE,Unhealthy for Sensitive Groups
30.3,97.7154902376529,168,139,STABLE,Good
27.1,97.27767282600631,734,553,STABLE,Moderate
27.03746953,96.74002313574215,148,4095,VIBRATING,Unhealthy
29.0,93.15724734660913,46,87,STABLE,Unhealthy
27.6,95.21304636496752,301,434,STABLE,Moderate
25.762374254334375,96.422291091596,4095,4095,STABLE,Unhealthy
27.0,95.63574011058115,97,105,STABLE,Good
24.2,97.59440224868929,842,613,STABLE,Moderate
24.6,97.14869238407914,60,106,STABLE,Good
29.6,98.59762540932503,808,1499,STABLE,Unhealthy for Sensitive Groups
29.0,98.96258664011559,2391,498,STABLE,Unhealthy
28.50068769,92.81666315366512,86,83,STABLE,Unhealthy for Sensitive Groups
29.2,96.9214764480091,48,95,STABLE,Unhealthy
29.8,98.96889682288909,125,157,STABLE,Good
28.6,94.8520539836112,84,72,STABLE,Moderate
29.47481679,96.65925906052473,72,82,STABLE,Unhealthy for Sensitive Groups
28.5,97.079700755836,82,75,STABLE,Moderate
28.6,97.37259247047133,88,71,STABLE,Moderate
26.3,98.17235582074898,865,1116,STABLE,Moderate
25.1,98.31168038977611,302,3567,STABLE,Unhealthy
26.4,95.45132498417625,402,774,STABLE,Moderate
28.1,98.382343894243,87,83,STABLE,Moderate
31.0,98.68095053579425,90,131,STABLE,Good
33.13864268110147,98.6421613254608,2139,819,STABLE,Unhealthy
28.11968784,98.67360175135242,86,84,STABLE,Unhealthy
31.0,96.93648923596594,1041,727,STABLE,Unhealthy for Sensitive Groups
30.7,96.20516996032511,51,92,STABLE,Good
27.5,98.04937191987779,1997,660,STABLE,Unhealthy
28.5,97.5909634506745,664,532,STABLE,Moderate
28.13625859,99.01186382753613,86,80,STABLE,Unhealthy for Sensitive Groups
32.3,95.28255312488321,326,3673,STABLE,Unhealthy
28.4,98.16886014904829,84,79,VIBRATING,Unhealthy
31.6,98.87215121720767,377,2260,STABLE,Unhealthy
29.15121902,92.43369173788552,47,96,STABLE,Unhealthy
32.4,96.08103560112039,242,33,STABLE,Good
29.32983104,97.79696124300413,50,93,STABLE,Unhealthy
27.6,98.30075981370732,51,2404,STABLE,Unhealthy
29.3,97.04682610869418,641,1005,STABLE,Moderate
28.4,97.00986174789489,86,79,STABLE,Moderate
31.0,98.99254222828023,933,1574,STABLE,Unhealthy for Sensitive Groups
30.2,96.69952101016791,67,81,STABLE,Moderate
29.7,98.90682344902923,69,94,STABLE,Moderate
31.8,97.78884928200536,66,89,STABLE,Good
29.7,97.21786810450516,967,850,STABLE,Unhealthy for Sensitive Groups
25.6,96.45944141064999,1500,1387,STABLE,Unhealthy for Sensitive Groups
27.1,96.21375433420512,1694,1929,STABLE,Unhealthy for Sensitive Groups
28.6,95.33943670636415,158,243,STABLE,Good
33.3,98.16360188107171,618,644,STABLE,Moderate
32.5,96.16275931356485,778,3117,STABLE,Unhealthy
28.3,96.21444518264947,233,171,STABLE,Good
31.423157589055464,98.42970955052613,4095,4095,STABLE,Unhealthy
34.0,97.6598875689051,32,146,STABLE,Good
31.2,95.7749548307108,1043,1197,STABLE,Unhealthy for Sensitive Groups
32.4,98.0805717506289,572,553,STABLE,Moderate
28.4651772,96.25824450964473,86,82,STABLE,Unhealthy for Sensitive Groups
27.6,98.0507559603054,112,184,STABLE,Good
28.8,95.56668722722017,1866,2038,STABLE,Unhealthy
29.5,94.03789135795665,220,194,STABLE,Good
29.00023074,96.12941657385927,47,87,STABLE,Unhealthy
26.2,96.67748960699986,218,81,STABLE,Good
28.63504724,96.56030126223126,86,83,STABLE,Unhealthy for Sensitive Groups
24.3,97.61180631581934,76,233,STABLE,Good
32.6,96.31217790548368,959,1856,STABLE,Unhealthy for Sensitive Groups
32.5,94.95492954479694,148,2044,STABLE,Unhealthy
29.22625163,97.14834573262725,47,90,STABLE,Unhealthy
28.5857764,97.70828334437924,74,83,STABLE,Unhealthy
30.15840926,97.6992637685614,66,87,STABLE,Unhealthy
31.5,95.1969867489026,754,400,STABLE,Moderate
32.2,98.57790433941611,657,995,STABLE,Moderate
32.1,94.9443229607626,50,248,STABLE,Good
26.9,96.01800610767309,958,2653,STABLE,Unhealthy
28.58027513,96.27326352927818,86,81,STABLE,Unhealthy
26.6,97.01864966933232,606,2845,STABLE,Unhealthy
27.9,97.45302832659615,126,54,STABLE,Good
31.7,96.16957383649621,3780,339,STABLE,Unhealthy
28.3,97.22560313617433,85,75,STABLE,Unhealthy
27.3,98.77064591028567,600,292,STABLE,Moderate
34.0,97.3059574336588,97,59,STABLE,Good
33.5,98.75241728994637,202,236,VIBRATING,Good
33.1,94.51799936968553,1134,1765,STABLE,Unhealthy for Sensitive Groups
32.5,92.73361615225029,810,1069,STABLE,Moderate
29.0,96.64119656450995,59,52,STABLE,Good
32.2,97.10230182680561,3115,774,STABLE,Unhealthy
30.1,97.86405449230679,68,85,STABLE,Moderate
25.1,99.16421101374952,3177,2547,VIBRATING,Unhealthy
24.8,96.97775060391214,228,171,STABLE,Good
24.7,96.15987129895873,413,263,STABLE,Moderate
29.85280619,96.40876873113345,78,133,VIBRATING,Unhealthy
28.16866838,98.43945912881803,86,76,STABLE,Unhealthy for Sensitive Groups
32.9,99.44385298065666,661,3177,STABLE,Unhealthy
29.8,97.92980494293678,67,82,STABLE,Moderate
28.6,99.25627015796111,1781,1673,STABLE,Unhealthy for Sensitive Groups
28.30912987,95.54130724497847,86,75,VIBRATING,Unhealthy
24.6,95.98605121305225,1529,1189,VIBRATING,Unhealthy for Sensitive Groups
29.1,98.07867849866433,819,2117,STABLE,Unhealthy
30.9,95.04316488701843,98,57,STABLE,Good
28.8,96.08244127308981,158,133,STABLE,Good
27.2,97.60245276230762,229,143,STABLE,Good
29.2,98.36655952034492,46,95,STABLE,Unhealthy
26.9,97.45835596418934,792,316,STABLE,Moderate
34.0,97.32488654422498,98,60,STABLE,Good
26.47701955,95.92229463690929,443,92,STABLE,Good
28.2,97.58496263754877,86,75,STABLE,Unhealthy for Sensitive Groups
30.8,96.70933998491887,404,481,STABLE,Moderate
31.44728723,96.62585443498428,86,60,VIBRATING,Good
28.2,99.10819302785552,85,77,STABLE,Unhealthy for Sensitive Groups
27.5,97.13108186965957,399,3387,STABLE,Unhealthy
30.8,98.22671890072978,2826,281,STABLE,Unhealthy
24.5,98.77713682084794,50,102,STABLE,Good
24.2,94.34984463714686,897,367,STABLE,Moderate
26.3,97.22165789936592,786,695,STABLE,Moderate
24.1,98.83893230982211,451,473,STABLE,Moderate
31.4,96.94632696378567,33,69,STABLE,Good
28.7,96.98660012192553,86,236,VIBRATING,Unhealthy
27.8,97.19740683410109,300,426,STABLE,Moderate
31.4,99.48798979334282,401,336,STABLE,Moderate
28.75483152,96.75400361271603,82,4095,VIBRATING,Unhealthy
25.0,98.0513568965126,136,65,STABLE,Good
25.91892987,97.84231811077755,73,86,STABLE,Good
28.0,97.93618618368313,53,178,STABLE,Good
26.2,97.9391346477499,50,150,STABLE,Good
28.7,97.56236749574745,86,755,STABLE,Moderate
26.7,96.34109792225021,1452,936,STABLE,Unhealthy for Sensitive Groups
29.3,96.84856638891364,276,927,STABLE,Moderate
28.6,98.2539486688558,206,90,STABLE,Moderate
28.8,96.22851601042655,30,165,STABLE,Good
29.3,99.34098873819822,39,75,STABLE,Moderate
25.4,97.91830414379014,561,316,STABLE,Moderate
26.4,97.89649900439802,2206,955,STABLE,Unhealthy
33.1,97.71766173949553,476,3287,STABLE,Unhealthy
28.26957143,96.6060859900891,85,83,STABLE,Unhealthy for Sensitive Groups
29.5,96.3208455339537,210,227,STABLE,Good
30.8,94.16707671615816,3478,418,STABLE,Unhealthy
25.545430959280015,99.63079823257975,1870,842,STABLE,Unhealthy
33.3,95.49806303870395,219,158,VIBRATING,Good
28.5,98.60296929220462,1968,509,STABLE,Unhealthy
24.5,95.54645400522817,1146,1797,STABLE,Unhealthy for Sensitive Groups
25.85026371,95.12549818111167,73,85,STABLE,Good
28.3,97.65348385842617,1003,1239,VIBRATING,Unhealthy for Sensitive Groups
28.8,97.72576414656399,293,3022,STABLE,Unhealthy
32.7,92.69274535600331,141,181,STABLE,Good
25.0,95.90966053784992,562,861,STABLE,Moderate
27.5,99.08648717196651,1117,1232,STABLE,Unhealthy for Sensitive Groups
30.2,99.09400475546919,3575,821,STABLE,Unhealthy
29.4,96.99698484152952,1600,1372,STABLE,Unhealthy for Sensitive Groups
26.1,99.51988511277867,954,1111,STABLE,Unhealthy for Sensitive Groups
33.1,96.73941836649368,1146,1922,STABLE,Unhealthy for Sensitive Groups
26.4,98.67759522142597,146,225,STABLE,Good
28.9586918,94.73938241134663,75,79,STABLE,Unhealthy
30.6,96.39360195911632,339,3159,STABLE,Unhealthy
28.3,98.27495451031962,76,73,STABLE,Unhealthy for Sensitive Groups
31.2,97.04035200338953,146,127,STABLE,Good
28.4,96.96627072266052,186,82,STABLE,Moderate
32.6,98.35760024938435,83,39,STABLE,Good
28.7,98.82910842229161,86,227,STABLE,Unhealthy
33.1,93.83828845415614,1520,1498,STABLE,Unhealthy for Sensitive Groups
28.6,95.33293190664853,1850,920,STABLE,Unhealthy
28.3,95.07450078316018,85,75,STABLE,Unhealthy for Sensitive Groups
27.7,94.75838964843327,142,160,STABLE,Good
27.3,97.49827802552312,3911,987,STABLE,Unhealthy
27.2,97.62934465540987,1576,1507,STABLE,Unhealthy for Sensitive Groups
26.2,97.66708587253365,143,72,STABLE,Good
30.4,98.92871368707354,948,1840,STABLE,Unhealthy for Sensitive Groups
33.3,93.36364379773075,1810,399,STABLE,Unhealthy
30.9,96.74539388932797,834,1971,VIBRATING,Unhealthy for Sensitive Groups
33.7,97.60504168126161,878,1282,STABLE,Unhealthy for Sensitive Groups
33.5,99.67263555587418,834,753,STABLE,Moderate
28.38845975,96.55867826513085,85,4095,STABLE,Unhealthy
26.9,95.20906036807962,1282,1712,VIBRATING,Unhealthy for Sensitive Groups
28.3,97.58454366092369,87,85,STABLE,Unhealthy for Sensitive Groups
29.06716188,92.35816667388015,46,89,STABLE,Unhealthy
30.1,96.06478951967422,854,451,STABLE,Moderate
31.2,95.57029660036122,222,3180,STABLE,Unhealthy
30.9,96.58960376384549,784,327,STABLE,Moderate
30.7,94.24004855806146,3764,1939,STABLE,Unhealthy
27.5,97.09116695995922,531,838,STABLE,Moderate
28.5,98.27007953077103,155,209,STABLE,Good
26.1,97.66871981422639,271,742,STABLE,Moderate
29.00966362,99.16538987679456,47,87,STABLE,Unhealthy
30.7,94.92449918981453,3667,3041,STABLE,Unhealthy
30.1,95.11603943781101,69,76,STABLE,Moderate
30.5,94.60852058219074,679,1040,STABLE,Moderate
29.8,99.27836783764985,1605,1628,STABLE,Unhealthy for Sensitive Groups
31.6,96.01739900182281,1108,928,STABLE,Unhealthy for Sensitive Groups
28.71177555,95.88992838459784,88,75,STABLE,Unhealthy
30.3,98.03114200487843,1647,828,STABLE,Unhealthy for Sensitive Groups
28.9,97.19173692835862,300,584,STABLE,Moderate
28.1,93.71771576637353,730,2408,STABLE,Unhealthy
25.9,98.34025606384914,165,236,STABLE,Good
28.85793294,93.55463924657104,62,85,VIBRATING,Unhealthy for Sensitive Groups
29.3,93.33122480536123,840,355,STABLE,Moderate
28.2,95.90871027731335,86,80,VIBRATING,Moderate
32.4,97.13205059972839,52,173,STABLE,Good
29.5,98.1540614853561,1066,1283,STABLE,Unhealthy for Sensitive Groups
25.2,95.35862398899971,3337,806,STABLE,Unhealthy
29.45929013,96.12460241264824,71,72,STABLE,Unhealthy for Sensitive Groups
29.9,97.08160779571705,868,716,STABLE,Moderate
29.2363017,95.06953687574007,47,90,VIBRATING,Unhealthy
30.8,92.18097821245337,45,42,STABLE,Good
33.6,99.30987174375807,1115,1952,STABLE,Unhealthy for Sensitive Groups
31.8,98.25124655919385,125,218,STABLE,Good
32.2,97.24589744236725,334,1173,STABLE,Moderate
29.00913738,96.9224431187028,47,90,STABLE,Unhealthy
27.04509104,95.97064426355216,148,4095,STABLE,Unhealthy
33.8,98.157943263625,1734,1873,STABLE,Unhealthy for Sensitive Groups
28.6,97.01703446037901,3062,2565,STABLE,Unhealthy
25.5,95.92460762975988,82,174,STABLE,Good
27.3,99.59523640967619,3669,2953,STABLE,Unhealthy
25.5,98.15715870148483,66,89,VIBRATING,Good
27.9,96.00210088339182,2624,567,STABLE,Unhealthy
27.6,97.88724963123202,2270,514,STABLE,Unhealthy
31.5,99.22092066292655,411,757,STABLE,Moderate
26.2,98.01112108214451,119,102,STABLE,Good
31.5,94.7394191097494,3184,2031,STABLE,Unhealthy
29.1,96.10647738443691,47,92,STABLE,Unhealthy
28.1,95.99921562376974,1738,912,STABLE,Unhealthy for Sensitive Groups
28.8,97.44158369797503,79,82,STABLE,Moderate
33.8,97.4980141140169,1401,1378,STABLE,Unhealthy for Sensitive Groups
28.2,96.94104422593742,54,124,STABLE,Unhealthy
28.51691228,95.81005051642863,86,81,VIBRATING,Unhealthy
28.31116132,99.23044190397005,86,78,STABLE,Unhealthy
24.5,95.59791892802296,386,1094,STABLE,Moderate
27.2,99.63698011845968,835,1599,STABLE,Unhealthy for Sensitive Groups
33.3,94.75466449810928,791,753,STABLE,Unhealthy for Sensitive Groups
29.7,91.6096135012882,67,78,STABLE,Unhealthy
28.68956943,98.05295243033542,86,82,STABLE,Unhealthy for Sensitive Groups
29.0,98.54786771974263,766,3388,STABLE,Unhealthy
32.0,99.16389546949266,766,2651,STABLE,Unhealthy
29.0,94.60801047867338,78,82,STABLE,Moderate
28.31213709,95.7944226112717,86,75,STABLE,Unhealthy
28.1,93.01991011600187,3174,55,STABLE,Unhealthy
26.6,97.09551174905698,1744,1523,STABLE,Unhealthy for Sensitive Groups
29.4,98.7559637782783,1705,1609,STABLE,Unhealthy for Sensitive Groups
25.5,97.40834970640553,713,551,STABLE,Moderate
28.52775872,97.86741253482893,85,81,VIBRATING,Unhealthy for Sensitive Groups
33.2,98.32711325369414,96,59,STABLE,Good
27.6,96.63359421295735,303,3887,STABLE,Unhealthy
25.6,98.3487243432453,69,96,STABLE,Good
29.1,96.24700118010624,380,740,STABLE,Moderate
29.3,95.25220959570042,250,206,STABLE,Good
25.6,97.41272282394193,1018,1364,STABLE,Unhealthy for Sensitive Groups
28.3,96.12391428846081,75,78,STABLE,Moderate
29.26702597,97.00904617128948,70,200,STABLE,Unhealthy
29.0,98.91918352793411,39,81,STABLE,Moderate
26.1,98.28105050858139,76,90,STABLE,Good
33.8,99.5087113428678,779,1659,STABLE,Unhealthy for Sensitive Groups
31.4,99.31951460549473,856,714,STABLE,Moderate
26.31538078,96.90674435975241,72,86,STABLE,Good
26.7,98.52409670464574,684,255,STABLE,Moderate
24.4,96.12367304872592,1289,1885,STABLE,Unhealthy for Sensitive Groups
30.8,99.1450284012574,1032,1636,STABLE,Unhealthy for Sensitive Groups
32.2,94.99028931639572,384,2253,STABLE,Unhealthy
26.7,96.17746516535368,1049,1779,STABLE,Unhealthy for Sensitive Groups
28.3,96.04365035440757,85,75,STABLE,Unhealthy
29.5,97.37752527721466,455,936,STABLE,Moderate
26.4,97.29158572696582,171,81,STABLE,Good
26.8,96.91895880906286,432,340,STABLE,Moderate
24.084690140407968,98.06259684020706,4095,196,STABLE,Unhealthy
25.253850003860617,99.36207999864926,873,3487,VIBRATING,Unhealthy
25.3,96.81483179085203,1483,1391,STABLE,Unhealthy for Sensitive Groups
28.7,98.1809479390406,547,528,STABLE,Moderate
28.8,98.53283944691361,3253,270,STABLE,Unhealthy
30.6,96.24027056717249,3652,571,STABLE,Unhealthy
28.3,96.9615057156458,88,75,STABLE,Moderate
32.3,97.68217395729914,1351,1750,STABLE,Unhealthy for Sensitive Groups
31.6,98.08129488234145,452,721,STABLE,Moderate
31.3,95.72015986193128,3410,615,STABLE,Unhealthy
33.0,96.92532348527935,3848,3612,VIBRATING,Unhealthy
28.36223292,96.9764130991357,86,81,STABLE,Unhealthy for Sensitive Groups
26.0,95.68631556107394,62,95,VIBRATING,Good
33.75897804517688,99.33555758427154,976,4095,STABLE,Unhealthy
29.0,97.48893534384884,46,86,STABLE,Unhealthy for Sensitive Groups
29.9,98.02627009497571,63,104,STABLE,Moderate
30.7,97.180003691897,795,1152,STABLE,Unhealthy for Sensitive Groups
28.9,97.39640851410962,70,242,STABLE,Good
26.7,96.76872595145221,150,81,VIBRATING,Good
26.0,92.46768667564872,599,3818,STABLE,Unhealthy
30.9,97.73769572767763,2032,934,STABLE,Unhealthy
29.6,96.97994921359992,943,837,STABLE,Unhealthy for Sensitive Groups
31.7,97.02283220300441,789,3370,STABLE,Unhealthy
30.4,95.42798805467552,123,3457,STABLE,Unhealthy
28.8,95.69478154160909,3252,559,STABLE,Unhealthy
28.84267711,98.0429747120714,87,74,STABLE,Unhealthy for Sensitive Groups
28.7,95.9793323570772,51,135,STABLE,Unhealthy for Sensitive Groups
32.4,93.35983151740929,239,202,STABLE,Good
28.3,97.97534402645839,86,78,STABLE,Unhealthy for Sensitive Groups
28.32320722,99.29500858755058,86,79,STABLE,Unhealthy
28.4,93.17769420542986,677,1070,STABLE,Moderate
28.9,98.2259274451177,2440,3688,STABLE,Unhealthy
28.8,98.88909976290596,784,842,STABLE,Moderate
29.2,94.58043303304444,1106,904,STABLE,Unhealthy for Sensitive Groups
31.7,99.0471669648714,1481,1806,STABLE,Unhealthy for Sensitive Groups
31.2,96.51784918714729,66,36,STABLE,Good
31.5,96.87754146352012,713,290,STABLE,Moderate
28.2,94.19852894623337,76,74,VIBRATING,Moderate
25.2,98.3131118039133,161,76,STABLE,Good
32.0,97.89987353977365,1635,900,STABLE,Unhealthy for Sensitive Groups
29.6,98.92195497654964,3516,246,STABLE,Unhealthy
32.3,95.72312024894515,254,1195,VIBRATING,Moderate
30.2,95.90839731911078,68,75,STABLE,Moderate
28.707135191825436,99.81916777929324,4095,641,STABLE,Unhealthy
30.059686179398803,98.64744927883875,897,2365,STABLE,Unhealthy
33.6,97.37785233894515,1875,669,STABLE,Unhealthy
31.4,99.24855167457218,820,367,STABLE,Moderate
27.9,98.96496048402257,247,106,STABLE,Good
29.4,93.4762203363102,1631,744,STABLE,Unhealthy for Sensitive Groups
30.9,93.98909381849883,181,196,STABLE,Good
25.9,97.21007984120834,224,134,STABLE,Good
25.2,97.9365101478543,543,257,STABLE,Moderate
30.9,94.75141994956627,229,169,STABLE,Good
32.9,95.22889536771599,326,1002,STABLE,Moderate
28.8,98.22041626197625,1710,1555,STABLE,Unhealthy for Sensitive Groups
32.4,95.67516630810691,869,667,STABLE,Moderate
28.36821234,96.93689601310658,87,76,STABLE,Unhealthy
29.5,97.8274351890291,66,79,VIBRATING,Good
26.8,96.88598394534534,509,1070,STABLE,Moderate
28.2,99.30552138597821,86,76,STABLE,Unhealthy for Sensitive Groups
28.4,98.42315333842546,1523,1921,STABLE,Unhealthy for Sensitive Groups
27.3,95.88192064399007,85,138,STABLE,Good
32.3,97.19372673113931,124,224,STABLE,Good
33.1,96.44018763224054,1187,1593,STABLE,Unhealthy for Sensitive Groups
30.1,98.06900444943318,67,79,VIBRATING,Moderate
32.9,98.5751429525408,3653,2505,STABLE,Unhealthy
29.8,95.55182637240927,295,1005,STABLE,Moderate
28.4,97.58081473648068,86,79,STABLE,Unhealthy for Sensitive Groups
31.93545277,98.44247456614657,87,60,STABLE,Good
27.6,97.51885849061681,3801,862,STABLE,Unhealthy
33.9,97.4481068575962,2992,2320,STABLE,Unhealthy
25.5,97.38719085803041,324,569,STABLE,Moderate
29.84515003,96.47107262338662,69,82,STABLE,Unhealthy
25.1,97.32973627161084,251,694,STABLE,Moderate
29.05914817,97.64521726850069,47,92,STABLE,Unhealthy
26.6,96.69179941198634,570,699,STABLE,Moderate
28.55970469,97.28883012396152,85,82,VIBRATING,Unhealthy for Sensitive Groups
31.8,97.37880409447358,797,1353,VIBRATING,Unhealthy for Sensitive Groups
25.1,96.89532548578906,204,155,STABLE,Good
27.5,98.12854756841479,633,861,STABLE,Moderate
30.2,94.04002439798785,83,120,STABLE,Good
32.4,95.96676972962872,526,734,STABLE,Moderate
27.2,95.49681728177246,669,3927,STABLE,Unhealthy
31.8,96.2417803269301,2875,2576,STABLE,Unhealthy
30.0,97.70781576550799,162,188,STABLE,Good
29.1,99.59333757639614,1345,1941,STABLE,Unhealthy for Sensitive Groups
28.4,94.28423987368447,86,81,STABLE,Unhealthy for Sensitive Groups
28.9,95.43824463656203,39,65,STABLE,Moderate
31.1,98.68378370353591,891,294,STABLE,Moderate
31.2,95.93447825944223,3224,2643,STABLE,Unhealthy
30.0,96.07460557158939,118,33,STABLE,Good
33.8,96.8224010612007,1202,1877,STABLE,Unhealthy for Sensitive Groups
31.99662287098552,97.16788241198991,654,4095,STABLE,Unhealthy
30.9,97.79666537765134,348,2747,STABLE,Unhealthy
27.0,98.5869221333864,151,3150,STABLE,Unhealthy
25.3,98.28405139231037,226,145,STABLE,Good
31.8,96.83334521398602,59,158,STABLE,Good
30.7,94.57899700010732,1377,926,STABLE,Unhealthy for Sensitive Groups
32.1,97.64300813086413,250,33,STABLE,Good
24.6,98.97884729402688,844,1282,STABLE,Unhealthy for Sensitive Groups
27.7,98.42873168701544,2363,973,STABLE,Unhealthy
32.3,95.24002255607117,881,990,STABLE,Moderate
33.911276595588646,99.40680201735385,317,4005,STABLE,Unhealthy
28.8,94.57311706873553,913,2033,STABLE,Unhealthy
31.2,97.33838734258981,775,1175,VIBRATING,Moderate
27.8,97.71726208767366,3753,2958,STABLE,Unhealthy
32.8,98.52874016911203,358,2102,STABLE,Unhealthy
26.9,97.7446901862998,98,3542,STABLE,Unhealthy
29.36272668,94.08976909045646,78,240,STABLE,Unhealthy
25.2,96.70304025434146,1825,335,STABLE,Unhealthy
28.7,97.99400017421183,1502,1476,STABLE,Unhealthy for Sensitive Groups
32.0,97.87511656183507,1142,1104,VIBRATING,Unhealthy for Sensitive Groups
25.8,99.18245756212599,42,155,STABLE,Good
25.0,97.129894531046,1451,759,STABLE,Unhealthy for Sensitive Groups
25.9,95.22416889862666,66,90,VIBRATING,Good
33.5,97.81686627907906,1242,1247,VIBRATING,Unhealthy for Sensitive Groups
30.23171957,97.13418922660608,72,112,STABLE,Unhealthy for Sensitive Groups
30.27288526,95.6732386710731,70,111,STABLE,Unhealthy for Sensitive Groups
25.3,93.8732227063137,263,1009,STABLE,Moderate
26.3,98.01668853481299,758,1661,STABLE,Unhealthy for Sensitive Groups
33.4,97.99919467902832,2091,442,STABLE,Unhealthy
32.2,98.41916028416883,183,185,STABLE,Good
28.3,98.10713547181919,180,102,STABLE,Moderate
24.616482445133386,96.67269269502039,658,4095,STABLE,Unhealthy
25.6,97.00249626056794,224,250,STABLE,Good
32.9,98.4932177919226,1541,1075,STABLE,Unhealthy for Sensitive Groups
25.7,97.68047569291654,429,831,STABLE,Moderate
30.5,98.69569014425066,279,1067,STABLE,Moderate
29.0,98.60659107439793,2358,770,VIBRATING,Unhealthy
29.3,97.59482225511825,866,975,STABLE,Unhealthy for Sensitive Groups
31.9,99.10849615327093,2982,668,STABLE,Unhealthy
30.0,99.4805843634475,66,78,VIBRATING,Moderate
33.9,93.55237069337247,113,2320,STABLE,Unhealthy
32.5,96.672980422825,2023,627,STABLE,Unhealthy
28.57524278,93.59669099366852,86,81,STABLE,Unhealthy
32.10127405653226,98.1356947451495,4095,4095,STABLE,Unhealthy
29.7,94.41251491364928,244,171,STABLE,Good
28.6,98.67049026550536,128,38,STABLE,Good
30.4,96.21970194169174,95,58,STABLE,Good
32.2,98.97663326966801,3959,3010,STABLE,Unhealthy
28.4,96.98149232109735,85,70,STABLE,Moderate
25.1,97.63772334908285,105,141,STABLE,Good
30.6,97.36197373420657,2386,563,STABLE,Unhealthy
28.48578224,99.04586550167195,86,83,STABLE,Unhealthy for Sensitive Groups
31.4,96.66674600973411,955,1013,STABLE,Unhealthy for Sensitive Groups
28.8,95.14567676493103,724,686,STABLE,Moderate
34.1,94.02403350228109,97,59,VIBRATING,Good
30.8,96.01189955259692,1467,1349,STABLE,Unhealthy for Sensitive Groups
28.3,98.98090330184839,85,76,STABLE,Unhealthy for Sensitive Groups
29.2,97.93525679739128,618,3106,STABLE,Unhealthy
30.2,95.12800059763268,667,773,STABLE,Moderate
33.0,98.58486082727194,3862,3586,STABLE,Unhealthy
33.1,95.43903006537325,2197,427,STABLE,Unhealthy
33.6,96.8008039771193,839,701,STABLE,Moderate
31.1,98.75811031065933,725,1825,STABLE,Unhealthy for Sensitive Groups
29.9,95.29198521746319,3864,1816,STABLE,Unhealthy
29.8516079,97.49826354106483,72,74,STABLE,Unhealthy
29.4,95.38631522483405,439,3125,STABLE,Unhealthy
28.2,95.36265867035198,699,853,STABLE,Moderate
31.9,92.46529743990634,382,263,STABLE,Moderate
28.2,95.0109059732434,2128,719,STABLE,Unhealthy
25.5,93.21589897985098,1572,827,STABLE,Unhealthy for Sensitive Groups
27.180050303065556,98.50519812096483,4095,4095,STABLE,Unhealthy
25.7,94.10930515293377,995,1010,STABLE,Unhealthy for Sensitive Groups
33.29965787128202,96.8346122799404,411,2592,STABLE,Unhealthy
26.2,98.61823189523682,747,2667,STABLE,Unhealthy
27.6,95.79889949755855,735,1391,STABLE,Unhealthy for Sensitive Groups
28.7,99.56751097734117,2748,156,STABLE,Unhealthy
25.3,97.73189699555746,658,1199,STABLE,Moderate
26.5,93.85980819293125,42,92,STABLE,Good
28.76215236,96.4509673091591,72,233,STABLE,Unhealthy
27.6,99.04853372532818,189,198,STABLE,Good
28.3,96.5492368107235,81,4095,VIBRATING,Unhealthy
29.2,96.96530834201315,1590,1946,STABLE,Unhealthy for Sensitive Groups
29.72114361,93.57214721694818,68,243,STABLE,Unhealthy
27.2,96.67545439013121,174,65,VIBRATING,Good
27.1,94.81776092863596,1587,834,STABLE,Unhealthy for Sensitive Groups
31.7,98.11318172647213,1466,1498,STABLE,Unhealthy for Sensitive Groups
26.0,97.93724019720243,83,2949,STABLE,Unhealthy
24.9,95.23680064617115,2508,3497,VIBRATING,Unhealthy
26.6,96.91929924005942,2775,119,STABLE,Unhealthy
32.9,93.32206311388188,3794,609,STABLE,Unhealthy
32.5,96.0947503013684,593,976,STABLE,Moderate
24.5,97.60283622646439,775,3383,STABLE,Unhealthy
33.1,97.03800502823839,149,227,STABLE,Good
33.1,99.10326119616735,524,2693,STABLE,Unhealthy
25.4,97.09808209995781,231,249,STABLE,Good
31.2,95.59069940007035,721,984,STABLE,Moderate
28.3,97.25586985757417,53,118,STABLE,Unhealthy for Sensitive Groups
24.4,97.93275674599653,332,721,STABLE,Moderate
32.2,96.21178648359857,636,750,STABLE,Moderate
28.3,97.30742087786001,54,122,STABLE,Good
28.4,97.33643803698577,75,72,STABLE,Moderate
30.8,96.56707064138669,202,3891,STABLE,Unhealthy
31.3,97.94852792628309,290,1112,STABLE,Moderate
24.5,99.31057893126707,190,59,STABLE,Good
28.57967978,94.4132248226637,86,80,STABLE,Unhealthy for Sensitive Groups
27.6,97.67663661867283,1724,1022,STABLE,Unhealthy for Sensitive Groups
24.7,98.99584565940351,840,3387,STABLE,Unhealthy
32.9,99.22451344505969,890,969,STABLE,Moderate
29.4,97.95970598767505,2797,2837,STABLE,Unhealthy
25.2,96.94278317012005,3257,979,STABLE,Unhealthy
28.2,98.83716951292227,86,90,STABLE,Unhealthy for Sensitive Groups
30.9,97.73766473301242,1381,952,STABLE,Unhealthy for Sensitive Groups
26.2,94.26345651461116,74,87,VIBRATING,Good
29.4,95.32600837834336,75,81,STABLE,Moderate
28.66025532,97.57071590662775,103,87,STABLE,Unhealthy for Sensitive Groups
32.5,98.85094250274918,1145,765,STABLE,Unhealthy for Sensitive Groups
31.6,98.88022944207684,523,538,STABLE,Moderate
26.5,97.0614953774262,238,221,STABLE,Good
26.576870539912328,98.24040885076143,3045,696,STABLE,Unhealthy
32.2,97.58050864951682,3668,1965,STABLE,Unhealthy
29.8,96.98081819220816,95,77,STABLE,Good
29.3,99.271375258632,855,510,STABLE,Moderate
32.1,97.57370981575055,762,510,STABLE,Moderate
26.0,97.66125412763446,63,94,STABLE,Good
27.5,97.2444484441136,428,1042,STABLE,Moderate
25.0,95.10875304931146,2313,2092,STABLE,Unhealthy
33.1,95.39770796897601,2593,2601,STABLE,Unhealthy
28.4,96.26252123950817,3962,1362,STABLE,Unhealthy
33.659338699714695,99.37957475115725,3668,435,STABLE,Unhealthy
32.5,98.11996792179202,1851,3651,STABLE,Unhealthy
27.6,98.49667153677815,1042,935,STABLE,Unhealthy for Sensitive Groups
28.9,97.06224509084339,83,69,STABLE,Moderate
27.953586063434543,99.50845056188513,4024,318,STABLE,Unhealthy
31.7,97.30984194654054,2713,305,STABLE,Unhealthy
29.8,95.54716946922811,66,77,STABLE,Moderate
32.4,97.69919023666226,583,281,STABLE,Moderate
32.5,98.76849446774513,89,60,STABLE,Good
30.9,98.17098392769512,3383,365,STABLE,Unhealthy
24.28352041023899,97.4072568182071,4074,976,STABLE,Unhealthy
24.9,94.82508830315344,1798,1324,STABLE,Unhealthy for Sensitive Groups
28.8,97.28790740567985,927,1347,STABLE,Unhealthy for Sensitive Groups
31.9,98.57031330717246,283,1102,STABLE,Moderate
27.0,93.85608706955875,193,37,VIBRATING,Good
27.8,96.0289048059004,1042,1146,STABLE,Unhealthy for Sensitive Groups
31.0,96.665340548571,1584,1519,STABLE,Unhealthy for Sensitive Groups
31.4,99.69354494906558,1399,753,STABLE,Unhealthy for Sensitive Groups
31.3,96.49212300323212,796,1176,STABLE,Moderate
28.1,98.8138845378253,740,3089,STABLE,Unhealthy
30.6,93.96301386024919,575,1097,STABLE,Moderate
29.75562334,98.43784069523562,71,73,STABLE,Unhealthy
28.2,95.69158150286692,880,346,STABLE,Moderate
31.5,94.89454201975069,86,60,STABLE,Good
31.1,99.08687893150076,719,376,STABLE,Moderate
26.3,98.78651431926716,72,92,STABLE,Good
28.2,98.14864731073736,52,117,VIBRATING,Unhealthy
31.2,95.46783583907217,905,740,STABLE,Unhealthy for Sensitive Groups
29.62937501189596,99.66462216232449,4095,305,STABLE,Unhealthy
30.7,94.85902976910285,1807,3361,STABLE,Unhealthy
32.5,97.06947517239117,93,33,STABLE,Good
28.2,96.59988108456743,1717,1393,STABLE,Unhealthy for Sensitive Groups
30.8,98.08318762860512,164,70,STABLE,Good
27.3,96.04091693543631,1148,1786,STABLE,Unhealthy for Sensitive Groups
24.5,92.71908557870898,814,853,VIBRATING,Moderate
29.5,99.09919436014161,67,76,STABLE,Moderate
26.3,97.54195512703916,921,2584,STABLE,Unhealthy
28.3,97.375174496851,86,79,STABLE,Unhealthy for Sensitive Groups
28.0,96.9347414357346,231,2821,STABLE,Unhealthy
29.7,99.38197749372019,66,78,STABLE,Moderate
26.4,99.5339514206902,220,154,STABLE,Good
24.1,98.53645224404121,50,4056,STABLE,Unhealthy
28.0,97.02260119353735,780,1586,STABLE,Unhealthy for Sensitive Groups
28.44416187,96.47659436254358,85,82,STABLE,Unhealthy for Sensitive Groups
25.2,98.49576132753845,1485,1964,STABLE,Unhealthy for Sensitive Groups
28.4,94.14449017366965,845,2403,STABLE,Unhealthy
29.9,97.6341059145734,943,868,VIBRATING,Unhealthy for Sensitive Groups
28.25883359,99.0591890924197,86,82,VIBRATING,Unhealthy for Sensitive Groups
28.141899114368677,97.65772411641804,4095,4095,STABLE,Unhealthy
25.0,96.68897123579514,3626,3353,STABLE,Unhealthy
30.1,95.51568779421058,210,37,STABLE,Good
30.2,96.80130781960085,899,845,STABLE,Moderate
30.1,97.58550164017103,646,2346,STABLE,Unhealthy
28.4,98.4179086948662,84,79,STABLE,Unhealthy
28.71261634812751,96.43634689897425,3438,456,STABLE,Unhealthy
27.6,98.82838289925151,3017,843,STABLE,Unhealthy
28.21602111,97.25639847088655,86,86,STABLE,Unhealthy for Sensitive Groups
29.1,99.45885600304452,191,142,STABLE,Good
29.41914895,97.80409873997436,68,79,STABLE,Unhealthy for Sensitive Groups
27.9,97.31436953937084,1013,925,STABLE,Unhealthy for Sensitive Groups
30.8,95.45656421563687,876,1056,VIBRATING,Moderate
32.6,96.41305444445571,939,1453,STABLE,Unhealthy for Sensitive Groups
27.9,96.36045570237158,85,80,VIBRATING,Moderate
26.9,97.49372279871416,1342,1981,STABLE,Unhealthy for Sensitive Groups
30.1,97.07463442205963,96,57,VIBRATING,Good
29.8,98.94197241357014,95,76,STABLE,Good
24.7,95.85747790618505,3442,398,STABLE,Unhealthy
29.7,94.53144438403373,66,78,VIBRATING,Moderate
24.6,93.63244725462675,316,1012,STABLE,Moderate
28.8,97.82458775086556,736,782,STABLE,Unhealthy for Sensitive Groups
30.6,99.01917127462461,795,2538,VIBRATING,Unhealthy
26.8,98.12015906613804,1002,1023,STABLE,Unhealthy for Sensitive Groups
29.8,98.75852956734019,3975,3965,STABLE,Unhealthy
28.2,97.78592135116456,87,87,STABLE,Unhealthy
26.7,95.22344740653783,3671,3352,STABLE,Unhealthy
26.8,99.44710136840706,239,236,STABLE,Good
29.19948548,96.83135623929752,47,92,STABLE,Unhealthy
31.4,97.24918331149985,970,746,STABLE,Unhealthy for Sensitive Groups
28.22645524,98.06626031691447,86,76,VIBRATING,Unhealthy for Sensitive Groups
28.45762396,97.18069942927993,86,86,STABLE,Unhealthy for Sensitive Groups
25.4,97.83210918133867,1581,901,VIBRATING,Unhealthy for Sensitive Groups
29.8,96.9782364582512,1195,1761,STABLE,Unhealthy for Sensitive Groups
28.2,94.84248228826235,92,71,VIBRATING,Moderate
28.84034829,95.8561847110156,54,96,VIBRATING,Good
33.86857529015829,99.74975246880605,4095,4095,VIBRATING,Unhealthy
32.5,98.6144045713106,856,522,STABLE,Moderate
30.4,98.99735652498228,765,1001,STABLE,Moderate
29.0,97.90571283285418,1332,1685,STABLE,Unhealthy for Sensitive Groups
30.1,97.10463654169772,1164,1536,STABLE,Unhealthy for Sensitive Groups
30.1,98.50708907649097,67,81,STABLE,Moderate
29.9,97.67236192156197,356,1113,STABLE,Moderate
30.5,97.91893450934887,471,1199,STABLE,Moderate
30.8,96.71894012991396,495,548,STABLE,Moderate
25.2,99.63839201778485,514,2729,STABLE,Unhealthy
28.3,94.80020148774103,86,84,STABLE,Unhealthy for Sensitive Groups
28.29276446,98.56090810361236,86,77,VIBRATING,Unhealthy for Sensitive Groups
33.4,98.05622188681494,100,60,STABLE,Good
28.34424099,95.90398105328849,86,75,STABLE,Unhealthy
28.9,96.6171761291612,633,853,STABLE,Moderate
31.5,93.53054427042835,3506,786,STABLE,Unhealthy
30.5,97.96757765640838,3718,1708,STABLE,Unhealthy
29.0,94.23348151228494,1096,705,VIBRATING,Unhealthy for Sensitive Groups
30.0,99.42052072149421,468,773,STABLE,Moderate
28.5,97.4216089624976,86,81,STABLE,Unhealthy
28.5,95.82388057326033,207,39,STABLE,Good
28.3,97.90428785331022,85,76,VIBRATING,Unhealthy
25.6,97.83001613139986,193,42,VIBRATING,Good
27.5,95.06965085423288,3427,136,STABLE,Unhealthy
32.6,98.12126643921466,137,164,STABLE,Good
29.5,98.0739113208597,2742,3814,STABLE,Unhealthy
28.2,96.65381258293232,3209,3692,STABLE,Unhealthy
28.9,96.78984158310904,2095,158,STABLE,Unhealthy
30.8,97.04252114648041,694,342,STABLE,Moderate
32.4,98.12353443766725,3879,3316,STABLE,Unhealthy
25.6,93.5992720292766,66,89,VIBRATING,Good
29.7,97.51345766839952,67,78,STABLE,Unhealthy
25.0,94.62217090530153,118,2750,STABLE,Unhealthy
32.6,95.80280668384748,740,252,VIBRATING,Moderate
30.4,98.55992254832762,2401,2693,STABLE,Unhealthy
29.09548993,97.91290643595164,46,90,STABLE,Unhealthy
30.3,96.30357662182526,2476,2553,STABLE,Unhealthy
28.9,97.38308032344199,684,1002,STABLE,Moderate
24.1,96.99018693054452,3717,518,STABLE,Unhealthy
26.0,97.25526009881605,1642,1045,STABLE,Unhealthy for Sensitive Groups
31.7,94.48655139401997,890,1280,STABLE,Unhealthy for Sensitive Groups
30.4,96.94255164952317,265,1013,STABLE,Moderate
28.1,98.49017967693342,83,78,STABLE,Moderate
28.9,96.3560214460381,106,92,STABLE,Moderate
26.90736656,98.25262495996017,150,4095,STABLE,Unhealthy
30.8,98.44870433094619,3818,3783,VIBRATING,Unhealthy
33.8,97.66221162982107,613,2061,STABLE,Unhealthy
26.738607083363693,99.18379967805933,498,2940,STABLE,Unhealthy
33.2,96.37841646438359,980,3046,STABLE,Unhealthy
27.3,96.23637514204476,140,52,STABLE,Good
32.9,98.41898379465505,3908,734,STABLE,Unhealthy
25.6,94.0246124673467,1297,1643,STABLE,Unhealthy for Sensitive Groups
32.4,95.12504580113061,262,3329,STABLE,Unhealthy
25.2,98.63305129673228,4066,283,VIBRATING,Unhealthy
28.5,98.69177541253977,50,109,STABLE,Moderate
28.34181039,99.18536738284337,71,4095,STABLE,Unhealthy
29.0,97.47436528418538,46,87,STABLE,Unhealthy for Sensitive Groups
27.3,94.90878531326119,1747,1613,STABLE,Unhealthy for Sensitive Groups
33.8,98.31105143237401,3847,757,STABLE,Unhealthy
25.0,96.29765648745982,104,54,STABLE,Good
28.8,98.3564925624315,756,383,STABLE,Moderate
27.1,97.41686971167411,796,778,STABLE,Unhealthy for Sensitive Groups
27.4,98.75748322302385,1671,940,STABLE,Unhealthy for Sensitive Groups
29.7,94.91149733671647,95,76,STABLE,Good
30.6,94.45098100847132,693,264,STABLE,Moderate
31.9,93.85296171014012,3872,3019,STABLE,Unhealthy
24.3,92.76930209646986,170,2539,STABLE,Unhealthy
26.1,99.3681603004096,623,497,STABLE,Moderate
29.9,95.90553786028914,68,179,STABLE,Good
24.49147107,99.04209748288196,76,96,VIBRATING,Good
25.9,97.79273390231539,73,86,STABLE,Good
29.62207734717819,97.96994457760228,242,2768,STABLE,Unhealthy
28.9,93.94922881984498,57,86,STABLE,Moderate
31.102900927240455,96.22246695867959,4095,4095,STABLE,Unhealthy
33.7,98.85082467155709,3512,547,STABLE,Unhealthy
27.5,95.6884235774679,723,1798,STABLE,Unhealthy for Sensitive Groups
26.73633557,97.32284868382851,152,4095,STABLE,Unhealthy
32.8,95.59495672356665,795,695,STABLE,Moderate
26.9,94.8808737016062,919,907,STABLE,Unhealthy for Sensitive Groups
29.3,97.73916720410072,593,605,STABLE,Moderate
26.8,99.36223069458248,2655,106,STABLE,Unhealthy
33.7,97.05748314740798,1245,1258,STABLE,Unhealthy for Sensitive Groups
31.9,97.2543662987631,634,775,STABLE,Moderate
33.7,97.79988553419977,1161,1526,STABLE,Unhealthy for Sensitive Groups
28.8,96.87603877132727,730,357,STABLE,Moderate
25.9,96.07552685696002,73,86,STABLE,Good
31.0,96.7681500127681,1074,1501,STABLE,Unhealthy for Sensitive Groups
28.31353912,95.39469686525975,85,77,STABLE,Unhealthy for Sensitive Groups
29.5,98.53109816999539,1359,1115,STABLE,Unhealthy for Sensitive Groups
33.5,98.16642542381067,2128,269,STABLE,Unhealthy
24.3,95.6500288198037,360,612,STABLE,Moderate
28.8,97.64718831221585,995,86,STABLE,Moderate
29.05141185,98.5715051355523,47,90,STABLE,Unhealthy
27.0,99.41337268104375,671,4038,STABLE,Unhealthy
29.49869394,96.9265190496424,55,93,STABLE,Unhealthy
28.23463327,97.69344121100121,86,83,STABLE,Unhealthy
33.5,98.52096923986215,588,3971,STABLE,Unhealthy
31.3,98.42031986396827,769,2849,STABLE,Unhealthy
27.6,97.12931179726709,58,161,STABLE,Good
29.03609133,96.62928782780753,47,90,STABLE,Unhealthy
29.4,96.39705131063134,329,1185,STABLE,Moderate
25.75251524,97.13876902688594,66,89,STABLE,Good
24.8,97.17931765047561,3956,328,VIBRATING,Unhealthy
29.2,97.43593652643446,2143,710,STABLE,Unhealthy
28.33748292712032,99.6644045067729,4095,4095,STABLE,Unhealthy
29.2,97.45566251773367,194,81,STABLE,Moderate
28.36766549,94.41977840778212,83,81,STABLE,Unhealthy
24.3,94.71018318833876,1688,1051,STABLE,Unhealthy for Sensitive Groups
33.2,98.08802049373263,350,3370,STABLE,Unhealthy
28.8,96.60624698016186,3806,2058,STABLE,Unhealthy
32.7,93.78909332046247,90,59,STABLE,Good
30.5,92.8721203842175,169,2416,STABLE,Unhealthy
27.1,95.06368887260476,3056,3117,STABLE,Unhealthy
32.1,96.90162517903752,1883,2221,STABLE,Unhealthy
33.2,99.17227797159374,1771,1113,STABLE,Unhealthy for Sensitive Groups
30.7,94.21589338152401,864,395,STABLE,Moderate
30.3,94.77691753139739,480,897,STABLE,Moderate
24.7,98.16935798303574,678,778,STABLE,Moderate
28.5,96.37931926926328,104,89,STABLE,Moderate
29.10066631,96.68159271004338,47,92,STABLE,Unhealthy
25.2,99.41309542399162,150,2485,STABLE,Unhealthy
27.4,97.5819744132403,565,2033,STABLE,Unhealthy
29.1,97.59115168666688,47,93,STABLE,Unhealthy
28.31806739,97.13544978559453,55,135,VIBRATING,Unhealthy for Sensitive Groups
24.7,97.64248430546178,299,746,STABLE,Moderate
26.1,93.72631912319758,825,1834,STABLE,Unhealthy for Sensitive Groups
25.6,96.46287861959435,72,85,STABLE,Good
26.7,98.02371008724442,1326,818,STABLE,Unhealthy for Sensitive Groups
24.4,95.32196678525183,237,119,STABLE,Good
28.7,96.23324633616336,3921,516,STABLE,Unhealthy
25.7,98.51061839695531,72,91,STABLE,Good
25.5,96.17792027745405,287,257,STABLE,Moderate
32.94407626,94.76811538549646,92,59,STABLE,Good
26.4,94.10579235852653,43,92,STABLE,Good
32.5,99.08967145919863,3790,573,STABLE,Unhealthy
28.0,97.76924879908475,1240,875,STABLE,Unhealthy for Sensitive Groups
27.7,98.11443332682786,4082,79,STABLE,Unhealthy
26.8,96.81246766855222,2947,3637,STABLE,Unhealthy
32.5,95.46562612118404,200,55,STABLE,Good
25.7,96.65880225056533,974,1108,STABLE,Unhealthy for Sensitive Groups
28.40443767,97.17628599103381,86,83,STABLE,Unhealthy for Sensitive Groups
33.9,94.56635332548477,135,121,STABLE,Good
32.7,97.01817359586477,1435,1832,STABLE,Unhealthy for Sensitive Groups
28.5,97.03590875951802,639,1060,STABLE,Moderate
28.7,98.35794213574788,3043,259,STABLE,Unhealthy
29.0,98.15867592157889,645,3534,STABLE,Unhealthy
25.0,95.28098410235366,485,593,STABLE,Moderate
28.4,97.04405319809017,85,81,STABLE,Unhealthy
24.9,94.60307571738852,540,626,STABLE,Moderate
30.02671011,94.7043810608692,84,125,STABLE,Unhealthy
30.9,96.97637641222305,3796,3325,STABLE,Unhealthy
28.4,97.78586669836596,86,83,STABLE,Unhealthy for Sensitive Groups
25.5,98.77721433994184,717,827,STABLE,Unhealthy for Sensitive Groups
27.3,95.7048237044833,120,146,STABLE,Good
26.5,96.41241515263737,553,1072,STABLE,Moderate
24.6,98.90230630911748,1251,1495,STABLE,Unhealthy for Sensitive Groups
33.1,97.91029851675106,96,59,VIBRATING,Good
28.4,95.45468734420353,116,32,STABLE,Good
29.3,96.47236763624122,1845,905,STABLE,Unhealthy
33.5,96.6048017789311,233,154,STABLE,Good
28.0,98.35430504807339,139,88,STABLE,Good
25.9,98.40809500851505,739,846,STABLE,Moderate
29.5,97.40824890405968,1244,1899,STABLE,Unhealthy for Sensitive Groups
29.4,97.26144759521128,1809,284,STABLE,Unhealthy
29.0,99.08170484580977,131,219,STABLE,Good
29.8,96.50481621726848,322,457,STABLE,Moderate
25.9,98.60613104230526,78,137,STABLE,Good
28.3,98.00261751567443,324,630,STABLE,Moderate
29.20699316,97.73441542732087,46,92,VIBRATING,Unhealthy
30.2,93.71338594956633,70,114,STABLE,Unhealthy for Sensitive Groups
28.4,98.67533446021034,86,82,STABLE,Unhealthy for Sensitive Groups
28.2,97.8979374435867,4033,2943,STABLE,Unhealthy
28.3,98.64085932603918,1544,1261,STABLE,Unhealthy for Sensitive Groups
29.8,96.0963255475881,926,892,STABLE,Unhealthy for Sensitive Groups
24.1,99.02819043922874,755,486,STABLE,Moderate
29.9,94.19249219148696,66,79,VIBRATING,Moderate
32.4,95.97513381148741,634,3037,STABLE,Unhealthy
25.6,97.55291193174918,1369,1156,STABLE,Unhealthy for Sensitive Groups
29.53230964,95.72181434709161,62,82,STABLE,Unhealthy
26.7,97.50491023238592,290,435,STABLE,Moderate
26.7,96.34127628103757,39,162,STABLE,Good
30.9,97.14862417374827,2077,3570,STABLE,Unhealthy
26.6,97.39348474538889,981,1561,STABLE,Unhealthy for Sensitive Groups
28.6,97.7055043766476,86,83,STABLE,Unhealthy for Sensitive Groups
26.6,99.0651655583947,64,94,STABLE,Good
29.1,96.12105266767969,306,1185,VIBRATING,Moderate
27.0,98.37741757865703,851,1437,STABLE,Unhealthy for Sensitive Groups
26.5,96.70019661151595,893,3200,STABLE,Unhealthy
32.2,96.27411315338932,62,2400,STABLE,Unhealthy
27.9,98.04052533363176,2486,922,STABLE,Unhealthy
31.2,97.951610059734,3754,3906,STABLE,Unhealthy
26.1,95.70576865117863,3999,602,STABLE,Unhealthy
25.2,98.1571500096413,237,224,STABLE,Good
30.2,93.79173849165214,1531,1821,STABLE,Unhealthy for Sensitive Groups
26.44858825,99.03379056909142,443,93,VIBRATING,Good
27.1,98.70478251760701,1681,1760,STABLE,Unhealthy for Sensitive Groups
33.7,98.70126764005602,158,38,STABLE,Good
24.1,94.6226976927901,734,3968,VIBRATING,Unhealthy
30.05317682,93.91422942121757,77,187,VIBRATING,Unhealthy
34.0,94.23913787926492,679,364,STABLE,Moderate
32.05995178670199,98.6481085685736,4095,433,STABLE,Unhealthy
24.1,96.76412435113475,3677,3939,STABLE,Unhealthy
28.66612192,97.21442683696081,86,78,STABLE,Unhealthy
28.52922819,93.04033965551005,86,84,STABLE,Unhealthy for Sensitive Groups
29.6,97.51835438703628,71,73,STABLE,Moderate
26.399317936952052,99.87554078104684,4095,920,STABLE,Unhealthy
30.6,99.43377895824003,771,456,STABLE,Moderate
28.24401944,95.00528423506776,86,81,STABLE,Unhealthy for Sensitive Groups
29.0,96.1036530069192,99,39,VIBRATING,Good
25.5,97.04865558740606,326,621,STABLE,Moderate
33.4,98.77325380364144,806,3221,STABLE,Unhealthy
25.5,97.48622437186538,340,1172,STABLE,Moderate
30.1,98.32723636538431,1715,1538,STABLE,Unhealthy for Sensitive Groups
32.9,96.9501645841871,2395,404,VIBRATING,Unhealthy
28.0,97.08777299964257,2520,3660,STABLE,Unhealthy
29.04646419,96.9913785878925,46,87,VIBRATING,Unhealthy
28.1,95.19676917017514,2960,980,STABLE,Unhealthy
28.7,95.03243257694743,3405,3928,STABLE,Unhealthy
24.4,96.58212198436888,71,176,STABLE,Good
27.7,99.36291550281724,1784,1553,STABLE,Unhealthy for Sensitive Groups
28.5,97.81707527245969,1462,772,STABLE,Unhealthy for Sensitive Groups
26.2,98.66288013946638,246,97,STABLE,Good
24.5,93.83015970920471,1693,1144,STABLE,Unhealthy for Sensitive Groups
33.1,97.72972445861637,1506,1972,STABLE,Unhealthy for Sensitive Groups
27.3,98.8586200479464,931,1296,STABLE,Unhealthy for Sensitive Groups
29.5,96.41309657918904,1844,602,STABLE,Unhealthy
29.9,97.81303817278729,971,904,STABLE,Unhealthy for Sensitive Groups
24.9,98.53476246662937,393,2919,STABLE,Unhealthy
25.9,97.9497119675998,72,85,STABLE,Good
26.1,99.00110631047593,1453,983,STABLE,Unhealthy for Sensitive Groups
26.3,96.31421288469555,758,1560,STABLE,Unhealthy for Sensitive Groups
29.9,93.9370961975096,567,2467,STABLE,Unhealthy
27.9,98.15897998885083,90,61,VIBRATING,Moderate
33.0,94.62301368725879,442,370,STABLE,Moderate
29.0,97.82052434939439,143,65,STABLE,Good
24.2,97.7994654839625,823,1767,STABLE,Unhealthy for Sensitive Groups
28.33620148,97.62553322635432,85,75,STABLE,Unhealthy
28.4,96.50877752786218,77,71,STABLE,Moderate
26.3,96.44917076127355,70,93,VIBRATING,Good
34.1,98.81321892289584,97,59,STABLE,Good
31.6,97.95374742618652,87,60,STABLE,Good
26.3,93.88700095281581,1146,1298,STABLE,Unhealthy for Sensitive Groups
28.30839372,99.16911261485802,86,81,STABLE,Unhealthy for Sensitive Groups
28.9,96.42129523682617,86,99,STABLE,Moderate
24.8,97.14908817766275,723,937,STABLE,Moderate
26.3,97.22883771948246,75,87,STABLE,Good
33.8,99.20490858253805,1413,1563,STABLE,Unhealthy for Sensitive Groups
24.4,96.16431924179682,1404,1255,STABLE,Unhealthy for Sensitive Groups
32.1,95.55363420352086,825,3886,STABLE,Unhealthy
24.7,98.61774464675881,373,458,STABLE,Moderate
24.5,97.91946873239955,272,865,STABLE,Moderate
28.8,96.86681774456852,2471,3218,VIBRATING,Unhealthy
30.2,94.6696407098447,96,57,STABLE,Good
32.4,97.2455116966692,232,51,STABLE,Good
27.7,95.21345771840275,1992,453,STABLE,Unhealthy
25.2,98.24154071125767,2257,2435,STABLE,Unhealthy
33.4,98.53734126547498,98,59,STABLE,Good
28.1936891,98.97137189519444,86,80,STABLE,Unhealthy for Sensitive Groups
29.9,97.21643047593376,73,76,STABLE,Unhealthy
24.4,98.47646251911479,72,94,VIBRATING,Good
31.5,98.55736981422982,2418,2944,STABLE,Unhealthy
28.7,99.24289463362,2601,533,STABLE,Unhealthy
28.3646348,94.85615449123385,86,78,STABLE,Unhealthy for Sensitive Groups
27.06918409,99.24400165276444,148,4095,VIBRATING,Unhealthy
26.0,97.51024055353683,73,86,STABLE,Good
30.2,95.3591512018301,275,637,VIBRATING,Moderate
29.7,96.74245991121606,2476,180,STABLE,Unhealthy
25.0,98.08817317201361,331,343,STABLE,Moderate
30.7,96.23191635838387,155,248,STABLE,Good
25.9,96.60343866971856,1864,3120,STABLE,Unhealthy
27.4,96.82476647085528,184,45,STABLE,Good
30.8,97.79671126252975,960,923,STABLE,Unhealthy for Sensitive Groups
29.0,99.36089227262526,125,147,STABLE,Good
24.5,95.6135092167316,1788,1040,STABLE,Unhealthy for Sensitive Groups
28.8,95.71256340657318,84,70,STABLE,Moderate
28.98226006,98.79177242034456,95,82,STABLE,Good
28.5,98.25199880763557,472,3852,STABLE,Unhealthy
31.5,96.72978521273598,787,2607,STABLE,Unhealthy
29.0,98.85870697600993,746,598,STABLE,Moderate
33.2,95.20532874637945,200,118,STABLE,Good
24.8,97.24295644362162,122,195,STABLE,Good
28.98170249,97.4112848389476,75,79,STABLE,Unhealthy
25.0,93.3925830309146,757,1197,STABLE,Unhealthy for Sensitive Groups
27.0,99.32685585646351,641,482,STABLE,Moderate
32.16121168082387,98.37363944440186,2688,606,VIBRATING,Unhealthy
31.8,98.03787535545165,457,388,STABLE,Moderate
27.5,99.00717001836756,705,411,STABLE,Moderate
25.98920466,97.04993253204518,72,84,VIBRATING,Good
26.5,96.26937745022735,862,475,STABLE,Moderate
29.1,96.85554051161834,1686,1235,STABLE,Unhealthy for Sensitive Groups
27.4,96.65306132215694,380,1097,STABLE,Moderate
31.479200802014912,99.18139425896365,4095,428,STABLE,Unhealthy
28.2,98.85161413093975,87,81,STABLE,Unhealthy for Sensitive Groups
32.5,98.54621438045788,2684,593,STABLE,Unhealthy
28.1,97.8979547986406,1090,1786,STABLE,Unhealthy for Sensitive Groups
24.5,98.49185172224564,82,2477,STABLE,Unhealthy
33.4,98.04327653854294,244,167,STABLE,Good
32.9,97.72857958569443,3662,3834,STABLE,Unhealthy
32.1,95.2479481062105,3714,2343,STABLE,Unhealthy
26.6,96.94819192311135,62,211,STABLE,Good
27.4,96.7332575167226,86,70,STABLE,Moderate
28.6,96.93746009086618,167,115,STABLE,Good
28.2,97.51017773822956,770,970,STABLE,Moderate
29.1,97.09991669081357,635,787,STABLE,Moderate
25.8,98.2292106970297,393,792,STABLE,Moderate
27.9,97.88033516879868,646,954,STABLE,Moderate
30.0,97.10072377982655,130,163,STABLE,Good
31.0,94.31006969242064,1182,1435,STABLE,Unhealthy for Sensitive Groups
24.4,94.31083964195805,1407,1925,STABLE,Unhealthy for Sensitive Groups
32.0,96.47598848600518,751,1366,STABLE,Unhealthy for Sensitive Groups
31.1,93.27158383368797,91,60,STABLE,Good
24.4,99.4902365456769,794,3410,STABLE,Unhealthy
28.58647163,98.31694659941599,86,83,STABLE,Unhealthy for Sensitive Groups
29.3,97.8802316421852,99,84,STABLE,Moderate
29.3,98.72887790953617,3391,2277,STABLE,Unhealthy
27.7,97.2133124892255,918,795,STABLE,Unhealthy for Sensitive Groups
26.7,98.78513230691773,833,346,STABLE,Moderate
29.2,96.49801433047931,359,909,STABLE,Moderate
24.956765156137127,96.44614717587474,770,4095,VIBRATING,Unhealthy
27.5,97.32749463871609,3996,4014,STABLE,Unhealthy
30.2,98.14526441842918,561,912,STABLE,Moderate
30.2,98.59363869529828,634,1008,STABLE,Moderate
33.2,97.88925655034055,71,55,STABLE,Good
28.793364,92.20593138536341,67,89,STABLE,Unhealthy
29.4,99.37913179430352,3077,3108,STABLE,Unhealthy
27.9,98.80474856079168,88,79,STABLE,Moderate
33.1,98.35229559957979,1175,1945,STABLE,Unhealthy for Sensitive Groups
28.0,96.76888381061056,140,99,STABLE,Good
30.27744599,97.66492074500431,71,111,VIBRATING,Unhealthy for Sensitive Groups
33.4,94.47673754277865,2677,830,STABLE,Unhealthy
29.6,97.73519464259928,69,87,STABLE,Moderate
25.1,99.43677934035597,678,3856,STABLE,Unhealthy
32.8,98.44623804703696,488,770,STABLE,Moderate
31.883680136605406,96.64148458071871,3954,144,STABLE,Unhealthy
29.0,97.11852097520281,1880,95,STABLE,Unhealthy
27.9,96.9909418153598,1449,1781,STABLE,Unhealthy for Sensitive Groups
29.01435424,96.48796940148068,47,90,STABLE,Unhealthy
27.9,99.311110122344,653,1066,STABLE,Moderate
29.0,98.5641898234689,39,67,STABLE,Moderate
27.6,95.19475320756307,1679,915,STABLE,Unhealthy for Sensitive Groups
28.5,96.8296591492227,86,73,STABLE,Moderate
30.1,99.06480566177427,67,84,VIBRATING,Moderate
29.7,98.69284954905082,95,77,STABLE,Good
30.1,98.43716073622124,71,98,STABLE,Moderate
32.8,96.25372918680813,512,647,STABLE,Moderate
28.382733241988603,96.0369097275444,62,3534,STABLE,Unhealthy
31.9,98.39446500018093,2084,393,STABLE,Unhealthy
25.8,94.25901575387526,3084,802,STABLE,Unhealthy
32.3,95.81799230176787,84,104,STABLE,Good
24.4,96.74057025789196,209,86,STABLE,Good
27.2,98.6083558002937,871,729,STABLE,Moderate
31.1,99.3711056497724,895,2688,STABLE,Unhealthy
27.4,93.49097067332382,919,3090,STABLE,Unhealthy
30.9,99.40217443678894,407,348,STABLE,Moderate
28.0,96.87315280005258,303,419,STABLE,Moderate
30.5,97.00544044605039,1595,1118,VIBRATING,Unhealthy for Sensitive Groups
28.5,95.32257305753554,1051,1673,STABLE,Unhealthy for Sensitive Groups
33.1,96.52029481653538,2836,3130,STABLE,Unhealthy
26.3,97.3078647061493,508,438,STABLE,Moderate
27.6,94.11261102026538,615,3451,STABLE,Unhealthy
31.0,98.2886556452251,705,1840,STABLE,Unhealthy for Sensitive Groups
27.411515973749104,96.79936823502443,199,4095,STABLE,Unhealthy
24.9,98.65319663470115,3069,2287,STABLE,Unhealthy
31.5,98.25592378432084,179,91,STABLE,Good
29.4,97.97546427498322,3752,1924,STABLE,Unhealthy
28.1,95.95886886709782,3777,4022,STABLE,Unhealthy
31.2,97.68377583167796,150,248,STABLE,Good
27.4,98.89277471608703,83,72,VIBRATING,Moderate
29.0,97.08708105777777,3779,609,STABLE,Unhealthy
28.9,94.85876266875992,56,83,STABLE,Moderate
28.1,97.55130080096703,1021,982,STABLE,Unhealthy for Sensitive Groups
33.9,96.71988162221712,1739,1660,STABLE,Unhealthy for Sensitive Groups
31.5,96.34020769501487,3145,905,STABLE,Unhealthy
30.6,94.47770591353684,336,1187,STABLE,Moderate
33.8,98.68242218004616,296,1195,STABLE,Moderate
26.9,97.03001832190868,797,1023,STABLE,Moderate
29.7,95.69825207381304,494,2344,STABLE,Unhealthy
26.6,98.07524549752644,64,95,STABLE,Good
25.0,99.03387579272552,1584,1320,STABLE,Unhealthy for Sensitive Groups
30.3,96.3434641063152,314,2126,STABLE,Unhealthy
28.8,98.54038310108425,760,759,STABLE,Moderate
28.5,92.72951571827188,96,37,VIBRATING,Good
30.0,96.6441156425109,157,182,STABLE,Good
26.6,98.36484133448825,1324,1296,STABLE,Unhealthy for Sensitive Groups
28.3639514,95.76690642659432,52,116,STABLE,Unhealthy for Sensitive Groups
27.0,99.27061906667454,152,82,STABLE,Good
33.1,97.96631776958938,230,155,STABLE,Good
28.2,99.06244522136952,176,96,VIBRATING,Moderate
30.4,97.28819721904776,239,238,STABLE,Good
28.5,96.65391732983842,43,76,VIBRATING,Moderate
27.1,99.02564862249545,548,1055,STABLE,Moderate
32.2,97.02443201462262,971,737,STABLE,Unhealthy for Sensitive Groups
28.9,98.13484853806875,68,89,STABLE,Good
32.7,98.40684020948193,2960,579,STABLE,Unhealthy
25.7,99.26489108337793,679,2838,STABLE,Unhealthy
31.8,97.42630557523701,413,443,STABLE,Moderate
30.9,96.04485261309719,80,129,STABLE,Good
27.2,95.41345545063488,1735,1011,STABLE,Unhealthy for Sensitive Groups
31.5,99.17186010593153,3923,668,STABLE,Unhealthy
28.4,96.7995827677896,87,84,STABLE,Unhealthy for Sensitive Groups
26.0,97.0997746997975,44,30,STABLE,Good
28.49767252,96.35372624811966,85,81,STABLE,Unhealthy
28.29991094,97.75552410168211,87,81,STABLE,Unhealthy
32.7,97.02998724925575,510,1042,STABLE,Moderate
24.093709309002467,98.72547807089886,4095,909,STABLE,Unhealthy
33.2,98.63987503949957,877,579,STABLE,Moderate
33.9,97.09517297079206,1111,1383,STABLE,Unhealthy for Sensitive Groups
29.3,98.06080294109901,180,3485,STABLE,Unhealthy
27.8,96.00547342906732,833,3464,VIBRATING,Unhealthy
24.5,97.8464519625924,1445,1440,STABLE,Unhealthy for Sensitive Groups
28.6,97.12608397200849,189,242,STABLE,Good
24.3,98.95605676598954,231,185,STABLE,Good
31.7,96.0392054376308,1392,1977,VIBRATING,Unhealthy for Sensitive Groups
25.2,95.67361594871088,772,2805,STABLE,Unhealthy
26.9,95.47437690284934,45,94,STABLE,Good
25.7,94.28743898781194,817,3222,STABLE,Unhealthy
28.1,98.43529163479377,88,74,VIBRATING,Moderate
32.5,96.99220608990686,891,1669,STABLE,Unhealthy for Sensitive Groups
24.1,96.0807214586566,3963,566,STABLE,Unhealthy
29.14003005,96.34330201674081,47,90,VIBRATING,Unhealthy
33.2,98.22383939977631,721,342,STABLE,Moderate
27.7,98.56156968628086,219,119,VIBRATING,Good
27.6,95.45870261652829,1710,1342,STABLE,Unhealthy for Sensitive Groups
33.9,97.32608171667829,202,44,STABLE,Good
31.1,95.86081266422015,1517,1423,STABLE,Unhealthy for Sensitive Groups
29.1,97.62373275592206,171,95,STABLE,Moderate
24.7,96.50956816112767,60,106,STABLE,Good
33.4,94.65739168940955,3554,3334,STABLE,Unhealthy
26.7,97.48917567839166,194,56,STABLE,Good
28.23390571,97.66741322306311,86,83,STABLE,Unhealthy for Sensitive Groups
29.8,98.83704293028046,3797,589,STABLE,Unhealthy
33.1,96.9905899995377,85,214,STABLE,Good
29.5,93.3741349523116,66,193,STABLE,Good
28.4,96.1074277645485,170,94,STABLE,Moderate
34.1,94.84057968954303,97,60,STABLE,Good
28.8,95.32946888429375,104,82,VIBRATING,Moderate
29.04809038,97.31501709939504,47,91,STABLE,Unhealthy
28.2,97.23702249564056,65,54,STABLE,Good
33.8,97.76216698687104,1186,1095,STABLE,Unhealthy for Sensitive Groups
26.2,99.16393231387242,63,94,STABLE,Good
27.0,96.99835557427166,155,84,STABLE,Good
28.9,99.13834611314806,301,480,STABLE,Moderate
27.3,96.26239583851685,701,650,STABLE,Moderate
28.83764634,99.19224393458983,54,96,STABLE,Good
31.4,97.6222762369898,86,60,STABLE,Good
24.3,94.22416583261968,165,2552,STABLE,Unhealthy
26.8,99.00996505903434,896,956,STABLE,Unhealthy for Sensitive Groups
28.6,98.4260715658444,1272,1931,STABLE,Unhealthy for Sensitive Groups
24.3,94.18943077880981,1639,1123,STABLE,Unhealthy for Sensitive Groups
28.14797924,99.30405489905439,87,83,VIBRATING,Unhealthy for Sensitive Groups
27.936535268250093,97.64415070831173,828,4095,STABLE,Unhealthy
26.9,97.46083109454578,196,239,STABLE,Good
26.70493055,91.70316007637328,155,4095,STABLE,Unhealthy
31.2,96.53568707669493,95,217,STABLE,Good
25.6,98.24323032826261,1437,1747,STABLE,Unhealthy for Sensitive Groups
33.0,99.23415838136974,349,802,STABLE,Moderate
28.3,95.8118665910399,4075,2191,STABLE,Unhealthy
24.88434397,96.7314336937704,74,93,STABLE,Good
26.73398026,97.04854985648005,44,92,STABLE,Good
26.3,95.62703812291895,625,1086,STABLE,Moderate
28.4,96.85465481882714,75,71,VIBRATING,Moderate
28.3,97.04345824000022,185,84,VIBRATING,Moderate
24.9,96.34630249831949,3759,1089,STABLE,Unhealthy
28.52735823,97.65278052804143,86,83,VIBRATING,Unhealthy for Sensitive Groups
30.2,96.59277126560872,1476,1808,STABLE,Unhealthy for Sensitive Groups
28.48683011,95.49689583021501,86,78,STABLE,Unhealthy
28.8,98.47910148396728,1730,1878,STABLE,Unhealthy for Sensitive Groups
31.5,97.57216992649076,3421,939,STABLE,Unhealthy
30.5,98.49554378392251,557,656,STABLE,Moderate
28.5,95.86695521913589,81,77,STABLE,Moderate
30.8,96.0161752029356,147,210,STABLE,Good
30.3,97.87216953198588,68,84,STABLE,Moderate
28.4,98.10588485006072,836,1075,STABLE,Moderate
32.2,98.43112302229528,174,46,STABLE,Good
33.3,97.15340388592105,702,779,STABLE,Unhealthy for Sensitive Groups
28.4,97.37635250525594,72,2800,STABLE,Unhealthy
28.6,95.74958322527033,184,81,STABLE,Moderate
31.4,97.92174561049345,162,86,STABLE,Good
26.7,96.57868273745656,2869,683,STABLE,Unhealthy
28.2,98.80016147340841,228,69,STABLE,Good
33.4,97.1650330655675,3964,116,STABLE,Unhealthy
29.2,93.82451665587476,38,76,STABLE,Moderate
28.63788216,98.67512677644693,86,83,STABLE,Unhealthy for Sensitive Groups
28.51720591,97.32121467597285,86,81,STABLE,Unhealthy
26.6,96.77945333049064,105,219,STABLE,Good
25.2,96.09259971928593,452,989,STABLE,Moderate
27.3,97.22393161733262,3663,3562,STABLE,Unhealthy
27.5,99.59207375929485,1796,891,STABLE,Unhealthy for Sensitive Groups
28.24483905,98.66596409254855,85,82,STABLE,Unhealthy
25.7,96.3794489907816,153,135,STABLE,Good
30.3,96.38159050359448,2148,295,STABLE,Unhealthy
29.1,97.00740588093493,199,91,VIBRATING,Moderate
28.7,94.56979868960062,172,226,STABLE,Good
24.3,96.65764012630869,156,203,VIBRATING,Good
30.7,98.84691396885091,529,855,VIBRATING,Moderate
24.3,99.23792412419225,2163,3494,STABLE,Unhealthy
29.0,95.71753986824591,46,86,STABLE,Unhealthy for Sensitive Groups
24.2,99.63647331649423,84,3607,STABLE,Unhealthy
28.5,96.6813579863078,358,2689,STABLE,Unhealthy
31.6,98.42714223236013,1414,1316,STABLE,Unhealthy for Sensitive Groups
29.7,98.70339027943425,606,477,STABLE,Moderate
25.4,99.28014705691808,203,230,STABLE,Good
24.6,99.38932399268425,137,181,STABLE,Good
27.6,97.08263385642678,3783,3898,STABLE,Unhealthy
28.3,99.12552914668208,82,76,STABLE,Moderate
31.8,97.54430864730918,87,59,STABLE,Good
28.183813522462287,97.49951941344007,639,3210,STABLE,Unhealthy
28.60562103,95.73987339718272,86,82,STABLE,Unhealthy for Sensitive Groups
28.2,97.62962899956506,777,3913,STABLE,Unhealthy
33.6,94.91668661984694,405,1059,STABLE,Moderate
31.3,94.13218600171041,1144,1412,STABLE,Unhealthy for Sensitive Groups
30.3,95.29765346388457,593,4020,STABLE,Unhealthy
32.4,95.37346671816881,3191,668,STABLE,Unhealthy
27.7,99.23520034358178,693,362,STABLE,Moderate
27.4,97.13399994988421,85,76,STABLE,Moderate
32.1,95.26378686825561,181,240,STABLE,Good
26.9,94.47356482569819,905,751,STABLE,Unhealthy for Sensitive Groups
32.25965614131556,99.54450320797686,3326,488,STABLE,Unhealthy
28.3,97.99536389122773,84,70,STABLE,Moderate
30.0,96.18626077746354,1558,1295,STABLE,Unhealthy for Sensitive Groups
32.7,97.5976834010474,3627,257,STABLE,Unhealthy
29.9,96.85266026563262,3799,2659,STABLE,Unhealthy
29.00012318,95.39303915732086,47,89,STABLE,Unhealthy
26.7,98.67924113924882,652,4040,STABLE,Unhealthy
28.3,95.7775532506289,3615,832,STABLE,Unhealthy
29.5,98.3726509368898,598,3871,STABLE,Unhealthy
29.8,95.87333189143894,1035,1950,VIBRATING,Unhealthy for Sensitive Groups
24.5,96.62000734136535,904,3474,STABLE,Unhealthy
33.8,97.9280133073788,3523,1393,STABLE,Unhealthy
25.3,97.35270410725386,968,769,STABLE,Unhealthy for Sensitive Groups
28.24151148,98.10288758351797,89,88,STABLE,Unhealthy
25.8,96.63613031620966,803,1647,STABLE,Unhealthy for Sensitive Groups
29.12105436,98.10693548895382,46,88,STABLE,Unhealthy
27.6,99.43022507487352,581,848,STABLE,Moderate
27.4,98.26048325980264,3184,762,STABLE,Unhealthy
24.8,97.04263538225082,591,785,STABLE,Moderate
29.2,97.197506031891,201,85,STABLE,Moderate
30.7,95.66367934716058,570,991,STABLE,Moderate
29.7,94.93481464959774,92,140,STABLE,Good
25.6,96.83113884130262,1822,95,STABLE,Unhealthy
32.1,97.28065891644437,380,544,STABLE,Moderate
28.2473559,99.05560634603562,86,83,VIBRATING,Unhealthy
29.9,98.99304532461406,563,670,STABLE,Moderate
29.75623368,99.26109438075558,67,79,STABLE,Unhealthy
26.3,94.72500185491161,3552,837,STABLE,Unhealthy
31.8,97.95639666202698,515,2721,STABLE,Unhealthy
28.26433019,99.33293789600742,86,84,STABLE,Unhealthy
33.0,97.16196127282555,2368,613,STABLE,Unhealthy
28.1,95.91233449216175,182,119,STABLE,Good
30.3,97.24930217512063,1174,988,STABLE,Unhealthy for Sensitive Groups
27.2,96.03061602468199,852,313,STABLE,Moderate
26.7,97.82123367594977,1347,1635,STABLE,Unhealthy for Sensitive Groups
25.2,97.5352419939257,300,746,STABLE,Moderate
28.3,98.57847583892878,86,78,VIBRATING,Unhealthy
28.46332408,94.40999578001323,87,76,VIBRATING,Unhealthy
24.7,97.2948634857267,282,567,STABLE,Moderate
25.2,98.47833909451371,730,597,STABLE,Moderate
27.9,98.47033240445555,1114,961,STABLE,Unhealthy for Sensitive Groups
25.1,96.41204010410945,1051,899,STABLE,Unhealthy for Sensitive Groups
31.2,98.99583154488295,900,1436,STABLE,Unhealthy for Sensitive Groups
26.7,99.52910916969948,871,1437,STABLE,Unhealthy for Sensitive Groups
32.4,97.02478441992115,1465,1668,STABLE,Unhealthy for Sensitive Groups
24.9,99.29563911654951,479,1141,STABLE,Moderate
25.4,98.60570555323544,3874,631,STABLE,Unhealthy
30.4,96.77644503173136,249,53,STABLE,Good
32.9,96.43862771138326,3822,622,STABLE,Unhealthy
29.3,97.18277736088405,39,75,STABLE,Moderate
33.5,97.36451530650352,736,1189,STABLE,Moderate
32.6,98.59366153343517,389,792,STABLE,Moderate
28.6,95.18181445708142,188,89,STABLE,Moderate
26.3,99.53352011061878,393,1078,VIBRATING,Moderate
29.0895753,99.47537723717934,47,89,STABLE,Unhealthy
30.6,97.71230584402122,2617,176,STABLE,Unhealthy
28.9,99.38843919415959,239,75,STABLE,Good
32.4,94.50614094477667,597,3246,STABLE,Unhealthy
25.2,94.4548372747869,2626,672,STABLE,Unhealthy
31.0,92.69475270834515,721,884,STABLE,Unhealthy for Sensitive Groups
29.0,99.47207138478281,60,186,STABLE,Good
26.0,98.62874454162758,602,484,STABLE,Moderate
33.1,97.5750664677129,144,155,STABLE,Good
33.9,99.24540785482185,746,520,STABLE,Moderate
25.5,98.03719098994286,73,84,VIBRATING,Good
33.9,93.83582988149331,992,3616,STABLE,Unhealthy
29.9,95.33303969491911,499,967,STABLE,Moderate
28.7,96.79987734770685,984,964,STABLE,Unhealthy for Sensitive Groups
33.0,98.47710653551847,3379,313,STABLE,Unhealthy
26.1,97.9679178749261,77,91,STABLE,Good
24.9,94.8789121652911,3888,2829,STABLE,Unhealthy
29.8,98.22944866341223,705,994,STABLE,Moderate
29.7,96.32696367415802,193,170,STABLE,Good
25.9,95.5149953934177,46,247,STABLE,Good
30.8,97.6698526518209,883,959,STABLE,Moderate
30.23129578,94.93507881676078,73,129,VIBRATING,Unhealthy for Sensitive Groups
31.1,98.20308246469575,346,989,VIBRATING,Moderate
26.16388925,97.22811832692649,72,86,STABLE,Good
32.6,97.5354206468448,225,118,STABLE,Good
28.7,96.36411697470443,762,1568,STABLE,Unhealthy for Sensitive Groups
33.2,95.25892171070953,97,59,STABLE,Good
24.1,94.04756890270646,826,1001,STABLE,Moderate
24.9,98.59477812137824,74,94,STABLE,Good
32.3,97.04302749936215,334,990,STABLE,Moderate
33.9,99.29132976679819,526,530,STABLE,Moderate
26.3,94.83766373104268,203,183,STABLE,Good
26.5,98.11516854892128,1522,1488,STABLE,Unhealthy for Sensitive Groups
26.6,96.21871632031437,64,94,STABLE,Good
33.9,94.34607476455369,3052,54,STABLE,Unhealthy
24.7,95.85696096322305,680,522,STABLE,Moderate
27.4,98.96942248602326,1881,3277,STABLE,Unhealthy
27.5,98.20313380755113,3861,3725,STABLE,Unhealthy
30.0,99.32141591964567,69,145,STABLE,Moderate
28.36824686,96.97521836497312,86,77,STABLE,Unhealthy for Sensitive Groups
24.7,95.76785047278747,1367,1118,STABLE,Unhealthy for Sensitive Groups
28.0,97.07785039813588,692,1110,STABLE,Moderate
29.2,97.99221652553577,57,92,STABLE,Moderate
27.0,95.7604725787618,2681,141,STABLE,Unhealthy
30.5,98.11984463981733,688,665,STABLE,Moderate
30.2,97.5780946270013,96,57,STABLE,Good
25.8,99.09929104223627,807,681,VIBRATING,Moderate
28.7,96.78332395546657,3612,3333,STABLE,Unhealthy
30.3,93.3612504118276,3679,3161,STABLE,Unhealthy
28.6,98.44023524814776,186,83,VIBRATING,Moderate
31.8,97.07745713486966,706,1199,STABLE,Moderate
31.7,93.52379523740792,1303,1744,STABLE,Unhealthy for Sensitive Groups
29.4,98.87625733391056,714,799,STABLE,Moderate
30.4,98.5563045078263,187,30,VIBRATING,Good
28.3,96.70783621324276,79,75,STABLE,Moderate
31.9,97.77080467815175,1060,1394,STABLE,Unhealthy for Sensitive Groups
30.9,96.8623680104926,318,3055,STABLE,Unhealthy
28.44220803,98.46730563920713,85,80,STABLE,Unhealthy
28.3,94.67588608357991,188,51,STABLE,Good
28.9,98.4074167307618,73,93,STABLE,Good
31.8,98.04228591109167,514,1141,STABLE,Moderate
32.2,99.18036993398024,727,734,STABLE,Unhealthy for Sensitive Groups
31.0,95.98827511782333,698,609,STABLE,Moderate
27.3,98.26193973018124,923,4087,STABLE,Unhealthy
28.4,98.73436039395749,86,83,STABLE,Unhealthy for Sensitive Groups
29.0,94.38954070494107,48,92,STABLE,Unhealthy
26.6,97.24973226908529,323,732,STABLE,Moderate
28.5,97.3615939154332,3170,152,VIBRATING,Unhealthy
28.1,92.3284521352836,818,477,STABLE,Moderate
29.0,97.78965872853193,4054,193,STABLE,Unhealthy
32.8,96.76645146665969,2526,2541,VIBRATING,Unhealthy
26.9,97.40666269994684,666,3439,STABLE,Unhealthy
28.5,97.95391945056163,86,83,VIBRATING,Moderate
30.99514465678908,98.8599227195842,998,3449,STABLE,Unhealthy
25.1,97.05179413960342,1577,1396,STABLE,Unhealthy for Sensitive Groups
29.1,96.92644888925568,47,95,STABLE,Unhealthy
32.0,98.76107880399044,967,1465,VIBRATING,Unhealthy for Sensitive Groups
26.11931653,97.56196775005866,72,85,VIBRATING,Good
28.6,95.59450256567149,86,82,STABLE,Unhealthy for Sensitive Groups
25.8,95.75377942137914,2500,848,STABLE,Unhealthy
24.3,96.89975911164862,3316,325,STABLE,Unhealthy
30.607415672713127,96.02035943495842,4095,278,STABLE,Unhealthy
29.9,96.07238895336947,167,223,STABLE,Good
25.9,97.358736711761,1431,1192,STABLE,Unhealthy for Sensitive Groups
29.3,97.1661503582895,652,593,STABLE,Moderate
24.44457062,95.74037650075081,58,111,VIBRATING,Good
30.3,99.19862386439377,2571,717,STABLE,Unhealthy
28.33020634,97.68285321014922,86,76,STABLE,Unhealthy for Sensitive Groups
28.31948622,98.4971240907156,86,81,STABLE,Unhealthy for Sensitive Groups
32.1,95.92124317356384,844,1008,STABLE,Moderate
28.8,96.79308321277169,248,44,STABLE,Good
28.3,97.49081889342503,3755,1054,STABLE,Unhealthy
29.06229374,94.6074197759752,47,89,STABLE,Unhealthy
25.5,96.35489164027851,1075,1900,STABLE,Unhealthy for Sensitive Groups
30.6,97.72627387877877,1392,1750,STABLE,Unhealthy for Sensitive Groups
28.4,97.55744609503775,88,85,STABLE,Unhealthy for Sensitive Groups
24.0,97.89511571526333,2765,3270,VIBRATING,Unhealthy
32.1,95.72030692474458,171,242,STABLE,Good
28.1,97.43653279159778,3879,3534,STABLE,Unhealthy
31.59611906,99.4637709045147,86,60,VIBRATING,Good
24.3,95.42877608861195,2916,3572,STABLE,Unhealthy
28.68429834,98.83303224806292,86,83,STABLE,Unhealthy for Sensitive Groups
27.6,98.78831228189544,1851,850,STABLE,Unhealthy
33.5,96.31567102157594,1669,1626,STABLE,Unhealthy for Sensitive Groups
27.8,97.46487158698966,814,873,STABLE,Unhealthy for Sensitive Groups
28.9,98.51264350120778,79,82,STABLE,Moderate
29.957221436369075,97.63145089969493,4095,108,STABLE,Unhealthy
24.3,95.58099287456417,1506,766,STABLE,Unhealthy for Sensitive Groups
28.5324224,98.39795646680182,86,84,STABLE,Unhealthy for Sensitive Groups
26.4,99.10514966243223,72,85,STABLE,Good
31.6,98.95841568883193,179,42,STABLE,Good
30.4,98.23893953902119,67,82,STABLE,Moderate
24.773815817463863,99.55795457019207,4095,815,STABLE,Unhealthy
27.2,94.08837414277579,3205,2211,STABLE,Unhealthy
28.9,98.14947539256325,175,125,STABLE,Good
29.3,99.34179630392447,1727,1374,STABLE,Unhealthy for Sensitive Groups
29.5,97.25060697414665,178,55,VIBRATING,Good
26.5,95.47304236426012,828,578,STABLE,Moderate
28.5,98.45908099677845,86,82,VIBRATING,Unhealthy for Sensitive Groups
28.38794774,96.07135580549266,86,76,STABLE,Unhealthy
24.1,97.46601085483175,2356,733,STABLE,Unhealthy
25.3,97.8194037644427,236,235,STABLE,Good
24.697691959094268,99.3622819486586,4095,260,VIBRATING,Unhealthy
29.0,98.85481013873458,349,2989,STABLE,Unhealthy
33.1,98.35867250242393,320,1116,STABLE,Moderate
31.08221618709978,97.00765860842698,401,4095,STABLE,Unhealthy
25.7,97.46203655203935,764,328,STABLE,Moderate
26.1,98.96449741526425,71,90,STABLE,Good
25.8,95.35640237423485,58,2283,STABLE,Unhealthy
28.70974703,96.07542384024318,64,85,VIBRATING,Unhealthy for Sensitive Groups
28.4,95.66634864918149,2885,2965,STABLE,Unhealthy
29.9,95.27955149201328,517,994,STABLE,Moderate
28.6,97.7592173409148,184,81,STABLE,Moderate
27.9,96.9943866155826,3935,580,STABLE,Unhealthy
29.15885789,97.35500125762188,48,91,STABLE,Unhealthy
30.0,97.51787106693207,2628,483,STABLE,Unhealthy
28.3,96.58045951939356,86,75,VIBRATING,Unhealthy
29.56576343,95.64536783909001,57,92,STABLE,Unhealthy
29.0,97.64900679230165,192,82,STABLE,Moderate
26.5,97.21582059227025,1295,1063,STABLE,Unhealthy for Sensitive Groups
33.5,95.09259408415596,185,133,STABLE,Good
28.926592176761012,96.67537484727198,983,2183,STABLE,Unhealthy
24.7,98.57079086076897,1282,886,STABLE,Unhealthy for Sensitive Groups
33.6,96.25931321535016,772,1042,STABLE,Moderate
31.4,97.28317961458244,586,830,STABLE,Moderate
31.3,97.84151198466965,737,1192,STABLE,Moderate
29.5,94.55674266573598,511,1036,STABLE,Moderate
32.1,94.08882709805704,219,90,STABLE,Good
28.24559523,97.45271028232222,86,80,STABLE,Unhealthy for Sensitive Groups
25.9,99.2448837585257,494,1068,STABLE,Moderate
29.8,98.09123714721565,67,84,STABLE,Moderate
30.8,96.26042483158963,3841,2128,STABLE,Unhealthy
32.7,96.35511132460677,695,684,STABLE,Moderate
29.6,95.58692651586185,2860,460,STABLE,Unhealthy
28.79938408,95.5305485920489,87,74,VIBRATING,Unhealthy for Sensitive Groups
31.6,96.14764227188292,47,173,STABLE,Good
31.3,94.52715407656424,1563,1827,STABLE,Unhealthy for Sensitive Groups
28.5,93.34629495883988,85,80,STABLE,Moderate
26.7,95.00193098361711,156,4095,STABLE,Unhealthy
28.3,98.30684148968837,85,75,STABLE,Unhealthy for Sensitive Groups
33.2,97.901002760092,677,567,STABLE,Moderate
26.7,91.86587975296517,2960,93,STABLE,Unhealthy
32.6,95.24269155344551,3737,1092,STABLE,Unhealthy
29.9,98.66559434419307,3979,4095,STABLE,Unhealthy
30.0,95.47599396204919,70,95,STABLE,Moderate
32.0,96.96753369652903,1742,1245,STABLE,Unhealthy for Sensitive Groups
25.1,98.25640484626325,3884,1977,STABLE,Unhealthy
33.9,98.1728200580886,134,74,STABLE,Good
29.3,97.22284893643703,38,76,STABLE,Moderate
32.8,97.20030068092166,1500,1080,STABLE,Unhealthy for Sensitive Groups
32.4,93.33602561552638,42,89,STABLE,Good
28.49356397,97.19562015360752,86,80,VIBRATING,Unhealthy for Sensitive Groups
30.8,96.31426486370941,3835,3081,STABLE,Unhealthy
28.39287197,97.83404398813411,87,79,STABLE,Unhealthy for Sensitive Groups
33.3,97.10711289831016,896,1309,STABLE,Unhealthy for Sensitive Groups
28.8,97.17420980834113,55,89,STABLE,Good
32.0,97.54075503229258,112,110,STABLE,Good
26.77291677,95.6426703344957,46,94,STABLE,Good
25.8,98.19956018984283,646,895,STABLE,Moderate
30.22314002,97.68607743153126,68,113,STABLE,Unhealthy for Sensitive Groups
24.3,96.16323416459038,41,216,STABLE,Good
25.49253036,95.5333587034211,65,89,STABLE,Good
31.3,98.04384222419075,427,741,STABLE,Moderate
27.3,99.45561048448226,2562,2704,STABLE,Unhealthy
30.9,97.17500036114157,3822,1091,STABLE,Unhealthy
27.5,96.62914536336372,163,3472,VIBRATING,Unhealthy
30.12110057,95.98817041224731,95,58,VIBRATING,Good
24.2,98.71640092550064,983,3494,STABLE,Unhealthy
25.5,95.69700577479838,743,1629,STABLE,Unhealthy for Sensitive Groups
28.8,98.19819074874341,83,70,STABLE,Moderate
25.7,95.3778096640488,1230,1097,STABLE,Unhealthy for Sensitive Groups
29.4,96.14010658832326,74,81,STABLE,Moderate
29.8,95.93267958187306,65,79,STABLE,Moderate
27.3,97.05085176119812,488,2612,STABLE,Unhealthy
24.1,96.96442338638542,3310,3554,STABLE,Unhealthy
29.1,97.9280957341885,686,630,STABLE,Moderate
27.175460055158982,97.07723586193354,3151,641,STABLE,Unhealthy
29.3,95.31827716944746,799,341,STABLE,Moderate
28.4,96.94636921165069,1250,1321,STABLE,Unhealthy for Sensitive Groups
29.20483057,92.80723882640905,58,191,STABLE,Unhealthy
26.8,97.72698406372353,3092,2330,STABLE,Unhealthy
31.8,99.08487812951377,102,41,STABLE,Good
33.9,96.26373814588985,1551,1045,STABLE,Unhealthy for Sensitive Groups
27.6,94.67284860752156,38,128,STABLE,Good
28.3,99.29660732799034,85,75,STABLE,Unhealthy
31.0,97.70294686969686,46,30,STABLE,Good
28.32976457,98.36731535098458,84,81,STABLE,Unhealthy
28.7,96.88578688960015,208,86,VIBRATING,Moderate
28.44753996,96.40140481894505,54,126,VIBRATING,Unhealthy
28.2,98.48784737594019,205,2992,STABLE,Unhealthy
26.7,93.43859991948332,44,93,STABLE,Good
28.7,98.54660001517593,105,82,STABLE,Moderate
33.2,97.29875940239698,98,60,STABLE,Good
32.3,94.98411820167114,110,159,STABLE,Good
27.4,98.24005045311243,240,219,STABLE,Good
33.3,97.80027835721324,473,2590,STABLE,Unhealthy
31.9,95.82413081075906,480,277,STABLE,Moderate
29.2,98.23961058955113,1846,315,STABLE,Unhealthy
24.7,96.85951118229345,842,717,STABLE,Moderate
26.09929648,97.59734003159537,73,86,STABLE,Good
30.00688314,94.20387003881561,78,134,STABLE,Unhealthy
32.7,96.01510280655336,351,2117,STABLE,Unhealthy
25.7,97.46416970756059,1542,1669,STABLE,Unhealthy for Sensitive Groups
32.94349203967387,98.49059504169576,364,4095,STABLE,Unhealthy
30.8,98.17662727369597,296,581,STABLE,Moderate
30.3,96.16613903398589,681,1033,STABLE,Moderate
30.0,93.25083184262749,181,81,STABLE,Good
28.21883491,95.56754776861206,86,75,VIBRATING,Unhealthy for Sensitive Groups
25.2,98.2472385274362,173,126,STABLE,Good
26.8,99.64268989707948,712,1105,STABLE,Moderate
29.7,99.11827501552656,67,78,VIBRATING,Unhealthy
27.6,97.65658927960902,305,1188,STABLE,Moderate
28.7,97.40826057774085,86,83,STABLE,Unhealthy for Sensitive Groups
31.5,98.63750303464849,1280,993,STABLE,Unhealthy for Sensitive Groups
28.22055848,97.78263410738911,86,76,STABLE,Unhealthy for Sensitive Groups
26.6683078,96.15222977436167,445,92,STABLE,Good
28.8,95.06771120951477,209,82,STABLE,Moderate
26.56492103,96.75248736966014,443,92,STABLE,Good
27.2,96.10813116490456,212,2830,STABLE,Unhealthy
29.8,94.0836742609973,115,134,STABLE,Good
26.082674314666743,99.48720707143102,162,4095,STABLE,Unhealthy
24.8,97.81426985757798,387,659,VIBRATING,Moderate
29.05947519,99.70506901444625,46,87,STABLE,Unhealthy
28.4,95.269071562372,996,876,STABLE,Unhealthy for Sensitive Groups
24.7,95.53976754497151,541,516,STABLE,Moderate
32.9,96.16815246380106,105,249,VIBRATING,Good
25.9,98.54012497785135,66,90,STABLE,Good
32.9,98.62870867514886,392,307,STABLE,Moderate
30.10033464,94.4730602543991,66,89,STABLE,Unhealthy
31.8,99.52304167890493,163,207,STABLE,Good
32.1,97.51392984803653,2832,605,STABLE,Unhealthy
25.0,98.06510620852853,1103,1726,STABLE,Unhealthy for Sensitive Groups
28.5,99.01424240127571,182,179,STABLE,Good
24.6,93.18575703134644,812,1081,STABLE,Unhealthy for Sensitive Groups
32.4,97.96355480152333,807,531,STABLE,Moderate
30.2,96.12632752317818,96,57,STABLE,Good
24.2,96.80037641633794,90,83,STABLE,Good
30.0,98.22210326057062,757,1830,STABLE,Unhealthy for Sensitive Groups
28.7,95.11212703456187,312,2340,STABLE,Unhealthy
26.2,98.04780707546541,188,77,STABLE,Good
26.0,99.01044722315935,3155,711,STABLE,Unhealthy
33.7,97.8030753320912,470,1049,STABLE,Moderate
25.8,94.1941475923074,80,94,STABLE,Good
27.8,96.92814636479908,4071,584,STABLE,Unhealthy
31.0,98.97851544211768,402,618,STABLE,Moderate
32.8,99.3904173728768,211,204,STABLE,Good
30.3,99.04107722902745,68,81,STABLE,Moderate
26.1,97.96660860825271,1770,1625,STABLE,Unhealthy for Sensitive Groups
28.7,95.47220094880629,86,83,STABLE,Unhealthy for Sensitive Groups
28.4,97.56638690342339,1197,1793,STABLE,Unhealthy for Sensitive Groups
28.6,98.88429805228867,86,70,VIBRATING,Moderate
28.2,99.29125371498306,86,85,VIBRATING,Unhealthy
29.17227344,94.3623022186693,47,91,VIBRATING,Unhealthy
28.21048692,97.81316567942449,86,84,STABLE,Unhealthy
29.3,99.07266202394216,199,35,STABLE,Good
31.3,97.19277159738041,93,200,STABLE,Good
29.2,95.34478924901262,36,204,STABLE,Good
28.1,94.01241271146446,190,3836,STABLE,Unhealthy
24.9,96.60082467427937,1434,1982,STABLE,Unhealthy for Sensitive Groups
27.8,97.6204714123129,3362,937,STABLE,Unhealthy
29.6,95.44021988605772,1254,1282,STABLE,Unhealthy for Sensitive Groups
30.9,95.59823204672568,159,152,STABLE,Good
29.7,94.57524699176997,76,71,STABLE,Moderate
26.316399224217903,97.41587125411293,827,4095,STABLE,Unhealthy
24.1,93.85388931062504,540,642,STABLE,Moderate
30.3,97.51355359827842,300,1186,STABLE,Moderate
28.38841561,97.02417358155415,86,84,STABLE,Unhealthy for Sensitive Groups
24.7,95.70444356979725,214,50,STABLE,Good
26.8,99.10747464119588,44,93,STABLE,Good
26.4,97.66167907051408,2789,3074,STABLE,Unhealthy
30.32810177,96.08848284750547,95,58,STABLE,Good
29.0,98.64355051584366,46,89,STABLE,Unhealthy
25.2,94.64843696148196,1449,872,STABLE,Unhealthy for Sensitive Groups
30.5,98.26954830083778,3794,344,STABLE,Unhealthy
34.0,95.29214335331473,98,60,STABLE,Good
29.6,97.652183287914,66,77,STABLE,Good
29.083434145158378,99.55761308236518,4095,4095,STABLE,Unhealthy
28.3,97.74285433285347,79,76,STABLE,Moderate
29.6,98.50447648634534,67,78,VIBRATING,Unhealthy for Sensitive Groups
25.2,96.8875322048084,3720,3322,STABLE,Unhealthy
24.5,95.85824892718261,1864,220,STABLE,Unhealthy
26.4,97.4469053156129,3515,183,STABLE,Unhealthy
31.0,95.97876441787615,3733,3903,STABLE,Unhealthy
32.3,98.27467139307876,180,236,STABLE,Good
29.17478716,92.47727659025743,47,92,VIBRATING,Unhealthy
29.8,98.57359965634431,1047,1310,STABLE,Unhealthy for Sensitive Groups
31.1,96.12273091703051,91,60,STABLE,Good
29.3,95.58917768788916,722,735,STABLE,Moderate
33.4,95.73637140753469,807,3246,STABLE,Unhealthy
31.4,98.38976176942293,656,828,STABLE,Moderate
33.0,97.46787385414831,2140,2840,STABLE,Unhealthy
26.6,96.0709060282877,320,635,STABLE,Moderate
30.7,95.93409136758555,1510,1334,VIBRATING,Unhealthy for Sensitive Groups
29.1,97.97495118608184,725,1124,STABLE,Moderate
25.6,95.87388261732487,725,1668,STABLE,Unhealthy for Sensitive Groups
28.7,98.13024295875977,120,44,STABLE,Good
24.6,97.8772200204484,895,510,STABLE,Moderate
33.4,95.77669388729,895,675,STABLE,Moderate
26.0,96.6414624883869,1361,1706,STABLE,Unhealthy for Sensitive Groups
28.3,97.65244048460107,87,69,STABLE,Moderate
28.6,96.15000308068642,2375,589,STABLE,Unhealthy
26.8,96.2008602656053,44,93,STABLE,Good
31.8,96.94767067656166,188,76,STABLE,Good
24.7,98.13066710084243,161,242,STABLE,Good
24.7,97.21617279285422,3631,277,STABLE,Unhealthy
28.3794037,99.63404180538964,86,76,STABLE,Unhealthy for Sensitive Groups
27.5,94.82794550561307,3075,782,STABLE,Unhealthy
26.3,98.17667596478739,74,87,VIBRATING,Good
33.1,98.33649780959627,333,484,STABLE,Moderate
28.072464073878848,97.64059606491796,360,4095,STABLE,Unhealthy
33.7,97.12946092932961,1825,52,STABLE,Unhealthy
30.7,98.60937586157121,125,2891,VIBRATING,Unhealthy
24.9,94.68155555505862,181,147,VIBRATING,Good
28.1,98.46151168033406,4062,3841,STABLE,Unhealthy
31.5,98.09065995192563,396,723,STABLE,Moderate
32.6,97.42032581334252,761,766,VIBRATING,Unhealthy for Sensitive Groups
25.35918405,98.00349843048927,65,89,VIBRATING,Good
28.0,96.81650779277065,3576,633,STABLE,Unhealthy
26.3,96.69273688807698,4090,349,STABLE,Unhealthy
28.67902049,99.51592191525903,51,108,STABLE,Unhealthy
24.5,97.94924385509961,3625,934,STABLE,Unhealthy
25.1,97.38560765906614,1080,788,STABLE,Unhealthy for Sensitive Groups
32.6,97.92714957251012,763,1018,STABLE,Moderate
29.06693471,98.57021398282606,52,89,STABLE,Unhealthy
27.0,98.01309848430448,723,3679,STABLE,Unhealthy
31.7,97.19935104487163,39,87,STABLE,Good
28.40923389,95.29184744777979,86,82,STABLE,Unhealthy for Sensitive Groups
29.5,97.43602818543876,1585,1234,STABLE,Unhealthy for Sensitive Groups
33.7,94.3779601940532,882,614,STABLE,Moderate
28.4,98.42036958061442,368,2568,VIBRATING,Unhealthy
29.04954236,94.44270793399221,47,91,VIBRATING,Unhealthy
25.1,95.61789956124042,119,172,STABLE,Good
29.2,98.98348946850449,452,648,STABLE,Moderate
29.07936052,95.28216601097425,48,90,STABLE,Unhealthy
28.9,98.2458660322412,399,2259,STABLE,Unhealthy
29.6,98.22212141517612,1507,776,STABLE,Unhealthy for Sensitive Groups
28.7,97.94657072963109,84,70,VIBRATING,Moderate
33.1,97.49004087231786,739,830,STABLE,Moderate
25.4,99.0270826869915,72,91,STABLE,Good
29.08540779,93.64345370202446,49,99,VIBRATING,Unhealthy
25.1,96.89034985508877,3301,307,STABLE,Unhealthy
29.7,97.14725271524327,2886,272,STABLE,Unhealthy
28.7,97.94398476891136,86,83,STABLE,Unhealthy for Sensitive Groups
27.0,98.76128050243649,354,1159,STABLE,Moderate
27.1,96.24358790878203,998,3031,STABLE,Unhealthy
32.6,99.020680177971,1395,1013,STABLE,Unhealthy for Sensitive Groups
26.6,98.36931448056407,37,221,STABLE,Good
24.2,97.23451481573784,200,233,STABLE,Good
28.89248065,99.19132912252782,56,174,STABLE,Unhealthy
31.2,96.24606175719539,368,2524,STABLE,Unhealthy
27.7,97.34711434010306,1135,1747,STABLE,Unhealthy for Sensitive Groups
28.7,96.95060726439513,250,232,STABLE,Good
27.7,95.41432906184501,2801,920,STABLE,Unhealthy
31.0,95.5209007392413,1011,757,STABLE,Unhealthy for Sensitive Groups
28.6,98.21936910643444,3712,2224,STABLE,Unhealthy
32.8,97.52073559336068,1023,1233,STABLE,Unhealthy for Sensitive Groups
25.2,97.50056029457235,756,836,STABLE,Moderate
25.8,98.80879288888067,198,148,STABLE,Good
32.7,97.16334650467249,2198,177,STABLE,Unhealthy
25.6,98.3688269057031,607,441,STABLE,Moderate
31.8,97.75287563231582,3651,87,STABLE,Unhealthy
28.2,98.46079017567122,169,81,STABLE,Moderate
28.9,97.65153174157659,118,190,VIBRATING,Good
30.8,99.03362586764347,1795,701,STABLE,Unhealthy for Sensitive Groups
30.7,95.68676378236141,2543,2902,STABLE,Unhealthy
30.0,95.956653926245,1930,81,STABLE,Unhealthy
27.1,98.52558685210498,1505,1846,STABLE,Unhealthy for Sensitive Groups
29.2,98.68206671181986,176,99,STABLE,Moderate
24.1,97.38930674236214,213,4018,STABLE,Unhealthy
33.2,97.02343089735149,492,3728,STABLE,Unhealthy
33.7,98.07843550635008,833,602,STABLE,Moderate
28.4,97.5575433196639,2156,995,STABLE,Unhealthy
26.9,98.24491252127565,296,666,STABLE,Moderate
32.5,97.99600447008616,865,1948,STABLE,Unhealthy for Sensitive Groups
29.0,95.44415977652282,604,349,STABLE,Moderate
26.9,97.06278827944108,446,673,STABLE,Moderate
28.31745408,98.35828765317886,86,84,STABLE,Unhealthy for Sensitive Groups
27.7,95.39280361234198,4002,483,STABLE,Unhealthy
32.0,95.82454599671367,1325,1613,STABLE,Unhealthy for Sensitive Groups
28.3,97.60277043808946,2716,691,STABLE,Unhealthy
26.3,98.78343371557644,831,549,STABLE,Moderate
32.5,96.26095986221735,189,33,STABLE,Good
30.4,96.94267352411832,95,57,STABLE,Good
26.9,98.17240854378691,2592,677,STABLE,Unhealthy
26.5,96.70521602571671,719,2153,STABLE,Unhealthy
30.9,99.60089215634412,880,3333,STABLE,Unhealthy
30.3,95.87385505807643,796,1798,STABLE,Unhealthy for Sensitive Groups
34.1,97.91780230701495,97,60,STABLE,Good
28.9,95.66447783674725,58,142,STABLE,Moderate
24.4,97.85338006693898,1578,1692,STABLE,Unhealthy for Sensitive Groups
31.7,96.20466271311824,594,895,STABLE,Moderate
25.2,97.65913257799703,793,255,STABLE,Moderate
24.2,95.05449181044843,2574,2421,STABLE,Unhealthy
29.526104825899644,98.67482810903131,4095,4095,VIBRATING,Unhealthy
24.5,96.6081212163565,118,4092,STABLE,Unhealthy
26.220495645236966,96.61668355286501,980,3030,STABLE,Unhealthy
29.8,99.34885171653188,94,78,STABLE,Good
32.4,97.49610730390057,155,32,STABLE,Good
26.3,94.00827295626657,203,147,STABLE,Good
25.9,95.70257922293125,1612,709,STABLE,Unhealthy for Sensitive Groups
32.6,98.74529153137257,661,358,VIBRATING,Moderate
27.9,97.60633561977748,913,3426,STABLE,Unhealthy
24.4,98.9148368747399,525,952,STABLE,Moderate
28.5794758,98.06247573962135,51,124,STABLE,Unhealthy for Sensitive Groups
26.95515545,97.92838937154075,45,93,VIBRATING,Good
25.5,97.06834301251831,1331,1610,STABLE,Unhealthy for Sensitive Groups
31.3,98.08067875411808,184,110,STABLE,Good
26.2,97.98385007298573,75,88,STABLE,Good
25.6,97.03172306369582,94,211,STABLE,Good
24.7,97.29942696380964,115,66,STABLE,Good
33.3,93.34566680223523,744,269,STABLE,Moderate
30.6,98.59473762602573,53,179,STABLE,Good
27.8,97.70242924580319,756,772,STABLE,Moderate
30.5,95.62479947444108,97,57,STABLE,Good
27.2,98.48801384704959,189,214,STABLE,Good
28.56098318,96.23159252785939,86,81,STABLE,Unhealthy
26.74763977,97.40079722117501,152,4095,STABLE,Unhealthy
29.9,94.14041131379929,62,176,STABLE,Good
29.1,94.5868384757655,47,91,STABLE,Unhealthy
24.3,92.62797573016971,3563,368,STABLE,Unhealthy
26.3,96.29837908344318,847,1637,STABLE,Unhealthy for Sensitive Groups
28.50079012,94.73857668584702,78,4095,STABLE,Unhealthy
26.5,99.38620036885723,1662,899,STABLE,Unhealthy for Sensitive Groups
31.6,96.42686100748124,1009,1345,STABLE,Unhealthy for Sensitive Groups
28.4,96.54233014369932,90,73,STABLE,Moderate
30.6,95.80119162314847,864,1145,STABLE,Unhealthy for Sensitive Groups
30.3,94.74097796028207,127,198,STABLE,Good
32.0,96.2884262654954,166,46,STABLE,Good
29.0,97.85769872390023,26,47,STABLE,Moderate
24.1,97.79473854828463,158,63,STABLE,Good
28.22925651603586,96.98614440410614,3687,799,STABLE,Unhealthy
32.9,98.92535511152947,1684,1840,STABLE,Unhealthy for Sensitive Groups
30.5,98.1769941833391,787,1643,STABLE,Unhealthy for Sensitive Groups
26.3,97.63962061546687,1140,756,STABLE,Unhealthy for Sensitive Groups
29.85663447,95.9263971842146,72,74,STABLE,Unhealthy
24.6,96.4363532925845,2947,295,STABLE,Unhealthy
28.3,93.17942115486952,91,79,STABLE,Moderate
31.6,97.54203941448176,700,1088,STABLE,Unhealthy for Sensitive Groups
26.8,97.038504066803,322,2507,VIBRATING,Unhealthy
24.7,96.2080535514222,928,1886,STABLE,Unhealthy for Sensitive Groups
32.4,93.9572022937619,869,577,STABLE,Moderate
28.7,96.08750511659913,3371,2303,STABLE,Unhealthy
31.1,97.44254749526307,3508,102,STABLE,Unhealthy
28.2,98.39091478178963,1011,1986,STABLE,Unhealthy for Sensitive Groups
28.4,95.94701964139965,3396,3954,STABLE,Unhealthy
25.7566349,95.8797968924323,73,86,STABLE,Good
31.0,94.5560932984766,1465,911,STABLE,Unhealthy for Sensitive Groups
28.3,93.97104405065498,76,73,STABLE,Unhealthy for Sensitive Groups
26.6,96.49611495577992,4081,585,STABLE,Unhealthy
30.8,96.0357821099248,2636,2080,STABLE,Unhealthy
31.9,97.41417314350207,1598,1017,STABLE,Unhealthy for Sensitive Groups
30.6,98.1186751956789,337,1162,STABLE,Moderate
30.187189629364465,97.14636316238658,459,4095,STABLE,Unhealthy
31.0,94.681868595786,111,4036,STABLE,Unhealthy
30.3,97.8553725447591,68,83,VIBRATING,Moderate
29.1,95.96494349281436,1945,343,STABLE,Unhealthy
28.7,98.615974634205,104,81,STABLE,Moderate
26.6,98.63351044384068,1948,447,STABLE,Unhealthy
25.0,99.16751618638335,387,479,STABLE,Moderate
24.2,96.95973519369957,3853,458,STABLE,Unhealthy
33.1,94.8513920523072,3139,2707,STABLE,Unhealthy
33.5,98.41571246829429,161,187,STABLE,Good
29.8,97.60578913301525,383,577,STABLE,Moderate
27.9,98.28964324394711,52,33,STABLE,Good
28.91292124,93.46923188975028,96,83,STABLE,Unhealthy for Sensitive Groups
28.4,96.3896035337066,82,77,STABLE,Moderate
29.57301841657427,97.15006593512689,2377,68,STABLE,Unhealthy
25.6,96.90129619716349,397,521,VIBRATING,Moderate
28.4,98.78605745091633,2329,3597,STABLE,Unhealthy
25.83284268,98.09163928830296,66,90,STABLE,Good
27.2,98.67182283756888,993,2800,STABLE,Unhealthy
26.1,95.83505265173001,1040,1132,STABLE,Unhealthy for Sensitive Groups
24.3,97.95830044801873,642,256,STABLE,Moderate
28.4,95.15015977149122,86,76,STABLE,Unhealthy
24.1,98.80160063817438,442,3613,STABLE,Unhealthy
25.9,93.97281715648681,73,85,STABLE,Good
27.5,98.69735501390934,202,87,STABLE,Good
29.27543784,95.92312623423396,47,90,STABLE,Unhealthy
32.4,96.67584384789147,708,2542,STABLE,Unhealthy
29.3,95.78922206627333,154,86,STABLE,Moderate
25.6,97.41759188314091,588,525,STABLE,Moderate
27.868717942317524,98.29132105241334,4095,907,STABLE,Unhealthy
25.8,96.1005463907478,72,85,STABLE,Good
28.7,98.32699459850288,168,100,STABLE,Moderate
28.6,98.64902950608266,85,82,STABLE,Unhealthy for Sensitive Groups
31.861987965769867,99.89492978991899,4095,4095,STABLE,Unhealthy
25.70845876612305,96.1532752247791,2279,602,STABLE,Unhealthy
26.9,96.91635993348827,3731,99,STABLE,Unhealthy
29.74427779,97.1699247802852,67,78,STABLE,Unhealthy
26.21436317,95.00146836561589,71,91,STABLE,Good
27.0,97.58694323529438,578,584,STABLE,Moderate
29.6,95.31082491341186,68,76,STABLE,Moderate
28.30175396,96.15086730719044,85,81,STABLE,Unhealthy for Sensitive Groups
29.2,96.28914295847476,180,106,STABLE,Moderate
30.8,98.32294229510272,2801,2361,STABLE,Unhealthy
30.6,96.8503517474886,246,127,STABLE,Good
25.0,95.21055607874634,1343,983,STABLE,Unhealthy for Sensitive Groups
32.2,96.97205633326722,2804,2643,STABLE,Unhealthy
31.1,96.30414781318818,625,553,STABLE,Moderate
30.3,97.4008170149045,78,107,STABLE,Good
28.24014112,96.49703214163947,68,4095,STABLE,Unhealthy
29.8,99.07177292498763,2055,307,STABLE,Unhealthy
28.29387839,97.9469122833387,87,83,STABLE,Unhealthy for Sensitive Groups
29.2,98.08031907653665,3340,986,STABLE,Unhealthy
28.3,97.45797932840563,85,75,STABLE,Unhealthy
33.7,92.97558125968749,251,3354,STABLE,Unhealthy
28.4,95.53977524664519,170,143,STABLE,Good
24.6,98.58243879312451,1163,1170,STABLE,Unhealthy for Sensitive Groups
28.2,97.58006053073197,135,119,STABLE,Good
27.97982075975808,98.71309690601566,481,4095,STABLE,Unhealthy
24.9,95.25935240318088,109,61,STABLE,Good
31.3,97.8405794335833,850,1301,STABLE,Unhealthy for Sensitive Groups
25.1,96.51816652200952,675,265,STABLE,Moderate
33.4,97.06226463173411,2714,2947,STABLE,Unhealthy
29.3,97.25435217639594,768,1630,VIBRATING,Unhealthy for Sensitive Groups
25.4,96.95995183549493,65,89,VIBRATING,Good
34.1,95.71892620899766,97,59,STABLE,Good
29.6,98.8029865331915,129,132,STABLE,Good
32.7,98.93260585195242,245,3270,STABLE,Unhealthy
28.3,97.96614223199188,80,79,STABLE,Unhealthy for Sensitive Groups
28.3,97.88300238367896,85,73,STABLE,Unhealthy for Sensitive Groups
31.0,95.53482889968275,655,1040,STABLE,Moderate
33.7,99.03967618602616,116,73,STABLE,Good
28.6,95.57650199031453,104,84,VIBRATING,Moderate
26.5,99.41987542518781,767,794,STABLE,Moderate
29.7,95.43839765575412,66,78,STABLE,Good
24.8,96.55107755606852,105,47,STABLE,Good
30.5,98.18920775760435,334,1154,STABLE,Moderate
24.4,97.9674086877742,1782,1427,STABLE,Unhealthy for Sensitive Groups
32.7,96.44094464133553,119,250,STABLE,Good
27.8,98.01743542223372,89,35,STABLE,Good
30.4,96.51769961226971,320,778,STABLE,Moderate
29.86166574,98.7664761300468,71,77,STABLE,Unhealthy for Sensitive Groups
24.2,97.75806168278359,4094,2026,STABLE,Unhealthy
30.0,97.12399244923516,118,85,STABLE,Good
33.0,98.1300593878903,2643,488,STABLE,Unhealthy
30.5,98.78953369805967,89,229,STABLE,Good
28.7,99.06729372230727,88,72,STABLE,Moderate
33.7,98.31705711192413,836,592,STABLE,Moderate
29.8,97.24591936554083,625,552,STABLE,Moderate
33.5,98.51626249420255,3846,835,VIBRATING,Unhealthy
29.1,94.73140491226846,178,97,STABLE,Moderate
29.19512164,95.41408518368344,47,91,STABLE,Unhealthy
30.9,97.94339628903938,822,1182,STABLE,Moderate
25.0,99.14215309474653,3905,145,STABLE,Unhealthy
29.0,96.27813508058146,29,68,STABLE,Moderate
33.8,98.49577169915557,800,1011,STABLE,Moderate
29.1,98.5259115724778,185,3677,STABLE,Unhealthy
28.4,99.01888682190608,4089,178,STABLE,Unhealthy
28.21123043,97.8082288451843,85,76,STABLE,Unhealthy for Sensitive Groups
25.3,95.98549335974516,448,497,STABLE,Moderate
28.41167476,96.48292480631066,52,119,STABLE,Unhealthy for Sensitive Groups
27.8,97.51721048787354,88,79,STABLE,Moderate
32.8,96.87062150081427,1276,741,STABLE,Unhealthy for Sensitive Groups
28.61307404,97.0073551363074,86,83,STABLE,Unhealthy for Sensitive Groups
33.95445744293991,98.06500355917885,365,4095,STABLE,Unhealthy
29.4,97.64649099668082,149,116,STABLE,Good
32.1,97.28602929288714,723,932,STABLE,Moderate
24.9,97.3966815886257,823,2308,STABLE,Unhealthy
29.0,98.41528247516185,39,87,VIBRATING,Moderate
25.1,92.37735149096824,716,1001,STABLE,Moderate
28.36369408,98.87878396409636,86,76,STABLE,Unhealthy
30.3,95.7211528320502,898,1840,STABLE,Unhealthy for Sensitive Groups
33.1,98.84315517168334,184,206,STABLE,Good
24.6,95.51548155533634,615,667,STABLE,Moderate
28.74977117,96.3636242784713,75,231,STABLE,Unhealthy
26.0,92.25128309447359,1363,1124,STABLE,Unhealthy for Sensitive Groups
26.6,97.47685973996373,790,614,STABLE,Moderate
28.4,99.27364809449254,1607,1118,STABLE,Unhealthy for Sensitive Groups
24.2,98.19614999262018,1055,1764,STABLE,Unhealthy for Sensitive Groups
26.87965748,94.6080839902568,149,4095,STABLE,Unhealthy
29.3,96.59486049059173,3306,617,STABLE,Unhealthy
30.4,96.62953970728972,2914,2013,STABLE,Unhealthy
26.01549783,97.44192771147874,73,86,STABLE,Good
32.2,98.01962854671731,36,84,STABLE,Good
33.0,95.669024793553,241,76,STABLE,Good
32.4,96.80219154020548,288,290,STABLE,Moderate
26.4,99.31128162819257,44,93,STABLE,Good
28.4,98.63730891724346,86,77,VIBRATING,Moderate
29.0,95.76403097042797,944,1923,STABLE,Unhealthy for Sensitive Groups
27.9,97.91340168642544,3104,3173,STABLE,Unhealthy
25.0,98.90017731871067,1478,1527,STABLE,Unhealthy for Sensitive Groups
26.8,94.78901730623683,44,93,STABLE,Good
28.2,95.61388046226133,49,99,VIBRATING,Moderate
29.3,97.85569450013301,39,75,STABLE,Moderate
29.28525479,97.91064670774745,52,92,VIBRATING,Unhealthy
24.8,95.86460074271484,831,940,STABLE,Moderate
32.6,96.6071511331135,3023,135,STABLE,Unhealthy
27.1,96.5366815227959,736,710,STABLE,Moderate
28.9,97.1844934730106,212,86,STABLE,Moderate
28.5,95.88152592560843,51,125,VIBRATING,Unhealthy for Sensitive Groups
33.2,97.4423657823716,98,60,STABLE,Good
28.10324453,98.7632869390379,86,82,STABLE,Unhealthy for Sensitive Groups
27.6,97.33852391301552,3523,1581,STABLE,Unhealthy
27.2,98.09534100274838,271,803,STABLE,Moderate
32.8,96.0202032773426,235,216,STABLE,Good
32.5,96.62670633486735,3265,369,STABLE,Unhealthy
25.4,98.66220337195563,73,85,STABLE,Good
27.7,97.79883945794083,639,987,VIBRATING,Moderate
28.7,97.8579067065473,3674,592,STABLE,Unhealthy
32.6,98.52703355663783,426,353,STABLE,Moderate
28.20636094,97.18251610460801,85,82,STABLE,Unhealthy
33.2,94.43184559265819,274,557,STABLE,Moderate
28.3,97.21991033066539,2484,3325,STABLE,Unhealthy
28.54105478,94.716298081501,86,80,STABLE,Unhealthy for Sensitive Groups
30.3,97.33189168192521,514,350,STABLE,Moderate
33.8,92.6095544811082,3815,2632,STABLE,Unhealthy
25.7,99.00719143797645,1225,1397,STABLE,Unhealthy for Sensitive Groups
28.2,97.11808998197566,181,86,STABLE,Moderate
24.4,96.57787183056965,84,138,STABLE,Good
28.3,97.57394708304635,80,79,STABLE,Moderate
25.8,96.91955747652337,72,84,STABLE,Good
28.7,97.31433564622581,86,237,VIBRATING,Unhealthy
28.34833739,94.03255163988526,86,80,STABLE,Unhealthy
30.201269937411734,96.02474040247724,4095,578,STABLE,Unhealthy
32.0,96.56168763411246,75,138,STABLE,Good
26.1,98.07747872010837,312,638,STABLE,Moderate
30.1,95.70124487597444,860,3702,STABLE,Unhealthy
25.9,95.60925978879376,2128,2384,STABLE,Unhealthy
31.0,98.79825927264903,838,262,STABLE,Moderate
28.84375349,95.14954142422312,99,82,STABLE,Unhealthy for Sensitive Groups
27.1,96.44168001668122,127,137,STABLE,Good
29.3,98.33109659797834,2801,149,STABLE,Unhealthy
28.1,96.53169880528037,3873,225,STABLE,Unhealthy
25.9,96.78006590723429,50,222,STABLE,Good
31.0,99.17561649735228,2564,287,STABLE,Unhealthy
28.30867479,95.80160132965484,86,81,STABLE,Unhealthy for Sensitive Groups
26.0,97.14667727833266,854,793,STABLE,Moderate
24.8,97.93996028381797,4061,2434,STABLE,Unhealthy
28.1,98.1381926364372,2447,2524,STABLE,Unhealthy
26.7,96.85127594423544,203,108,STABLE,Good
30.6,97.81221988946467,792,749,STABLE,Moderate
31.1,98.5891232374419,689,2526,STABLE,Unhealthy
25.4,98.38200097299809,1534,1169,STABLE,Unhealthy for Sensitive Groups
31.7,97.8539427341676,3183,3404,STABLE,Unhealthy
24.9,96.3610690706581,240,56,STABLE,Good
33.8,96.27019015558669,652,346,STABLE,Moderate
26.5,97.85586391642833,43,92,STABLE,Good
29.0,93.36820350557514,48,89,STABLE,Unhealthy
32.3,94.44276743496232,689,3190,STABLE,Unhealthy
32.3,98.20135014629922,1709,1171,STABLE,Unhealthy for Sensitive Groups
32.1,97.46533463340793,956,2175,STABLE,Unhealthy
27.4,95.38861475059711,78,116,STABLE,Good
32.0,97.50281828371125,392,559,STABLE,Moderate
28.6,98.70339060598862,91,75,STABLE,Moderate
33.6,98.31449828742599,202,77,STABLE,Good
32.4,98.34494501586536,900,477,STABLE,Moderate
31.4,96.99376374511498,55,210,STABLE,Good
27.6,95.32819913792758,867,4040,VIBRATING,Unhealthy
33.8,93.58925442576684,3051,3865,STABLE,Unhealthy
33.25468141,97.30070551552886,97,59,STABLE,Good
26.6,95.00285285748545,72,85,STABLE,Good
28.50101643,97.46255338672174,86,75,STABLE,Unhealthy for Sensitive Groups
28.2,95.92628966834792,86,76,STABLE,Unhealthy for Sensitive Groups
29.7,93.56881707125825,1050,1326,STABLE,Unhealthy for Sensitive Groups
25.5,96.73599227714762,359,4041,STABLE,Unhealthy
34.2,99.04409934922019,96,59,STABLE,Good
31.9,95.27468950779178,4025,2123,STABLE,Unhealthy
32.3,97.23332305201004,2919,961,STABLE,Unhealthy
28.45284675,94.47279410841357,86,77,STABLE,Unhealthy
29.14107712,94.2535458636987,47,89,STABLE,Unhealthy for Sensitive Groups
25.1,93.9304248461749,184,129,STABLE,Good
29.80714429754181,98.02099156608718,500,3477,STABLE,Unhealthy
29.9,96.37758807337264,203,87,STABLE,Good
31.6,98.61912167173666,307,3420,STABLE,Unhealthy
30.2,97.01974702864814,217,167,STABLE,Good
27.8,99.5142025611326,435,969,STABLE,Moderate
28.4,93.84812573341287,85,70,VIBRATING,Moderate
29.3,97.49347873476631,207,86,STABLE,Moderate
26.3,97.49558096093654,73,86,VIBRATING,Good
28.2,98.60292001581841,71,149,STABLE,Good
28.0,98.5483340055705,895,1115,STABLE,Moderate
25.2,99.09946894599832,93,46,STABLE,Good
29.6,97.57006201566311,66,77,STABLE,Moderate
33.6,96.95380845115498,1375,909,STABLE,Unhealthy for Sensitive Groups
29.5,99.66489150047222,3558,1617,STABLE,Unhealthy
33.3,97.80749697115128,3541,2883,STABLE,Unhealthy
30.0,96.76230118999953,2850,2061,STABLE,Unhealthy
24.317745847451405,97.4202808837579,4095,231,STABLE,Unhealthy
27.0,97.56471959684163,354,1189,STABLE,Moderate
33.0,99.19288001280196,773,992,STABLE,Moderate
31.4,94.52769214338957,3097,543,VIBRATING,Unhealthy
29.8,97.3230340049509,68,85,STABLE,Moderate
27.9,96.65283876177963,128,83,STABLE,Good
32.1,98.17293899971502,1401,1828,STABLE,Unhealthy for Sensitive Groups
27.5,95.44384115819906,63,173,STABLE,Good
26.0,99.234019650888,108,35,STABLE,Good
33.3,95.61295143946641,1314,1863,STABLE,Unhealthy for Sensitive Groups
27.6,95.11983074834458,1019,825,STABLE,Unhealthy for Sensitive Groups
30.3,95.24692482513962,552,895,STABLE,Moderate
27.6,93.5173109184612,775,913,STABLE,Moderate
28.7,98.42659933989617,2826,997,STABLE,Unhealthy
29.12122038,95.8064454462983,47,95,STABLE,Unhealthy
25.6,98.72035368648137,656,1126,STABLE,Moderate
29.5,99.26080141863041,66,77,STABLE,Good
27.2,97.93330791248711,97,193,STABLE,Good
28.8,98.76135810157739,227,141,STABLE,Good
27.9,95.28204387841063,83,78,VIBRATING,Moderate
28.4,98.40661400902484,1644,1485,STABLE,Unhealthy for Sensitive Groups
28.7,94.78702606331377,86,83,STABLE,Unhealthy for Sensitive Groups
32.2,96.08585507652715,108,45,STABLE,Good
29.6,93.31148958127693,69,88,STABLE,Moderate
32.4,98.92410187868022,634,619,STABLE,Moderate
30.1,95.49583726000581,96,57,STABLE,Good
26.5,97.74777839561062,576,705,STABLE,Moderate
24.8,97.11142075691482,686,2535,STABLE,Unhealthy
26.9,96.20668886190217,1643,1594,STABLE,Unhealthy for Sensitive Groups
25.493582043851525,98.40454583749671,4095,945,STABLE,Unhealthy
28.58267979,97.16796860776653,86,77,STABLE,Unhealthy
24.6,98.48809747660592,3262,604,STABLE,Unhealthy
30.2,98.80192776135199,709,509,STABLE,Moderate
29.6,94.61852375936616,93,78,STABLE,Good
33.6,98.5885064689951,1505,1063,STABLE,Unhealthy for Sensitive Groups
33.9,95.54431834947579,623,1196,STABLE,Moderate
30.5,94.98011840059925,3834,836,STABLE,Unhealthy
28.5,97.03122087345254,960,2768,STABLE,Unhealthy
25.8,98.21480636552653,794,2654,STABLE,Unhealthy
29.6,95.20368789773768,3469,49,STABLE,Unhealthy
26.5,96.86346586680463,43,93,VIBRATING,Good
28.0502966,97.10887945041723,86,78,STABLE,Unhealthy for Sensitive Groups
26.9,97.5288836705235,214,150,STABLE,Good
32.9,96.76765665956734,3533,649,STABLE,Unhealthy
33.2,96.46204108082117,273,719,STABLE,Moderate
24.8,97.06552538179568,1795,1730,STABLE,Unhealthy for Sensitive Groups
33.2,98.84357318970231,827,1909,VIBRATING,Unhealthy for Sensitive Groups
27.34178569365376,98.35800975153757,4095,4095,STABLE,Unhealthy
29.4,95.19295641830584,95,79,STABLE,Good
32.1,95.63150612808815,1646,1558,STABLE,Unhealthy for Sensitive Groups
29.7,97.18942860988344,69,87,STABLE,Moderate
27.4,97.56219442638837,742,953,STABLE,Moderate
29.9,98.34102397913735,68,91,STABLE,Unhealthy
25.1,96.86539176024081,183,121,STABLE,Good
26.79645776,97.96725101667711,151,4095,STABLE,Unhealthy
28.3,97.94390075770872,278,302,STABLE,Moderate
33.0,98.98524699775177,215,49,STABLE,Good
27.0,97.44265573128243,1029,1637,STABLE,Unhealthy for Sensitive Groups
31.7,97.01421382116506,177,80,STABLE,Good
32.1,96.98978248463338,88,60,STABLE,Good
28.21339432,96.69320717946208,90,80,STABLE,Unhealthy for Sensitive Groups
31.5,98.25613520786959,239,245,STABLE,Good
29.5,98.88114242096127,725,1148,STABLE,Unhealthy for Sensitive Groups
26.8,96.1817429787972,155,82,VIBRATING,Good
33.6,97.97378021022732,3893,2388,STABLE,Unhealthy
32.9,96.79692277525555,1559,788,STABLE,Unhealthy for Sensitive Groups
28.2,96.702828509276,1637,1908,STABLE,Unhealthy for Sensitive Groups
24.9,97.09600588147198,680,757,STABLE,Moderate
28.6,98.47735324532844,171,89,STABLE,Good
31.7,98.4930677428043,47,134,STABLE,Good
25.7,93.60158848921158,699,887,STABLE,Moderate
24.3,98.88692390775903,720,682,STABLE,Moderate
27.8,98.27717239749305,50,120,STABLE,Good
30.3,95.29163260407009,1191,1780,STABLE,Unhealthy for Sensitive Groups
34.1,99.44017865864258,96,60,STABLE,Good
33.6,96.55032406206877,1709,815,STABLE,Unhealthy for Sensitive Groups
25.958051987706668,97.00917270466132,974,4095,STABLE,Unhealthy
29.3,95.82818753317355,104,68,STABLE,Good
30.3,95.38522600316657,608,747,STABLE,Moderate
32.652143256141585,98.80890957798783,4095,4095,STABLE,Unhealthy
26.7867215,98.74758072844362,151,4095,STABLE,Unhealthy
31.9,95.48940735582443,2910,950,STABLE,Unhealthy
25.5,98.89665552868343,73,85,STABLE,Good
27.7,98.45731941977543,2874,3841,STABLE,Unhealthy
28.8,97.36503796784976,83,70,STABLE,Moderate
29.8,98.03438831737613,116,146,STABLE,Good
28.7,99.47311469076743,188,82,STABLE,Moderate
31.7,99.23219879478944,35,137,STABLE,Good
31.1,93.67491376450991,712,436,STABLE,Moderate
28.6,98.32229703157718,953,1147,STABLE,Unhealthy for Sensitive Groups
33.1,99.07213915471502,3765,3581,STABLE,Unhealthy
26.4,96.00466213734609,4011,1245,STABLE,Unhealthy
30.2,98.93456427694534,71,79,VIBRATING,Moderate
24.0,95.86607404414072,237,160,STABLE,Good
25.4,97.26434932365238,2629,434,STABLE,Unhealthy
26.5,97.25841978014537,830,1052,STABLE,Moderate
27.6,95.6053738211498,402,547,STABLE,Moderate
29.4,96.43109432549016,180,141,STABLE,Good
30.0,97.78285191342884,738,1896,STABLE,Unhealthy for Sensitive Groups
28.9,95.30521894560685,94,84,STABLE,Good
28.40046788,93.27358865906987,86,84,STABLE,Unhealthy for Sensitive Groups
26.2,93.17078375262582,1275,804,STABLE,Unhealthy for Sensitive Groups
26.5,95.49720740621862,633,2494,STABLE,Unhealthy
27.33043759597601,97.76045808014793,765,2768,STABLE,Unhealthy
26.82035637,98.31912827645291,152,4095,STABLE,Unhealthy
28.6,98.14468038009804,86,73,VIBRATING,Moderate
27.8,96.21510081564229,927,758,STABLE,Unhealthy for Sensitive Groups
32.6,95.65050677746046,362,2482,STABLE,Unhealthy
28.6,94.38269029276503,43,77,STABLE,Moderate
28.6,96.18274052470854,91,75,VIBRATING,Moderate
27.9,95.59746700649886,679,813,STABLE,Moderate
28.5,96.68369826068337,50,110,STABLE,Moderate
28.3,96.22376370596157,83,78,STABLE,Moderate
27.5,96.00905700829868,740,915,STABLE,Moderate
25.3,97.19556261386326,1303,1402,VIBRATING,Unhealthy for Sensitive Groups
26.5,97.62038167367082,72,86,STABLE,Good
25.1,98.4785432216101,156,116,STABLE,Good
29.6,98.91438110043022,1208,1725,STABLE,Unhealthy for Sensitive Groups
25.0,96.34818696790452,870,1849,STABLE,Unhealthy for Sensitive Groups
26.9,97.4460453670039,3808,4018,STABLE,Unhealthy
26.2,95.76794694528964,171,217,STABLE,Good
33.8,96.19932398540367,715,1863,STABLE,Unhealthy for Sensitive Groups
26.4,98.97451379320083,72,95,STABLE,Good
28.2,95.69671430150788,87,87,STABLE,Unhealthy
28.23059676,96.73618068177812,86,75,STABLE,Unhealthy for Sensitive Groups
25.7,98.74554940333843,3636,3386,STABLE,Unhealthy
28.3,97.7237223193012,86,79,STABLE,Unhealthy for Sensitive Groups
29.8,96.50877562041691,2646,2141,STABLE,Unhealthy
28.1,95.2700712616063,48,66,STABLE,Good
24.4,96.0699978320811,224,167,STABLE,Good
29.0,98.60229497026991,564,979,STABLE,Moderate
28.3,97.74390862551067,1778,1590,STABLE,Unhealthy for Sensitive Groups
26.5,98.78770547580098,44,92,STABLE,Good
32.2,94.86549286606363,1883,974,STABLE,Unhealthy
30.5,92.02749375419933,65,7,STABLE,Moderate
30.2,98.043316563592,71,112,STABLE,Unhealthy for Sensitive Groups
27.9,94.55179892483369,2755,3655,STABLE,Unhealthy
30.3,97.7400882966481,571,4055,STABLE,Unhealthy
29.66176706,95.91977759715046,73,73,STABLE,Unhealthy for Sensitive Groups
28.8,96.81720890911708,378,281,STABLE,Moderate
29.4,98.49534390791851,4037,256,STABLE,Unhealthy
33.5,95.96454934854061,164,164,STABLE,Good
33.9,97.40070856229885,504,896,STABLE,Moderate
24.1,97.98591958814391,868,2910,STABLE,Unhealthy
28.3,98.87847685561042,86,76,STABLE,Moderate
28.3,98.38061454940664,85,75,STABLE,Unhealthy
26.6,97.06143275540386,64,94,VIBRATING,Good
31.60157674,98.10964384775423,87,60,STABLE,Good
24.6,95.4200692569547,1262,1103,STABLE,Unhealthy for Sensitive Groups
24.5,95.96463101908033,3199,584,STABLE,Unhealthy
28.6,96.97296850804489,626,2439,STABLE,Unhealthy
29.07667836,97.07489373898083,47,93,STABLE,Unhealthy
26.1,96.97267454643438,4032,2191,STABLE,Unhealthy
29.1,98.55825941005267,2959,557,STABLE,Unhealthy
24.6,95.61109640505654,329,1011,STABLE,Moderate
29.1,97.14975015025588,39,80,STABLE,Moderate
28.8,95.8873104736766,39,76,VIBRATING,Moderate
28.56511585,97.84361726007917,82,76,STABLE,Unhealthy for Sensitive Groups
30.9,97.52194563266056,3598,600,STABLE,Unhealthy
27.2,95.61428377218535,2479,127,STABLE,Unhealthy
27.4,99.14055146342643,769,1219,STABLE,Unhealthy for Sensitive Groups
28.41662337,99.21933225637537,86,86,STABLE,Unhealthy for Sensitive Groups
32.2,96.26415940107047,243,111,STABLE,Good
27.9,96.65556454123576,176,99,STABLE,Moderate
25.8,96.88254544544,156,158,STABLE,Good
34.0,96.35681585714747,1762,1385,STABLE,Unhealthy for Sensitive Groups
26.4,97.44155897746727,80,149,STABLE,Good
32.3,94.74730154828335,84,185,STABLE,Good
27.6,96.80179877196387,3810,747,STABLE,Unhealthy
29.6,95.38021015113821,1039,1334,STABLE,Unhealthy for Sensitive Groups
32.5,99.2662312734692,3873,2964,STABLE,Unhealthy
28.20506003,96.8881558256466,86,79,STABLE,Unhealthy for Sensitive Groups
29.6,97.40892730205857,76,73,STABLE,Moderate
24.0,94.5168880315647,759,766,STABLE,Moderate
29.8,98.54164608303645,66,80,VIBRATING,Moderate
28.0,98.71031777210305,988,833,STABLE,Unhealthy for Sensitive Groups
29.7,95.56944279142047,195,139,STABLE,Good
29.6,99.24184752538889,1209,1150,STABLE,Unhealthy for Sensitive Groups
28.5,94.93640945904288,86,81,STABLE,Unhealthy
33.6,97.72111193034546,606,2035,STABLE,Unhealthy
26.0,94.33898748689867,103,3460,STABLE,Unhealthy
29.1,96.76504378081052,180,97,STABLE,Moderate
29.0,97.78634156139289,55,214,STABLE,Good
31.0,95.12286419866861,1934,659,VIBRATING,Unhealthy
31.9,95.88066967921829,285,971,STABLE,Moderate
30.7,95.3238432710422,147,244,STABLE,Good
28.2,98.02373732508245,180,86,VIBRATING,Moderate
29.6,95.61511043636708,563,2360,STABLE,Unhealthy
28.4,93.53463220840646,86,82,STABLE,Unhealthy for Sensitive Groups
24.9,96.36098757027108,818,1615,VIBRATING,Unhealthy for Sensitive Groups
27.1,98.51516197121762,1201,1880,STABLE,Unhealthy for Sensitive Groups
33.9,96.96190772726206,484,2098,VIBRATING,Unhealthy
28.1,91.90464382393188,83,158,STABLE,Good
31.3,98.72861259832325,43,172,STABLE,Good
25.7,94.59929856226245,201,118,STABLE,Good
28.8,94.20799028107201,244,3562,STABLE,Unhealthy
25.0,95.80396203656467,108,188,STABLE,Good
29.12604175,98.68701550183135,47,98,STABLE,Unhealthy
29.04956159,99.53417791967065,81,75,STABLE,Unhealthy for Sensitive Groups
27.5,96.20190114181736,86,121,VIBRATING,Good
29.8,94.9902458729277,66,79,STABLE,Moderate
24.6,95.60858524120079,1036,1645,STABLE,Unhealthy for Sensitive Groups
32.3,97.89533034472595,803,1720,STABLE,Unhealthy for Sensitive Groups
28.934962850969363,97.51562114032659,424,2707,STABLE,Unhealthy
27.8,97.25606245106898,1034,1926,STABLE,Unhealthy for Sensitive Groups
25.3,95.88104269317203,618,3208,STABLE,Unhealthy
31.2,98.6279358522427,1322,1544,STABLE,Unhealthy for Sensitive Groups
28.3,94.65269320740961,85,76,STABLE,Moderate
25.84461457,98.74475751332385,73,85,STABLE,Good
27.3,97.67472727746397,430,2570,STABLE,Unhealthy
29.2,97.75588161166228,1664,1224,STABLE,Unhealthy for Sensitive Groups
29.4,96.54800547675181,123,225,STABLE,Good
29.9,98.65783211192878,336,3099,STABLE,Unhealthy
27.7,96.94747534580799,689,997,STABLE,Moderate
28.5,94.7253942713311,684,833,STABLE,Moderate
30.03669561,97.58816145470001,80,167,STABLE,Unhealthy
26.8,93.0643728567503,445,93,STABLE,Good
25.3,95.53274603185154,65,89,STABLE,Good
33.3,94.98346313865042,82,56,STABLE,Good
27.6,98.060686739961,828,914,STABLE,Moderate
32.5,97.81238278739762,945,1857,STABLE,Unhealthy for Sensitive Groups
26.7,95.90807243267939,3050,139,STABLE,Unhealthy
25.6,96.64847254166395,3096,850,STABLE,Unhealthy
26.3,95.32197745283702,750,627,VIBRATING,Moderate
32.2,98.9845003273192,617,973,STABLE,Moderate
27.5,95.64688009931241,3370,628,STABLE,Unhealthy
30.3,95.6692381113684,1100,1977,STABLE,Unhealthy for Sensitive Groups
30.1,98.98447123858013,68,77,STABLE,Moderate
29.6045362,98.86057405801614,66,151,STABLE,Unhealthy
30.9,98.09006736684329,300,612,STABLE,Moderate
25.5,99.37380068471437,985,3945,STABLE,Unhealthy
29.7,96.63430119693268,67,78,STABLE,Unhealthy
30.7,96.79549481593892,461,555,STABLE,Moderate
29.50836986,96.22949594229573,77,77,STABLE,Unhealthy for Sensitive Groups
24.6,98.38192425556727,849,3287,STABLE,Unhealthy
26.1,98.71742144796981,486,3356,STABLE,Unhealthy
30.5,97.97079093666615,320,294,STABLE,Moderate
33.6,97.02643107669574,151,248,STABLE,Good
32.7,95.87562694962187,751,3869,STABLE,Unhealthy
31.7,96.65555576258733,758,1551,STABLE,Unhealthy for Sensitive Groups
32.3,94.54170054992267,194,73,STABLE,Good
28.8,99.17695946726917,813,538,STABLE,Moderate
28.0,99.3523221643508,83,46,STABLE,Moderate
29.0,98.76045836043122,159,2890,STABLE,Unhealthy
24.3,96.86242763351805,573,1145,STABLE,Moderate
31.2,98.6812865747462,2519,3069,STABLE,Unhealthy
30.6,98.4025540820329,350,978,STABLE,Moderate
29.7,95.51655912480915,50,59,STABLE,Good
30.1,98.6992690966695,66,78,STABLE,Moderate
30.5,97.96649821200064,414,2857,STABLE,Unhealthy
28.7,97.19766814392729,86,69,STABLE,Moderate
28.24655441,97.68403366800537,85,77,STABLE,Unhealthy for Sensitive Groups
25.8,94.31420374976742,888,1545,STABLE,Unhealthy for Sensitive Groups
30.1,98.00705603224961,3050,3646,STABLE,Unhealthy
24.3,94.23806458211081,146,65,STABLE,Good
30.566684374849224,97.83306639057136,4095,426,STABLE,Unhealthy
29.06173518,96.12455856231264,48,96,STABLE,Unhealthy
26.7,99.24631982678696,167,217,STABLE,Good
24.2,98.88167027270042,434,624,STABLE,Moderate
28.5,95.4972880015787,87,82,STABLE,Unhealthy
30.7,96.80072529870795,2481,705,STABLE,Unhealthy
33.2,98.04674105700578,246,49,VIBRATING,Good
28.32314806,98.23064857778739,87,85,VIBRATING,Unhealthy for Sensitive Groups
31.3,97.50492702848898,159,80,STABLE,Good
33.5,98.69084487868619,100,164,STABLE,Good
31.3,98.66173821104525,137,3863,STABLE,Unhealthy
27.3,97.10206322611037,91,110,STABLE,Good
24.4,95.59319404825537,58,111,STABLE,Good
32.0,95.87029437251029,832,1801,STABLE,Unhealthy for Sensitive Groups
31.4,98.65467868227617,421,805,STABLE,Moderate
33.3,99.16231649287148,52,149,STABLE,Good
25.9,97.62422267298733,96,179,STABLE,Good
30.1,96.84734556729205,96,57,STABLE,Good
32.3,97.87258717712011,202,164,STABLE,Good
24.4,98.82542179006595,681,640,STABLE,Moderate
31.8,96.12918277417116,649,3204,STABLE,Unhealthy
25.0,98.56771412130213,552,914,STABLE,Moderate
32.7,98.66767108750783,652,377,STABLE,Moderate
26.9,97.69857265457753,700,787,STABLE,Unhealthy for Sensitive Groups
32.4,96.2717046947404,417,919,STABLE,Moderate
29.6,97.94784294836127,101,156,STABLE,Good
27.5,97.671240994919,47,139,STABLE,Good
29.1,97.4937073339141,38,78,STABLE,Moderate
30.5,94.57404962685793,190,61,STABLE,Good
30.3,97.65355506205678,789,356,STABLE,Moderate
33.6,93.81088205159332,894,826,STABLE,Moderate
30.2,97.09924174172602,69,114,STABLE,Unhealthy for Sensitive Groups
30.4,97.4282437228825,94,57,VIBRATING,Good
24.9,94.21090327335442,2543,794,STABLE,Unhealthy
33.6,99.28471191651992,60,3607,VIBRATING,Unhealthy
28.3,94.98164087615376,181,84,STABLE,Moderate
26.4,97.23100292547292,1644,1894,STABLE,Unhealthy for Sensitive Groups
33.9,98.66180123782816,275,280,STABLE,Moderate
28.2,95.72209312359247,86,86,STABLE,Unhealthy
31.2,97.79985133367738,818,1882,STABLE,Unhealthy for Sensitive Groups
29.35920302,97.11519809418603,69,78,STABLE,Unhealthy for Sensitive Groups
30.0,95.9932435322819,68,85,STABLE,Moderate
30.0,97.23678315169451,396,1122,STABLE,Moderate
28.2,96.11861489372606,181,85,VIBRATING,Moderate
26.7,97.24746645214542,454,616,STABLE,Moderate
28.4498847,98.07322009335145,86,83,STABLE,Unhealthy for Sensitive Groups
24.4,97.39515222046623,59,111,STABLE,Good
29.3,97.62982612943352,125,79,STABLE,Good
25.3,93.30998167666112,65,89,STABLE,Good
33.9,95.89417236820674,153,209,STABLE,Good
28.2,98.90296537763174,87,87,VIBRATING,Unhealthy
30.1,96.04130742712259,80,80,STABLE,Good
24.4,97.02917295261135,183,238,STABLE,Good
28.38205747,97.30438583434227,86,83,VIBRATING,Unhealthy
28.56764996,96.74421020671154,51,126,STABLE,Unhealthy for Sensitive Groups
27.2,98.8062594353006,1612,1822,STABLE,Unhealthy for Sensitive Groups
24.2,95.8376871714293,126,55,STABLE,Good
29.88598721,97.29148050964646,72,76,STABLE,Unhealthy
28.23809095,97.28225640831373,86,76,STABLE,Unhealthy for Sensitive Groups
24.2,96.29586416062588,131,2032,STABLE,Unhealthy
31.0,98.43844461354692,209,202,STABLE,Good
27.9,96.56365695177334,3976,3665,STABLE,Unhealthy
28.25019092,95.03246296581091,87,85,STABLE,Unhealthy for Sensitive Groups
29.1,98.65633267012727,39,80,VIBRATING,Moderate
30.9,96.21274592928444,781,847,STABLE,Moderate
26.4,96.41840313075237,120,2443,STABLE,Unhealthy
28.33094398,97.50233435093769,86,75,VIBRATING,Unhealthy
29.5,97.58658016348724,2237,2857,STABLE,Unhealthy
26.8,98.85926113553509,3843,3815,STABLE,Unhealthy
24.8,95.48990755603094,1355,1644,STABLE,Unhealthy for Sensitive Groups
33.9,94.8291076050357,97,60,STABLE,Good
30.6,99.19883775343855,983,1329,STABLE,Unhealthy for Sensitive Groups
24.8,97.83562036451688,3654,585,STABLE,Unhealthy
26.19965157,95.9531955622608,72,86,VIBRATING,Good
32.5,96.73257309610455,4012,314,VIBRATING,Unhealthy
32.5,99.72552407947973,461,1140,STABLE,Moderate
28.8,97.73184692217028,3597,3495,STABLE,Unhealthy
29.2,95.94481361032241,76,81,STABLE,Moderate
34.0,96.74834138333735,2892,356,STABLE,Unhealthy
26.7,98.25706538507143,64,95,STABLE,Good
28.0985726,97.88302606060472,87,80,STABLE,Unhealthy for Sensitive Groups
30.0,98.55177216833266,122,101,STABLE,Good
32.8,98.99950751327081,694,1126,STABLE,Moderate
32.1,95.31519772566274,632,828,STABLE,Moderate
30.5,98.70677885911323,3936,2634,STABLE,Unhealthy
32.3,97.35251790983554,464,2489,STABLE,Unhealthy
28.6,97.799853886265,104,87,STABLE,Unhealthy
30.5,96.73327303866172,545,2462,STABLE,Unhealthy
30.7,98.92204717155498,2368,46,STABLE,Unhealthy
29.02363603041013,99.21006598557905,2687,907,STABLE,Unhealthy
30.7,95.6621023006396,202,2305,STABLE,Unhealthy
28.7,97.28714129994752,116,69,STABLE,Good
28.1,96.617299884627,1123,1771,STABLE,Unhealthy for Sensitive Groups
25.6,99.05498141926104,72,85,STABLE,Good
28.3,95.33879951695361,86,78,STABLE,Unhealthy for Sensitive Groups
24.0,96.67553169859865,317,488,STABLE,Moderate
32.4,96.00263810055249,1063,1076,STABLE,Unhealthy for Sensitive Groups
25.8,99.15923172991543,358,4084,STABLE,Unhealthy
29.03259255,98.88978537166888,46,87,STABLE,Unhealthy
25.1,96.07973713820932,4015,2569,STABLE,Unhealthy
28.13334615,98.46272280879984,86,80,VIBRATING,Unhealthy for Sensitive Groups
30.6,95.86773080132157,651,864,STABLE,Moderate
28.3,98.6817932551385,86,81,VIBRATING,Moderate
30.1,98.36702145682497,96,57,VIBRATING,Good
28.6,96.80867954442103,3834,2387,STABLE,Unhealthy
28.0,99.03710545675506,833,1051,STABLE,Unhealthy for Sensitive Groups
28.3,97.63214346970635,82,4095,STABLE,Unhealthy
32.8,96.29827917738231,31,214,STABLE,Good
29.0,95.69308795879921,263,1184,STABLE,Moderate
27.6,99.61899854024298,617,997,STABLE,Moderate
26.2,96.31642043441258,62,94,STABLE,Good
33.3,94.48384332785251,635,367,STABLE,Moderate
28.33239477,97.82333488513,87,80,STABLE,Unhealthy for Sensitive Groups
28.9,96.09534758412025,670,1033,VIBRATING,Moderate
28.2,96.5474274395976,3947,2129,STABLE,Unhealthy
26.6,97.82506415350367,1124,1962,STABLE,Unhealthy for Sensitive Groups
26.8,97.49027890312813,589,3947,STABLE,Unhealthy
29.0,96.61903006930315,47,88,STABLE,Unhealthy
33.9,96.54372374985822,936,951,STABLE,Unhealthy for Sensitive Groups
29.5,99.04162491049753,233,144,STABLE,Good
28.4,95.2126229769395,85,76,STABLE,Unhealthy for Sensitive Groups
28.18510081,98.74910213077966,86,80,STABLE,Unhealthy for Sensitive Groups
28.9,92.85603321048022,638,2625,STABLE,Unhealthy
30.15851805,97.04460847402926,96,57,VIBRATING,Good
28.6808763,94.48772879122257,59,4095,STABLE,Unhealthy
31.7,98.36399902711518,1575,1818,STABLE,Unhealthy for Sensitive Groups
34.0,97.06942480350665,97,59,STABLE,Good
29.9,96.65894012235827,395,943,STABLE,Moderate
27.2,93.99812772781718,678,851,STABLE,Moderate
28.32862161,99.04709319505623,86,81,STABLE,Unhealthy for Sensitive Groups
29.9,98.98385752033887,68,91,STABLE,Unhealthy
25.7,96.22185395108177,221,212,STABLE,Good
29.3,99.15721420202624,645,553,STABLE,Moderate
28.30578691,97.47238274188709,84,81,STABLE,Unhealthy
26.780953,96.53800400411885,151,4095,STABLE,Unhealthy
32.4,97.93795390360609,1360,1435,STABLE,Unhealthy for Sensitive Groups
31.6,98.8592509554982,639,1015,STABLE,Moderate
28.0,97.82748718222986,227,230,STABLE,Good
30.8,97.50182484547733,1152,1361,STABLE,Unhealthy for Sensitive Groups
24.25972913210207,99.59075972019271,2560,735,STABLE,Unhealthy
30.2,97.09187829240197,217,167,STABLE,Good
33.4,96.62878343924335,3551,1771,STABLE,Unhealthy
33.9,96.92342136985812,1152,1261,STABLE,Unhealthy for Sensitive Groups
33.4,96.75376819851158,190,229,STABLE,Good
28.05677091,96.50741547646248,86,80,STABLE,Unhealthy for Sensitive Groups
24.7,94.66662686101061,3887,1271,STABLE,Unhealthy
33.2,96.56531554305558,2157,539,VIBRATING,Unhealthy
31.9,97.94113018575402,149,46,STABLE,Good
28.1,93.54916869946287,1643,1185,STABLE,Unhealthy for Sensitive Groups
25.8,95.9187921620092,561,505,STABLE,Moderate
31.3,98.6046750914313,3672,797,STABLE,Unhealthy
26.5,94.6481096450683,339,299,STABLE,Moderate
26.3,99.0246357230378,32,221,STABLE,Good
26.4,97.89729632097944,81,192,STABLE,Good
31.3,96.61486389570891,1188,1617,STABLE,Unhealthy for Sensitive Groups
33.7,97.49989613191721,655,1188,STABLE,Moderate
29.5,96.43761421754006,300,421,STABLE,Moderate
29.4,99.0711244200952,353,3796,STABLE,Unhealthy
26.7,95.11716439314894,1963,409,STABLE,Unhealthy
25.7,97.9398049197059,1167,1782,STABLE,Unhealthy for Sensitive Groups
31.7,98.4767632723372,489,299,STABLE,Moderate
28.1,95.39135810437145,1334,1023,STABLE,Unhealthy for Sensitive Groups
26.6,98.10497139165197,835,853,STABLE,Moderate
31.8,99.39120003504101,149,181,STABLE,Good
25.3,96.70840386137078,913,1693,STABLE,Unhealthy for Sensitive Groups
30.3,97.06848849658914,297,1156,STABLE,Moderate
26.69632225,98.80703704354684,45,92,VIBRATING,Good
30.6,96.37435461682907,379,960,STABLE,Moderate
25.4,98.32438583298614,705,716,STABLE,Moderate
24.3,95.42285374149318,2501,3168,STABLE,Unhealthy
32.0,96.11334838269346,853,1068,STABLE,Moderate
28.1,99.14458937194306,86,74,STABLE,Moderate
27.0,97.40730000234346,310,2487,STABLE,Unhealthy
26.6,98.90834249555621,64,94,STABLE,Good
27.0,98.39474304279531,175,121,STABLE,Good
27.2,97.46471568421742,543,2133,STABLE,Unhealthy
30.1,98.89336686123556,96,58,VIBRATING,Good
33.4,97.21555445473551,127,71,STABLE,Good
30.1,96.70296328657238,3841,1073,STABLE,Unhealthy
32.0,96.35622986245737,938,2696,STABLE,Unhealthy
24.2,94.15151098415497,3588,544,STABLE,Unhealthy
32.9,98.066107167228,818,725,STABLE,Unhealthy for Sensitive Groups
29.93541906,95.3575350029123,69,77,STABLE,Unhealthy
24.6,98.8108857941387,836,852,STABLE,Moderate
29.3,93.83364697572955,869,858,STABLE,Unhealthy for Sensitive Groups
25.8,97.14989406048234,66,89,STABLE,Good
29.0,99.081824212661,105,101,STABLE,Moderate
25.6,98.46458510811469,246,187,STABLE,Good
26.2,97.92473861341617,417,697,STABLE,Moderate
28.3,94.45516111215537,80,80,STABLE,Moderate
30.8,97.38681056472598,2332,731,STABLE,Unhealthy
33.4,98.066248967263,715,1388,STABLE,Unhealthy for Sensitive Groups
26.068558711914758,97.71624617923413,4095,4095,STABLE,Unhealthy
30.2,95.6552048505818,69,117,STABLE,Unhealthy for Sensitive Groups
25.8,98.80260688684085,202,3005,STABLE,Unhealthy
28.6,97.33540463078064,634,407,STABLE,Moderate
31.0,96.91981652763785,885,511,STABLE,Moderate
29.2016073,98.06202658950401,52,97,STABLE,Unhealthy
32.2,98.23003820705178,3537,2576,STABLE,Unhealthy
28.85421514878717,99.32246729144941,4095,4095,STABLE,Unhealthy
25.5,97.67500328232823,1069,806,STABLE,Unhealthy for Sensitive Groups
27.0,94.07522378841648,215,85,STABLE,Good
26.17132749912291,98.70279058086138,852,3450,STABLE,Unhealthy
24.5,98.75429097634809,834,1729,STABLE,Unhealthy for Sensitive Groups
27.0,98.10294045331416,3467,312,STABLE,Unhealthy
28.5,97.00298387962845,86,83,STABLE,Unhealthy for Sensitive Groups
31.3,97.56146726992323,835,517,STABLE,Moderate
32.0,95.82826925088953,1077,949,STABLE,Unhealthy for Sensitive Groups
30.03450826,95.63246472453127,80,165,STABLE,Unhealthy
32.5,95.74547648671927,202,101,STABLE,Good
28.84738382,98.46552090357882,54,84,STABLE,Unhealthy for Sensitive Groups
29.528149579051338,96.49686429775826,617,2246,STABLE,Unhealthy
29.3,93.8216750900797,3580,3694,STABLE,Unhealthy
33.3,96.58509085662816,731,1167,STABLE,Moderate
30.1,96.82418205256972,95,58,STABLE,Good
28.8,96.13630915428577,104,83,STABLE,Moderate
26.9,99.17270723626694,2072,305,STABLE,Unhealthy
30.1,94.00623714732075,1794,859,STABLE,Unhealthy for Sensitive Groups
26.1,97.72988767939651,72,86,STABLE,Good
32.4,97.70787383146458,64,148,STABLE,Good
25.7,93.39352168222536,843,2137,STABLE,Unhealthy
27.5,94.83758931910126,543,369,STABLE,Moderate
25.0,98.90934426757,3062,3788,STABLE,Unhealthy
26.5,99.06168562814953,893,1449,STABLE,Unhealthy for Sensitive Groups
29.9,98.10674020650673,68,90,STABLE,Unhealthy
26.9,97.28960021894723,44,92,STABLE,Good
26.2,95.76329646717457,249,200,STABLE,Good
28.45267899,96.27534999205288,86,77,STABLE,Unhealthy for Sensitive Groups
27.3,97.74198189125606,315,596,STABLE,Moderate
32.7,97.2586416149694,88,169,STABLE,Good
29.0,96.4147499479643,1372,1178,STABLE,Unhealthy for Sensitive Groups
29.5,96.9492926540685,69,90,VIBRATING,Moderate
29.7,99.61892405114664,885,1792,STABLE,Unhealthy for Sensitive Groups
29.21910291,94.24445639296144,47,91,VIBRATING,Unhealthy
28.6,97.6935729783633,856,838,STABLE,Unhealthy for Sensitive Groups
24.8,97.11643838654933,2352,460,STABLE,Unhealthy
32.0,95.49623124247678,323,1088,STABLE,Moderate
33.3,94.78588055826178,3662,318,STABLE,Unhealthy
27.8,95.4625570963916,902,1003,STABLE,Unhealthy for Sensitive Groups
24.3,97.94210259926922,2688,588,STABLE,Unhealthy
31.4,97.90140055608687,861,424,STABLE,Moderate
33.2,94.91629636534644,94,59,STABLE,Good
32.8,95.10491295080944,808,894,STABLE,Unhealthy for Sensitive Groups
30.3,99.16776822893317,3334,756,STABLE,Unhealthy
28.3,96.35829859822522,973,1398,STABLE,Unhealthy for Sensitive Groups
31.5,95.97305371400903,137,207,STABLE,Good
27.6,98.11192185030883,2110,3381,STABLE,Unhealthy
27.6,97.74244965966692,760,1170,STABLE,Moderate
24.8,95.63248000067733,804,738,STABLE,Moderate
27.0,96.42680403610613,3024,250,STABLE,Unhealthy
25.6,98.41853970425404,83,91,STABLE,Good
28.26025773,99.21046310460278,50,108,STABLE,Unhealthy for Sensitive Groups
28.77782638,96.1034486674176,85,237,STABLE,Unhealthy
28.5,95.8630954007845,85,73,STABLE,Moderate
33.4,97.79842127963293,538,598,STABLE,Moderate
30.9,97.90392005492326,234,108,STABLE,Good
31.5,98.17179275750509,82,46,STABLE,Good
28.23664209,95.55661779201401,86,83,VIBRATING,Unhealthy for Sensitive Groups
26.4,96.00344070923758,841,1130,STABLE,Moderate
28.50813064,93.10376532206716,86,81,STABLE,Unhealthy
24.4,98.78381942084064,916,1657,STABLE,Unhealthy for Sensitive Groups
29.4,95.8828527676235,79,142,STABLE,Good
33.4,94.53179641629212,594,531,STABLE,Moderate
27.6,98.01968054383028,2265,3188,STABLE,Unhealthy
29.1,95.81481768358275,47,92,STABLE,Unhealthy
27.2,97.70301114420266,2442,2165,STABLE,Unhealthy
31.763310359112054,97.65171742664644,2512,71,STABLE,Unhealthy
26.1,97.63132637809588,75,209,STABLE,Good
28.0,98.69382693848478,1073,923,VIBRATING,Unhealthy for Sensitive Groups
26.2,95.33303585280757,2031,466,STABLE,Unhealthy
29.01995069,97.13550296272228,46,88,STABLE,Unhealthy
28.3,95.86179940352272,85,75,VIBRATING,Unhealthy
25.9,93.89203566141919,514,1081,STABLE,Moderate
33.1,96.0852064982849,3582,2275,STABLE,Unhealthy
28.53564341,99.42033453716061,86,83,STABLE,Unhealthy for Sensitive Groups
33.4,99.2817030167873,873,1665,STABLE,Unhealthy for Sensitive Groups
32.9,96.5102988043533,852,1096,STABLE,Moderate
29.715105433765224,99.32717221574113,4095,856,STABLE,Unhealthy
28.0,98.11145418854603,215,49,STABLE,Good
26.8,98.13430559997758,1184,714,STABLE,Unhealthy for Sensitive Groups
33.8,98.10484159125198,1486,1873,VIBRATING,Unhealthy for Sensitive Groups
24.3,95.28083393186503,540,3066,STABLE,Unhealthy
27.7,96.75210871177124,378,314,STABLE,Moderate
27.7,99.47738658067217,724,1044,STABLE,Moderate
29.9,98.25251990975828,67,76,STABLE,Moderate
28.9,97.18604472790491,103,84,STABLE,Good
28.3,96.79870129107768,85,79,VIBRATING,Unhealthy for Sensitive Groups
26.510826722636416,98.22358414313744,4095,4095,STABLE,Unhealthy
27.1,96.41679302795028,781,1951,STABLE,Unhealthy for Sensitive Groups
29.4,98.24492683178957,74,82,VIBRATING,Moderate
28.46486971,97.78071848546954,86,79,STABLE,Unhealthy
33.0,96.79090336602991,844,760,STABLE,Moderate
26.9,95.52856623835842,2743,915,STABLE,Unhealthy
27.47890749882701,99.74096303201436,101,4095,STABLE,Unhealthy
26.7,99.34004910358811,152,81,STABLE,Good
24.4,94.40924010250872,2542,758,STABLE,Unhealthy
28.9,97.40802112294548,1051,1980,STABLE,Unhealthy for Sensitive Groups
24.7,93.36593450166706,196,224,STABLE,Good
26.1,96.20445435901887,63,94,STABLE,Good
34.1,96.93356711965396,97,59,VIBRATING,Good
26.3,94.99928437995419,251,613,STABLE,Moderate
24.6,97.44503700035841,819,1924,STABLE,Unhealthy for Sensitive Groups
24.5,96.12698689208172,440,3825,VIBRATING,Unhealthy
29.0,97.0397973524115,3037,2105,STABLE,Unhealthy
26.8,94.67858858399805,48,115,STABLE,Good
31.1,95.18140018574456,1524,1095,STABLE,Unhealthy for Sensitive Groups
24.7,94.65980999508953,877,566,STABLE,Moderate
26.3,98.4452979861971,1057,1184,STABLE,Unhealthy for Sensitive Groups
33.6,97.53679672620703,2165,334,STABLE,Unhealthy
29.0,94.95660194765989,46,88,STABLE,Unhealthy
33.9,97.40900674673667,1224,1501,STABLE,Unhealthy for Sensitive Groups
27.515697461459105,99.6460017079564,4095,4095,STABLE,Unhealthy
26.999863887453365,97.5448984648578,2308,652,STABLE,Unhealthy
30.1,98.43282411965521,68,81,STABLE,Moderate
29.0,97.7925516086393,39,82,VIBRATING,Moderate
24.7,98.91383462773096,61,106,STABLE,Good
26.4,98.07357128295772,215,179,STABLE,Good
31.4,95.70221571737197,1767,810,STABLE,Unhealthy for Sensitive Groups
29.4,96.8620955925821,73,82,STABLE,Moderate
33.1,97.69881819799998,236,3165,STABLE,Unhealthy
29.89787536,97.8881662854804,68,207,VIBRATING,Unhealthy
32.7,96.40704631187279,965,743,STABLE,Unhealthy for Sensitive Groups
28.60402109,97.29593319671017,84,4095,STABLE,Unhealthy
29.8,95.6680651011737,846,2786,VIBRATING,Unhealthy
25.6,98.4691869504195,1239,1307,STABLE,Unhealthy for Sensitive Groups
28.284523,97.0742035309733,86,79,VIBRATING,Unhealthy for Sensitive Groups
26.8,96.0637398146579,786,1212,STABLE,Unhealthy for Sensitive Groups
25.08411477192537,99.38112190586973,4095,66,STABLE,Unhealthy
28.35136425,99.07047720232987,85,75,STABLE,Unhealthy for Sensitive Groups
33.0,99.43542673078844,391,1036,STABLE,Moderate
26.8,93.1276932557724,45,92,VIBRATING,Good
33.6,93.76790501526587,766,987,STABLE,Moderate
31.2,95.84760393991711,142,57,STABLE,Good
27.4,95.31552979048365,86,228,STABLE,Good
27.5,98.575818363529,243,129,STABLE,Good
25.1,98.06250193138064,2899,2628,STABLE,Unhealthy
29.7614854,97.75754578494374,67,78,STABLE,Unhealthy
24.4,97.11787547809337,434,2597,STABLE,Unhealthy
25.7,97.52629816698156,499,2324,STABLE,Unhealthy
28.43474134,98.33848450712419,87,76,STABLE,Unhealthy
25.1,96.71515596663008,968,1715,STABLE,Unhealthy for Sensitive Groups
32.8,99.40599500549827,537,749,STABLE,Moderate
33.3,96.55841227955602,862,948,STABLE,Moderate
28.8,96.71144549286456,79,76,STABLE,Good
31.5,96.56827813819207,4012,3152,STABLE,Unhealthy
27.1,96.94626312778477,395,313,STABLE,Moderate
27.8,97.62411728228187,2847,228,STABLE,Unhealthy
30.116095,98.52067300137038,74,149,STABLE,Unhealthy for Sensitive Groups
26.1560938,97.67075912009464,67,90,STABLE,Good
30.8,98.6278005385771,509,361,STABLE,Moderate
29.1,94.8706827943727,388,1046,STABLE,Moderate
29.01131098,98.97101817562735,46,89,VIBRATING,Unhealthy
29.8,94.20618747305474,71,73,VIBRATING,Unhealthy for Sensitive Groups
30.1,95.03055524804921,96,58,STABLE,Good
26.5,97.60801838816627,43,92,STABLE,Good
25.2,97.74379267336857,116,156,STABLE,Good
28.6,97.66316749023977,221,91,STABLE,Moderate
32.8,96.13071539847158,2250,2443,STABLE,Unhealthy
27.8,96.63357818230588,43,119,STABLE,Good
33.7,94.67959011613029,496,677,STABLE,Moderate
30.8,98.2283111701884,3113,3712,STABLE,Unhealthy
32.9,98.07351313182895,108,3364,STABLE,Unhealthy
26.1,98.238524895661,1623,1392,STABLE,Unhealthy for Sensitive Groups
27.4,98.80734808392205,187,64,STABLE,Good
30.9,99.59489708032912,874,4029,STABLE,Unhealthy
28.6,95.6376084292066,56,181,STABLE,Good
30.2,99.01463971937088,182,232,STABLE,Good
28.29515349,98.89164724141888,86,82,VIBRATING,Unhealthy for Sensitive Groups
31.2,92.73843575907108,180,103,STABLE,Good
28.1,97.62676721431059,188,3498,STABLE,Unhealthy
26.9,98.31918696180597,99,84,STABLE,Good
25.6,95.02997814567998,141,155,STABLE,Good
26.5,96.73939539165276,41,94,STABLE,Good
25.9,97.57624121746755,476,367,STABLE,Moderate
28.32323057,97.83024314207785,86,82,STABLE,Unhealthy for Sensitive Groups
29.83241588,98.30065719458283,69,79,VIBRATING,Unhealthy
30.4,99.38090898717321,95,58,STABLE,Good
29.459601464828047,96.97741048258129,200,2041,STABLE,Unhealthy
31.2,95.19421097042348,1450,1715,STABLE,Unhealthy for Sensitive Groups
25.0,97.2804020332444,138,246,STABLE,Good
29.8,99.55719539849935,66,79,STABLE,Moderate
27.0,97.41130734296739,903,824,STABLE,Unhealthy for Sensitive Groups
32.9,99.42353617792489,834,1765,STABLE,Unhealthy for Sensitive Groups
31.2,96.29632881264848,1179,712,STABLE,Unhealthy for Sensitive Groups
28.9,96.78500508914351,233,101,STABLE,Good
24.3,97.84615213055373,193,217,STABLE,Good
28.23645678,99.53826549582028,87,86,STABLE,Unhealthy
30.1,98.297870275214,95,189,STABLE,Good
28.8,96.338852648054,825,761,STABLE,Unhealthy for Sensitive Groups
30.7,99.07385544089348,643,968,STABLE,Moderate
24.7,99.65605340325696,56,235,STABLE,Good
32.2,99.35339674174271,885,1380,STABLE,Unhealthy for Sensitive Groups
31.2,95.10118809399555,191,91,STABLE,Good
28.6,96.02261845176723,184,89,STABLE,Moderate
25.1,96.51331159343682,37,220,STABLE,Good
24.1,94.42611573374887,158,50,STABLE,Good
31.7,96.48539732205045,1546,1815,STABLE,Unhealthy for Sensitive Groups
28.2,94.63924150386677,86,77,STABLE,Moderate
24.8,98.00508550433453,3671,717,STABLE,Unhealthy
33.3,97.8822900063809,99,59,STABLE,Good
25.3,97.24467689808993,96,195,STABLE,Good
31.4,99.52091000368141,221,81,STABLE,Good
32.2,94.1456271775113,595,1057,STABLE,Moderate
27.7,96.90959182858185,762,651,STABLE,Moderate
31.9,97.43694395270155,197,248,STABLE,Good
30.2,98.44168625523528,71,98,STABLE,Moderate
32.4,98.7861314352754,205,88,STABLE,Good
31.80601712,96.19653112385032,87,60,VIBRATING,Good
30.0,97.81699669233545,676,788,STABLE,Moderate
26.7,96.94006021485757,250,131,STABLE,Good
31.8,97.08684993882596,429,3697,STABLE,Unhealthy
29.1,97.65095800718703,47,94,VIBRATING,Unhealthy
33.31478185,95.05193774878747,99,59,STABLE,Good
31.8,96.03765341051869,511,3820,STABLE,Unhealthy
30.5,97.75435044606647,2066,109,STABLE,Unhealthy
33.6,95.48634811254324,97,59,STABLE,Good
25.4,96.74372076649524,1109,1275,STABLE,Unhealthy for Sensitive Groups
30.4,95.42941520034118,209,151,STABLE,Good
33.9,97.90569584848973,675,782,STABLE,Moderate
29.9,97.24304448111523,635,3046,STABLE,Unhealthy
25.02046030072665,99.32372350766238,4095,507,STABLE,Unhealthy
24.1,92.84697849920455,638,311,STABLE,Moderate
24.8,95.83168429605341,582,1019,STABLE,Moderate
24.22631024366752,97.69230084975429,676,4095,STABLE,Unhealthy
26.6,99.20337047317726,41,94,STABLE,Good
26.6,97.05724333988398,103,158,STABLE,Good
28.3,94.79729637419182,87,82,STABLE,Moderate
27.9,96.49238236505735,4022,1384,STABLE,Unhealthy
26.4,98.08812181603396,3647,2815,STABLE,Unhealthy
28.5,98.56172805580694,3729,2831,STABLE,Unhealthy
28.4,97.86121812824466,86,76,STABLE,Moderate
29.4,97.86493220135806,1185,1814,STABLE,Unhealthy for Sensitive Groups
24.0,97.28552099744331,1023,1663,STABLE,Unhealthy for Sensitive Groups
31.3,97.50067811703593,527,2456,STABLE,Unhealthy
32.2,98.80753841704164,422,964,STABLE,Moderate
29.1,96.02346221761414,80,183,STABLE,Good
28.4,98.45575725899357,86,77,STABLE,Unhealthy for Sensitive Groups
24.4,96.42735079266137,115,113,STABLE,Good
25.7,96.23267506722244,2667,414,STABLE,Unhealthy
25.6,94.27362145567946,2470,919,STABLE,Unhealthy
31.0,97.20289384969871,1863,804,STABLE,Unhealthy
30.9,96.34503964899038,69,2454,STABLE,Unhealthy
31.3,98.26526765917686,109,229,STABLE,Good
30.1,96.07182358360859,778,498,STABLE,Moderate
29.2,93.28759992787826,3948,2819,STABLE,Unhealthy
26.5,95.78882635438397,1994,2375,STABLE,Unhealthy
28.7,95.37810515486255,89,3369,STABLE,Unhealthy
30.7,96.97740088280585,1080,1777,STABLE,Unhealthy for Sensitive Groups
28.29343328,94.94104846113802,86,79,STABLE,Unhealthy for Sensitive Groups
29.1,98.17566332152602,3131,763,STABLE,Unhealthy
32.7,97.7093086865874,3905,579,STABLE,Unhealthy
25.9,98.79524486871712,79,93,STABLE,Good
29.0,91.83128347291607,38,79,STABLE,Moderate
25.7,93.57786265077328,228,191,VIBRATING,Good
25.0,98.2705921098714,3989,3751,STABLE,Unhealthy
24.5,98.68649672448088,468,2799,STABLE,Unhealthy
27.3,95.56579192949263,436,1161,STABLE,Moderate
26.4,97.74256271529062,151,205,VIBRATING,Good
28.3,98.24931069763268,85,80,STABLE,Unhealthy for Sensitive Groups
31.0,95.96441404096986,469,1166,STABLE,Moderate
30.9,97.17597300661686,192,3328,STABLE,Unhealthy
28.4723456,95.35335519269577,86,81,STABLE,Unhealthy for Sensitive Groups
30.1,98.50792200103245,68,77,STABLE,Good
28.58705431,98.22953364567455,86,81,STABLE,Unhealthy for Sensitive Groups
26.5,96.30577861892877,43,92,STABLE,Good
31.6,95.5385373777598,1956,314,STABLE,Unhealthy
28.4,97.13079769044803,86,83,STABLE,Unhealthy for Sensitive Groups
30.2,97.31479046063136,68,112,STABLE,Unhealthy for Sensitive Groups
33.5,98.68081338387437,540,949,STABLE,Moderate
32.1,99.42977024675282,2322,2987,STABLE,Unhealthy
30.1,97.10380920685265,68,83,STABLE,Moderate
27.0,98.00925854298613,3133,2832,STABLE,Unhealthy
27.2,99.38828531977549,1241,1318,STABLE,Unhealthy for Sensitive Groups
33.3,99.22421033404247,1168,1950,STABLE,Unhealthy for Sensitive Groups
26.4,97.8833213459417,73,86,STABLE,Good
26.0,96.2466702916251,213,185,STABLE,Good
28.3,97.79572397710018,80,79,STABLE,Unhealthy for Sensitive Groups
26.6,98.84374121221481,2301,651,STABLE,Unhealthy
28.35846707,99.53396886535955,86,76,STABLE,Unhealthy for Sensitive Groups
27.4,96.5445817029749,379,1054,STABLE,Moderate
26.2,97.29506245536327,1740,1325,STABLE,Unhealthy for Sensitive Groups
25.8,93.46803432427289,1725,1992,STABLE,Unhealthy for Sensitive Groups
24.7,98.62592771936698,60,106,VIBRATING,Good
27.8,98.59505159492147,349,3081,STABLE,Unhealthy
27.2,97.7973505726803,172,113,STABLE,Good
24.3,95.8019771574793,1458,1301,STABLE,Unhealthy for Sensitive Groups
28.04373707,97.49173063374504,86,80,STABLE,Unhealthy for Sensitive Groups
30.2,96.5221147817834,69,112,VIBRATING,Unhealthy for Sensitive Groups
29.9,94.51802393979985,724,1683,STABLE,Unhealthy for Sensitive Groups
24.4,98.10807529233497,75,95,STABLE,Good
33.0,93.4930230060953,160,199,STABLE,Good
33.8,95.890802375947,226,41,STABLE,Good
30.2,97.09060621766919,68,116,STABLE,Unhealthy for Sensitive Groups
28.5,97.65611528881068,361,278,STABLE,Moderate
28.75295288,98.14467947584066,88,75,STABLE,Unhealthy
29.8,99.42711884263547,1116,883,STABLE,Unhealthy for Sensitive Groups
30.01256634,95.90373483382204,69,228,VIBRATING,Unhealthy
26.1,94.44525148560268,1777,746,STABLE,Unhealthy for Sensitive Groups
31.9,97.4343460002609,3203,3054,VIBRATING,Unhealthy
28.3,96.91112416568559,87,79,VIBRATING,Moderate
28.39607806,97.32174362691018,86,84,STABLE,Unhealthy for Sensitive Groups
29.258462297710246,99.24935841306704,360,3106,STABLE,Unhealthy
25.9,95.4242154254391,424,548,STABLE,Moderate
28.2,97.60622105856909,53,115,STABLE,Unhealthy
29.5,96.77178484850155,66,76,STABLE,Good
27.6,96.98919903166029,49,155,STABLE,Good
25.2,94.78790040779816,824,1079,STABLE,Moderate
30.8,99.42905147965871,3967,413,STABLE,Unhealthy
29.6,96.22883431617825,70,72,STABLE,Moderate
24.462020082072282,97.48673936078963,783,4095,STABLE,Unhealthy
33.9,97.6362750277348,876,787,STABLE,Unhealthy for Sensitive Groups
27.2,97.41399473719422,103,105,STABLE,Good
25.5,94.766424718703,72,85,STABLE,Good
28.6,93.38565682573356,86,81,VIBRATING,Unhealthy for Sensitive Groups
29.88785824,97.545276546306,66,84,STABLE,Unhealthy
28.4,96.91961285676645,683,2012,STABLE,Unhealthy
32.6,96.27536815030648,838,507,STABLE,Moderate
30.4,94.89038295106732,1451,1695,STABLE,Unhealthy for Sensitive Groups
26.9,95.83052613231499,44,94,STABLE,Good
33.2,98.64149548289906,156,205,VIBRATING,Good
25.7,98.51202349239404,861,909,STABLE,Moderate
29.3,96.12541806373864,1419,790,STABLE,Unhealthy for Sensitive Groups
32.2,95.88392518731564,579,348,STABLE,Moderate
27.7,96.23005182049661,2651,2802,STABLE,Unhealthy
28.3,97.20630955203633,86,84,STABLE,Unhealthy for Sensitive Groups
32.1,93.61269409438539,101,57,STABLE,Good
25.5,97.2789303477364,594,1068,STABLE,Moderate
33.1,96.86593741637463,100,60,STABLE,Good
28.4,98.70621474318563,86,80,STABLE,Unhealthy for Sensitive Groups
28.31335065,95.77977552972177,86,80,STABLE,Unhealthy
33.0,97.62100779453282,53,126,STABLE,Good
24.4,94.73961499634953,77,97,STABLE,Good
26.0,97.23244366019884,799,869,STABLE,Unhealthy for Sensitive Groups
29.05208168,97.74004032887021,46,90,STABLE,Unhealthy
29.1,95.45698757200675,794,1147,STABLE,Moderate
31.8,93.93668618438008,581,665,STABLE,Moderate
28.9,95.95170971720513,138,77,STABLE,Good
29.8,94.97239827051163,66,78,STABLE,Moderate
25.5,95.2002826193291,3277,899,STABLE,Unhealthy
29.1,97.22127009794458,84,70,VIBRATING,Moderate
31.9,97.43993458767602,3097,739,STABLE,Unhealthy
33.872654559895665,99.56503456273546,4095,4095,STABLE,Unhealthy
30.0,94.08416053158098,946,2682,STABLE,Unhealthy
30.5,97.28898608175975,108,132,STABLE,Good
29.4,96.77402912894141,94,79,STABLE,Good
28.2,99.31526729055152,87,81,STABLE,Unhealthy for Sensitive Groups
25.3,97.47345831770474,185,186,STABLE,Good
28.3,96.71096066503604,959,1435,STABLE,Unhealthy for Sensitive Groups
29.3,99.30070933173168,299,571,STABLE,Moderate
27.5,95.35136406364823,130,119,STABLE,Good
25.4,96.16419190679058,250,214,STABLE,Good
29.0184065,96.66155360799128,69,88,STABLE,Unhealthy
33.8,97.9950156060912,3010,2940,STABLE,Unhealthy
29.4,98.59054892286281,2461,2025,STABLE,Unhealthy
28.21313351,93.7596562655585,50,107,STABLE,Unhealthy for Sensitive Groups
25.2,95.70990517569248,720,1895,STABLE,Unhealthy for Sensitive Groups
27.4,99.02902093693645,1239,933,STABLE,Unhealthy for Sensitive Groups
30.4,95.6775096805906,1487,1710,STABLE,Unhealthy for Sensitive Groups
29.2,95.19649425483868,48,97,STABLE,Unhealthy
33.4,97.28605288133815,98,59,STABLE,Good
28.72649158,95.12875299663676,92,82,STABLE,Unhealthy for Sensitive Groups
29.7,96.0710534852379,354,315,STABLE,Moderate
28.6,95.08354974030703,82,98,STABLE,Moderate
33.2,95.54019084348617,97,59,STABLE,Good
28.2,96.01691818306587,87,81,STABLE,Moderate
25.3,97.45337873066318,106,83,STABLE,Good
32.3,99.20158246437676,770,790,STABLE,Moderate
25.3,97.67072352572528,404,865,STABLE,Moderate
33.3,96.55014757813751,995,947,STABLE,Unhealthy for Sensitive Groups
33.8,99.06376033521883,215,54,STABLE,Good
33.5,96.07986480593975,467,617,STABLE,Moderate
32.2,96.74386501545543,1841,286,STABLE,Unhealthy
26.4,97.64370999582118,63,94,STABLE,Good
27.4,95.73733411986635,2731,3839,VIBRATING,Unhealthy
28.5,96.44946429966377,369,445,STABLE,Moderate
32.80823160610551,99.59402851759506,4095,4095,STABLE,Unhealthy
28.8,96.10846491492265,259,1103,STABLE,Moderate
28.4,96.87815022985708,86,77,VIBRATING,Unhealthy
28.3,98.03940100505098,577,1174,STABLE,Moderate
27.3,98.90057057249439,3563,926,STABLE,Unhealthy
29.03198681,95.71236654567299,47,87,STABLE,Unhealthy
28.9,97.87181484152005,2953,4055,STABLE,Unhealthy
31.1,95.69573663405387,409,1168,STABLE,Moderate
33.3,96.3503937262474,2466,499,STABLE,Unhealthy
26.2,97.26948682834917,1525,849,STABLE,Unhealthy for Sensitive Groups
26.8,97.18720692079413,1555,1272,STABLE,Unhealthy for Sensitive Groups
31.5,98.55853362062014,74,201,STABLE,Good
28.23378749,98.53426588201717,86,83,VIBRATING,Unhealthy for Sensitive Groups
27.8,97.60826995781942,3128,346,STABLE,Unhealthy
33.8,97.86577757968912,188,136,STABLE,Good
32.2,98.84515295847169,976,1633,STABLE,Unhealthy for Sensitive Groups
28.34169737,97.18087082099288,86,83,STABLE,Unhealthy for Sensitive Groups
28.38974304,95.22958936558707,86,82,STABLE,Unhealthy for Sensitive Groups
28.57285735,99.0201710680314,85,80,STABLE,Unhealthy
28.34505858,97.1440099288015,87,80,STABLE,Unhealthy for Sensitive Groups
28.5,94.56644028231506,644,749,STABLE,Moderate
27.4,91.99971571305373,789,542,STABLE,Moderate
28.37032776,97.70540661456053,86,77,STABLE,Unhealthy for Sensitive Groups
24.8,94.81862542397644,272,598,STABLE,Moderate
28.6831663,95.28512882115562,51,109,VIBRATING,Unhealthy
27.8,98.29937362563241,1024,1499,VIBRATING,Unhealthy for Sensitive Groups
30.2,96.62758659376806,70,113,VIBRATING,Unhealthy for Sensitive Groups
28.15000961,99.47320236875188,86,79,STABLE,Unhealthy for Sensitive Groups
31.3,96.81544725127046,294,730,STABLE,Moderate
32.71613265055845,99.89495340617674,3045,123,STABLE,Unhealthy
28.44795821,99.36829687775227,87,76,STABLE,Unhealthy
26.9,95.50253418122085,170,53,STABLE,Good
30.8,94.46418256016145,371,390,STABLE,Moderate
27.5,95.44246749831935,218,224,STABLE,Good
29.0,95.21756176854174,791,2143,STABLE,Unhealthy
29.38495712,97.18852460536834,56,83,STABLE,Unhealthy
28.2,95.2993534392753,181,87,STABLE,Moderate
26.0,94.21390429136108,72,85,STABLE,Good
28.8,98.25530447141551,86,71,STABLE,Moderate
29.4,96.14205316287811,253,632,STABLE,Moderate
32.5,98.1646287882971,488,427,STABLE,Moderate
28.35758684,98.90524308040862,86,82,STABLE,Unhealthy
24.4,95.33626544904122,729,415,STABLE,Moderate
26.6,96.59344190484462,860,2812,STABLE,Unhealthy
29.0,94.07498534846069,594,3109,STABLE,Unhealthy
32.0,95.70504675833541,346,3496,STABLE,Unhealthy
33.87411998,98.23365211970234,96,59,STABLE,Good
27.1,97.10621921444168,466,398,STABLE,Moderate
32.12618825863556,98.43706210450875,4095,729,VIBRATING,Unhealthy
28.25876277,96.86990021025422,86,80,STABLE,Unhealthy for Sensitive Groups
24.2,93.88638894956362,365,2782,STABLE,Unhealthy
30.12595558,95.9069809113112,76,143,STABLE,Unhealthy for Sensitive Groups
26.3,97.76781181432278,740,670,STABLE,Moderate
32.8,97.34298109748413,215,199,STABLE,Good
26.3,98.28853761095394,1989,223,STABLE,Unhealthy
25.4,96.33848108394594,443,692,STABLE,Moderate
28.1,97.77489954987031,2879,352,STABLE,Unhealthy
27.1,96.88999768835123,439,1105,VIBRATING,Moderate
25.6,94.86446563383817,211,237,STABLE,Good
31.2,94.97031428550811,93,56,STABLE,Good
28.3,98.93981595362256,250,163,STABLE,Good
25.4,97.83698327981512,742,903,STABLE,Moderate
26.5,94.00093045788742,2592,714,STABLE,Unhealthy
29.5,96.77811965423551,374,3560,STABLE,Unhealthy
29.9,99.45001600520293,68,90,STABLE,Unhealthy
28.0,99.00718148150422,2035,314,STABLE,Unhealthy
28.2,98.8094871226563,52,116,STABLE,Unhealthy
28.6,97.26779626502886,86,81,STABLE,Unhealthy for Sensitive Groups
32.2,95.22043876549279,1538,1858,STABLE,Unhealthy for Sensitive Groups
33.5,94.76044164103024,3328,302,STABLE,Unhealthy
26.2,96.63944934599837,88,110,STABLE,Good
27.9,95.02182382204225,151,196,STABLE,Good
26.0,96.23318794259625,223,124,STABLE,Good
28.35152216,98.96331202528205,85,77,STABLE,Unhealthy for Sensitive Groups
33.1,95.81492963572963,251,497,STABLE,Moderate
34.0,95.38337301517302,883,381,STABLE,Moderate
32.7,93.23399508328752,1927,363,STABLE,Unhealthy
28.1,94.7996202778362,172,93,STABLE,Moderate
24.0,98.7051690713577,4063,303,STABLE,Unhealthy
33.6,98.04804730124789,186,166,STABLE,Good
24.8,97.69213948523993,464,788,STABLE,Moderate
26.0,94.15745182821959,79,104,STABLE,Good
32.1,98.92629251586732,318,3755,STABLE,Unhealthy
33.8,96.18007090740235,1777,1425,STABLE,Unhealthy for Sensitive Groups
25.8,95.68524186376628,72,85,STABLE,Good
31.6,94.04023971596354,161,95,STABLE,Good
29.4,98.25334969334743,66,76,VIBRATING,Good
29.5,98.3251427314962,134,139,STABLE,Good
32.3,98.02214113295805,31,108,STABLE,Good
29.61836597,95.15973904853695,66,151,STABLE,Unhealthy
27.7,98.69752398095274,172,112,STABLE,Good
28.49675113,98.30356064553861,85,81,STABLE,Unhealthy
28.1,99.38532536765472,584,695,STABLE,Moderate
27.0,98.17060476238981,2136,961,STABLE,Unhealthy
27.3,99.59330240288918,1419,1593,STABLE,Unhealthy for Sensitive Groups
33.5,98.44777217394031,555,919,STABLE,Moderate
25.8,98.71003132923865,125,207,STABLE,Good
31.0,95.68966286325178,651,957,STABLE,Moderate
30.8,98.9757532047261,121,222,STABLE,Good
29.2,99.3237030819387,36,249,STABLE,Good
24.07488108998947,99.17827602864035,4095,489,STABLE,Unhealthy
31.8,98.72385295836553,1050,705,STABLE,Unhealthy for Sensitive Groups
26.03287516,94.82499322096344,62,94,STABLE,Good
28.37004041,98.06386109117678,85,74,STABLE,Unhealthy for Sensitive Groups
25.1,99.03691920367257,1161,762,STABLE,Unhealthy for Sensitive Groups
28.36656372,96.83391840672712,86,77,STABLE,Unhealthy
32.1,94.30411709106967,892,2275,STABLE,Unhealthy
28.9,98.54842551693038,158,213,STABLE,Good
30.8,96.77139029045966,30,231,STABLE,Good
27.5,97.60479391065616,2238,135,STABLE,Unhealthy
32.1,96.5788196601919,1253,944,STABLE,Unhealthy for Sensitive Groups
28.6,98.94342752312193,96,3604,STABLE,Unhealthy
31.4,99.09771728726209,1350,1106,STABLE,Unhealthy for Sensitive Groups
28.5,93.3440679553594,1048,1610,STABLE,Unhealthy for Sensitive Groups
29.2,96.12483252916547,47,93,STABLE,Unhealthy
28.3,97.34610674371216,157,238,STABLE,Good
29.04029531,97.89221977442776,46,92,VIBRATING,Unhealthy
28.5,96.50908396335788,34,154,STABLE,Good
32.3,93.30923620055965,1537,1769,STABLE,Unhealthy for Sensitive Groups
32.4,96.22544120167473,141,248,STABLE,Good
25.9,95.29495231423226,851,1002,STABLE,Unhealthy for Sensitive Groups
33.84471741,96.58973383832262,97,59,STABLE,Good
28.7,96.36651205158893,86,226,STABLE,Unhealthy
28.31543705,95.64497562064733,86,80,STABLE,Unhealthy
30.8,95.38648400384545,774,2125,STABLE,Unhealthy
33.9,95.63950632785173,666,2576,STABLE,Unhealthy
30.7,97.25667692619328,726,327,STABLE,Moderate
25.2,97.53275391396049,645,3612,STABLE,Unhealthy
28.9,98.91340929034921,69,90,STABLE,Good
28.4,96.63107425439068,84,70,STABLE,Moderate
33.4,97.16158458145385,180,166,STABLE,Good
30.2,97.09429208437979,68,79,STABLE,Moderate
31.9,95.49709062411313,804,1147,STABLE,Moderate
33.6,98.60647972856188,2029,194,STABLE,Unhealthy
30.6,95.9506058153612,868,1057,STABLE,Moderate
30.2,95.09145354681368,302,1018,VIBRATING,Moderate
24.3,94.79365174911908,434,3007,STABLE,Unhealthy
27.5,96.64525876265594,608,677,STABLE,Moderate
29.6,99.2148492102753,67,78,STABLE,Unhealthy
29.4,97.58387647719894,318,724,STABLE,Moderate
27.3,95.40565480841454,141,2545,STABLE,Unhealthy
29.0,96.81424881224481,46,87,VIBRATING,Unhealthy
33.1,97.55529453892059,1567,1708,STABLE,Unhealthy for Sensitive Groups
32.5,98.81036219972884,631,1070,STABLE,Moderate
28.0,97.82536657827849,3657,2219,STABLE,Unhealthy
32.0,96.73604477012148,87,60,STABLE,Good
26.6,95.93399618654423,682,568,STABLE,Moderate
29.7,98.0950635422833,843,970,STABLE,Moderate
26.8,98.91090318924215,155,80,STABLE,Good
25.2,97.66849775668668,762,2530,STABLE,Unhealthy
32.1,97.89116681805903,301,1171,STABLE,Moderate
27.6,97.69703606289389,780,1192,STABLE,Moderate
31.9,94.75944756075107,1458,1944,STABLE,Unhealthy for Sensitive Groups
33.8,98.16767653560201,273,683,STABLE,Moderate
33.7,99.00863977741439,1151,1410,STABLE,Unhealthy for Sensitive Groups
26.5,94.34885345448215,161,225,STABLE,Good
30.6,99.64231239128719,3650,936,VIBRATING,Unhealthy
24.3,95.18583363456693,69,101,STABLE,Good
28.1,96.91824769822585,123,245,STABLE,Good
33.1,97.20023736002727,102,59,STABLE,Good
24.6,99.16249652672485,344,729,STABLE,Moderate
33.8,98.35431273808054,430,2165,STABLE,Unhealthy
28.2,99.0245594070951,351,399,STABLE,Moderate
29.5,97.15202263114732,1966,295,STABLE,Unhealthy
32.3,95.32574853243277,220,104,STABLE,Good
28.9,97.95917276721632,840,1602,STABLE,Unhealthy for Sensitive Groups
30.1,98.93888302284293,96,58,STABLE,Good
30.4,97.6290242902415,33,131,STABLE,Good
31.5,99.29616671982458,787,723,STABLE,Moderate
28.4,95.95416434255088,109,87,STABLE,Good
30.7,93.95989345572447,315,4050,STABLE,Unhealthy
30.3,98.280036811682,67,81,STABLE,Moderate
29.2,96.98224043006616,1528,1005,STABLE,Unhealthy for Sensitive Groups
25.2,96.58730552300176,3780,3059,VIBRATING,Unhealthy
24.1,97.25678688827288,221,184,STABLE,Good
28.23191207,97.99012705384877,86,85,STABLE,Unhealthy
26.0,95.28719474723249,532,744,STABLE,Moderate
29.7,95.06250705912586,1859,2007,STABLE,Unhealthy
28.9,94.63182508761024,2137,150,STABLE,Unhealthy
33.8,91.86233838487004,839,1836,VIBRATING,Unhealthy for Sensitive Groups
28.2,95.79999684916531,87,85,STABLE,Unhealthy
28.35868036,98.29284093962949,87,81,STABLE,Unhealthy for Sensitive Groups
30.0,97.90736326540421,1428,1425,STABLE,Unhealthy for Sensitive Groups
24.6,99.38389067259286,1815,2445,STABLE,Unhealthy
31.3,97.37848186147079,3789,2866,STABLE,Unhealthy
31.4,97.66231030719104,132,112,STABLE,Good
26.4,97.62576563828537,355,536,STABLE,Moderate
32.0,99.2807285018445,92,67,STABLE,Good
28.6,94.98434584545666,218,90,STABLE,Moderate
30.4,95.76106077917532,94,56,STABLE,Good
30.0,98.5804460625693,3362,381,STABLE,Unhealthy
27.3,95.24153310149747,1932,431,STABLE,Unhealthy
33.8,96.81852227136633,46,118,STABLE,Good
24.5,98.3622380397914,135,87,STABLE,Good
28.5,98.39644583988039,86,81,STABLE,Unhealthy for Sensitive Groups
27.2,98.08144004593626,325,2823,STABLE,Unhealthy
24.67189757,97.93308435233344,75,94,VIBRATING,Good
31.42268588,93.6200069649315,86,60,VIBRATING,Good
28.5,95.7926759455673,630,307,STABLE,Moderate
25.6,98.84356840891067,218,110,STABLE,Good
26.2,96.77197818241099,3512,232,STABLE,Unhealthy
34.1,98.69170822801227,96,60,VIBRATING,Good
33.0,97.54253632127998,1223,994,STABLE,Unhealthy for Sensitive Groups
29.3,96.2626462430767,793,1187,STABLE,Moderate
29.05536314,94.00118989582697,46,90,STABLE,Unhealthy
32.1,95.30994075263733,306,496,STABLE,Moderate
32.7,97.5843406817713,150,141,STABLE,Good
29.6,97.56780784214564,3733,2461,VIBRATING,Unhealthy
24.1,93.96610478060317,117,245,STABLE,Good
24.54669843414925,97.05091025363309,4095,4095,STABLE,Unhealthy
33.0,98.1161451960928,1037,1595,STABLE,Unhealthy for Sensitive Groups
32.2,96.6608366888026,1686,901,STABLE,Unhealthy for Sensitive Groups
33.3,99.20912758437728,3954,195,STABLE,Unhealthy
27.9,96.46173555967735,1083,1163,STABLE,Unhealthy for Sensitive Groups
25.7,96.77982353678809,328,3921,STABLE,Unhealthy
29.01776066,97.9998017705977,47,88,STABLE,Unhealthy
27.0,95.79766166972757,145,82,STABLE,Good
28.32261655,94.5844063861533,86,82,STABLE,Unhealthy for Sensitive Groups
32.8,98.76784782575062,560,1082,STABLE,Moderate
25.9,98.18430701440761,240,188,STABLE,Good
29.1,98.59475789655062,47,91,VIBRATING,Unhealthy
29.7,96.60689001592985,95,77,STABLE,Good
28.5,98.65961467317973,186,88,STABLE,Moderate
31.0,96.01063573925167,589,3329,STABLE,Unhealthy
30.1,97.92805937146615,3313,439,STABLE,Unhealthy
29.0,97.70777083304553,107,85,STABLE,Moderate
24.4,99.68342110077151,520,3464,STABLE,Unhealthy
33.2,95.08761668362182,249,213,STABLE,Good
29.1,95.8175289712814,381,3127,STABLE,Unhealthy
24.4,96.88471261655442,2584,2168,STABLE,Unhealthy
29.0149704,98.00846522830588,47,90,STABLE,Unhealthy
33.3,98.13304266863867,3472,662,VIBRATING,Unhealthy
28.2,95.7242303951701,88,82,VIBRATING,Moderate
32.1,96.08793154092804,1573,1033,STABLE,Unhealthy for Sensitive Groups
29.9,98.41851062544163,90,99,STABLE,Good
26.0,99.23516518275171,611,992,STABLE,Moderate
24.7,96.94421933833421,60,106,VIBRATING,Good
28.8,93.74876402706359,92,170,STABLE,Good
25.9,97.37725658381859,691,855,STABLE,Moderate
29.9,98.1682866144889,70,70,STABLE,Moderate
28.1,96.90344015995936,91,61,STABLE,Moderate
26.9,99.05468786524852,649,880,STABLE,Moderate
27.3,96.52535956444551,79,101,STABLE,Good
25.3,92.9360659689528,215,180,STABLE,Good
24.4,96.32508431479317,828,540,STABLE,Moderate
29.11281672,96.92325847178512,46,93,STABLE,Unhealthy
33.2,97.11552612492942,247,78,STABLE,Good
28.43716258,98.75395306927578,70,69,STABLE,Unhealthy for Sensitive Groups
27.2,95.11393311610102,3530,62,VIBRATING,Unhealthy
28.33068061,95.75413547377488,85,75,VIBRATING,Unhealthy
33.1,99.48631881743941,1629,1142,STABLE,Unhealthy for Sensitive Groups
27.733778420877606,96.09936649920488,2144,951,STABLE,Unhealthy
31.1,95.04535927737251,1249,714,STABLE,Unhealthy for Sensitive Groups
30.4,96.82493212145958,151,226,STABLE,Good
30.8,96.42225377010276,2905,2619,STABLE,Unhealthy
28.4,96.95613246044692,85,80,STABLE,Moderate
30.6,96.10433356788127,653,1135,STABLE,Moderate
30.04697349,97.04668539390003,78,180,STABLE,Unhealthy
30.8,98.57852449093515,346,756,STABLE,Moderate
30.5,94.49062919045473,3520,823,STABLE,Unhealthy
26.8,96.19950390098809,1265,1657,STABLE,Unhealthy for Sensitive Groups
24.9,95.45251453076506,704,2482,STABLE,Unhealthy
33.7,97.42642836362327,323,752,STABLE,Moderate
28.9,97.73668603778684,40,76,STABLE,Moderate
24.5,98.64235069252732,193,203,STABLE,Good
24.0,96.28650401106997,154,35,STABLE,Good
33.2,95.58731678746877,1430,1510,STABLE,Unhealthy for Sensitive Groups
27.664601872087516,97.17497464101496,4095,827,STABLE,Unhealthy
24.8,96.99976621277861,301,3421,STABLE,Unhealthy
27.9,93.3031807667227,83,78,STABLE,Moderate
28.3,95.10773509302122,82,75,STABLE,Moderate
30.3,97.93509220852113,135,165,STABLE,Good
33.4,96.91911825419267,390,1125,STABLE,Moderate
25.6,98.21744129285679,1009,910,STABLE,Unhealthy for Sensitive Groups
28.60134094,96.64277913972495,84,74,VIBRATING,Unhealthy for Sensitive Groups
29.1,94.82675967670282,2621,3043,STABLE,Unhealthy
26.6,98.24902037278122,171,99,STABLE,Good
27.3,92.0202311014023,172,38,STABLE,Good
28.3,97.00690940736985,82,76,STABLE,Good
28.0,96.96863435648618,2041,600,STABLE,Unhealthy
28.20081327,98.76084073938566,86,85,VIBRATING,Unhealthy
30.3,98.30754795623162,1519,1316,STABLE,Unhealthy for Sensitive Groups
25.1,97.83498913754848,720,793,STABLE,Unhealthy for Sensitive Groups
28.4,94.94042732617798,85,76,STABLE,Unhealthy
27.3,95.16856051660415,963,768,STABLE,Unhealthy for Sensitive Groups
25.8,96.6310279207559,66,90,VIBRATING,Good
26.4,98.04745674263991,64,94,STABLE,Good
24.4,95.223043514111,657,2312,STABLE,Unhealthy
26.4,94.44889003155397,3144,4005,STABLE,Unhealthy
30.0,97.38229053998656,361,865,STABLE,Moderate
28.59729088,97.19664082490324,86,83,VIBRATING,Unhealthy for Sensitive Groups
27.3,99.03984284455011,646,3551,STABLE,Unhealthy
24.9,99.11702936823139,2987,3203,STABLE,Unhealthy
33.5,93.5417940336966,1623,1672,STABLE,Unhealthy for Sensitive Groups
33.6,98.25420214523713,49,240,STABLE,Good
29.6,98.47374240472121,3137,649,STABLE,Unhealthy
31.6,97.45357394410462,645,490,STABLE,Moderate
27.3,95.42162148742737,1160,1398,STABLE,Unhealthy for Sensitive Groups
28.43120516437822,97.73193621906941,4095,4095,STABLE,Unhealthy
24.4,96.01297420649935,354,870,STABLE,Moderate
31.1,97.3948008874401,2596,254,STABLE,Unhealthy
26.8,96.04962460354717,213,66,STABLE,Good
30.2,93.95438562586222,77,132,STABLE,Moderate
30.2,98.02821453032182,30,205,STABLE,Good
31.1,98.4435557443243,677,608,STABLE,Moderate
31.1,95.1186069812372,2132,690,STABLE,Unhealthy
24.8,99.05884958888511,2475,298,STABLE,Unhealthy
30.6,97.13495535902881,268,1196,VIBRATING,Moderate
33.6,96.74501407637779,3704,3348,STABLE,Unhealthy
28.2,99.49938613728033,170,82,STABLE,Good
25.7,95.14894372307316,819,1264,STABLE,Unhealthy for Sensitive Groups
33.3,94.68307034027303,877,966,STABLE,Unhealthy for Sensitive Groups
31.1,96.30741564030225,835,830,STABLE,Moderate
27.1,97.94082285166043,68,72,STABLE,Good
28.75229004,96.99323600521608,60,83,STABLE,Unhealthy for Sensitive Groups
28.23273289,97.46083772511157,87,81,VIBRATING,Unhealthy for Sensitive Groups
28.4,95.32082107042848,960,2940,STABLE,Unhealthy
24.0,95.87015499574613,390,464,STABLE,Moderate
34.07224521,96.88222477094561,98,60,VIBRATING,Good
27.5,97.29982356101486,1771,1517,STABLE,Unhealthy for Sensitive Groups
27.0,97.88767166178884,1778,881,STABLE,Unhealthy for Sensitive Groups
33.6,97.15202632023922,1160,726,VIBRATING,Unhealthy for Sensitive Groups
31.7,95.8984771588876,857,1060,STABLE,Moderate
28.3,95.27156274636016,760,2903,STABLE,Unhealthy
29.29230747,96.60422643622282,49,91,STABLE,Unhealthy
25.2,96.26512049936046,54,35,STABLE,Good
33.2,97.04721901056546,96,59,STABLE,Good
29.8,99.26050478804186,992,3273,STABLE,Unhealthy
25.6,97.90736730212136,2291,582,STABLE,Unhealthy
28.3,95.92031691224199,284,341,STABLE,Moderate
28.0,96.46834909019054,97,175,STABLE,Good
31.4,96.7269337824965,1481,1523,STABLE,Unhealthy for Sensitive Groups
25.8,97.14496183506981,806,393,STABLE,Moderate
28.9,98.06780419643175,3485,494,STABLE,Unhealthy
33.6,94.71029989677973,147,134,STABLE,Good
29.7,98.17893695993766,963,1058,STABLE,Unhealthy for Sensitive Groups
30.2,97.48223905529798,530,342,STABLE,Moderate
33.1,97.34037503413798,100,60,STABLE,Good
28.34088916155293,98.27856526070178,2166,320,STABLE,Unhealthy
29.06421986,96.48714796939396,46,89,STABLE,Unhealthy
26.1,95.92550187969846,1649,1723,STABLE,Unhealthy for Sensitive Groups
28.4,97.0061830433076,85,70,STABLE,Moderate
33.2,96.56542336304507,323,615,STABLE,Moderate
32.1,98.31292146290299,3220,4075,STABLE,Unhealthy
26.9,98.57892481303315,45,92,STABLE,Good
28.2,97.47965567114609,56,138,STABLE,Unhealthy
26.09105511,96.62391698059794,72,85,VIBRATING,Good
31.2,99.42458079177706,1020,1048,STABLE,Unhealthy for Sensitive Groups
26.5,98.46420507783924,784,608,STABLE,Moderate
26.8,96.68712301371549,154,82,VIBRATING,Good
26.7,95.18354919353231,713,1110,STABLE,Unhealthy for Sensitive Groups
28.9,92.46405863077167,1495,1872,STABLE,Unhealthy for Sensitive Groups
31.8,96.87631784049059,907,844,STABLE,Unhealthy for Sensitive Groups
28.6,94.53455348054734,85,69,STABLE,Moderate
29.37173863,99.2544461180926,71,79,STABLE,Unhealthy
28.1,96.74327128085635,998,1541,STABLE,Unhealthy for Sensitive Groups
30.0,98.4434868433771,46,125,STABLE,Good
28.8,96.89781610445931,302,2392,STABLE,Unhealthy
29.02566472,98.53302469876282,46,87,STABLE,Unhealthy
28.31369124,98.1060814998336,55,136,STABLE,Unhealthy for Sensitive Groups
32.0,98.08305503642853,857,996,STABLE,Moderate
30.2,93.62707892190264,96,57,STABLE,Good
30.1,96.54112846601038,81,173,STABLE,Good
29.1,96.0000435354966,47,93,VIBRATING,Unhealthy
30.6,93.98655868313392,1683,1721,STABLE,Unhealthy for Sensitive Groups
30.9,96.55763371756308,132,246,STABLE,Good
32.1,98.23735240387609,187,166,STABLE,Good
26.3,96.88997528264672,74,87,STABLE,Good
28.25067232,97.72025735306114,86,82,STABLE,Unhealthy for Sensitive Groups
28.4,96.69396962276184,1490,1130,STABLE,Unhealthy for Sensitive Groups
28.33308894,97.46485518654598,85,75,STABLE,Unhealthy
28.37346126,96.8128470404901,86,84,STABLE,Unhealthy for Sensitive Groups
27.8,97.94586588844767,84,78,STABLE,Moderate
27.5,98.27973610834971,90,78,STABLE,Moderate
24.0,95.39902029780954,127,199,STABLE,Good
29.7,95.57802509964083,1307,1758,STABLE,Unhealthy for Sensitive Groups
32.9,93.86292611997031,974,1426,STABLE,Unhealthy for Sensitive Groups
30.6,96.57782628287437,1427,1609,STABLE,Unhealthy for Sensitive Groups
24.4,94.78164386678333,900,1619,STABLE,Unhealthy for Sensitive Groups
33.9,97.2050121256329,286,746,STABLE,Moderate
26.6,96.50779129485578,3557,3116,STABLE,Unhealthy
31.7,98.90533740723582,85,152,STABLE,Good
32.2,98.68218811242865,3221,652,STABLE,Unhealthy
28.6,99.03841799019314,184,100,STABLE,Moderate
26.2,96.69035840806363,78,202,STABLE,Good
28.20811528,96.1399198205453,87,78,VIBRATING,Unhealthy for Sensitive Groups
30.8,98.58809287270695,178,185,STABLE,Good
33.2,95.06541112243123,93,59,STABLE,Good
31.7,97.26635401043941,865,3922,STABLE,Unhealthy
24.5,97.35953309340826,186,202,STABLE,Good
25.3,98.62616377375079,1451,1853,STABLE,Unhealthy for Sensitive Groups
29.0,97.00367664673179,47,87,STABLE,Unhealthy for Sensitive Groups
24.5,96.25609686551437,645,4090,STABLE,Unhealthy
30.3,97.00287789341431,995,857,STABLE,Unhealthy for Sensitive Groups
31.5,97.45022989127004,342,543,VIBRATING,Moderate
26.1,99.53336831920505,1310,1392,STABLE,Unhealthy for Sensitive Groups
26.1,98.77169905618648,2878,234,STABLE,Unhealthy
30.2,94.88606645680736,506,710,STABLE,Moderate
31.4,92.500860442093,2176,529,STABLE,Unhealthy
28.5,94.97669654798919,86,81,VIBRATING,Unhealthy
29.01655133,98.993484851339,47,89,STABLE,Unhealthy
25.1,98.91146355994977,2426,2806,STABLE,Unhealthy
24.8,94.9869950788896,715,3844,VIBRATING,Unhealthy
31.5,95.44146928737516,1763,1450,STABLE,Unhealthy for Sensitive Groups
30.9,94.70883896722825,42,8,STABLE,Moderate
33.30925457644844,97.01557093266287,577,4095,STABLE,Unhealthy
26.6,95.09654850048935,2482,2649,STABLE,Unhealthy
32.0,95.41111168487048,87,60,STABLE,Good
28.28255203,98.87748829603896,86,83,STABLE,Unhealthy
26.8,96.82627196018413,190,2770,STABLE,Unhealthy
33.2,98.64690929984444,278,1126,STABLE,Moderate
31.6,94.99502218489216,531,2598,STABLE,Unhealthy
29.17354476,98.69173972500226,46,92,STABLE,Unhealthy
32.0,98.5447534172331,392,979,STABLE,Moderate
26.6,94.07337023320703,906,3894,STABLE,Unhealthy
33.3,96.44824256530772,390,2043,STABLE,Unhealthy
27.7,95.4340791296462,785,1755,STABLE,Unhealthy for Sensitive Groups
29.1,99.3087590981424,42,77,STABLE,Moderate
24.4,96.48431670403853,1019,1577,STABLE,Unhealthy for Sensitive Groups
32.8,94.22188981357378,517,655,STABLE,Moderate
29.8,98.91480517113146,2275,3951,STABLE,Unhealthy
24.2,97.65017781698948,4081,891,STABLE,Unhealthy
28.3,98.36788945126176,86,78,STABLE,Moderate
33.73197226873327,98.21661561686405,965,3936,STABLE,Unhealthy
29.1,97.6706943480596,47,95,STABLE,Unhealthy
27.8,96.79883797224927,77,190,STABLE,Good
33.7,96.08600804661202,1704,1297,STABLE,Unhealthy for Sensitive Groups
29.0,97.82757269088357,107,87,STABLE,Good
27.2,95.53958869621027,546,761,STABLE,Moderate
27.8,96.30601862492877,2279,2642,STABLE,Unhealthy
28.3,97.93843900469861,3911,1241,STABLE,Unhealthy
26.1,94.8142197978399,62,94,STABLE,Good
26.2,97.27396771800869,74,86,STABLE,Good
28.34633807,97.32191808359629,86,77,STABLE,Unhealthy for Sensitive Groups
30.8,97.64508848563725,177,48,STABLE,Good
26.8,95.66077519845457,115,64,STABLE,Good
27.6,95.3004583428578,236,184,STABLE,Good
25.2,99.62143761280547,211,92,STABLE,Good
32.2,97.43767091783813,657,554,STABLE,Moderate
33.8,97.89221927342558,603,835,STABLE,Moderate
25.8,97.49142144986783,1072,995,STABLE,Unhealthy for Sensitive Groups
25.6,97.568999484504,354,2101,STABLE,Unhealthy
30.2,98.56780892634113,95,59,STABLE,Good
30.2,99.56147667386692,2766,837,STABLE,Unhealthy
27.1,96.9968480496907,2605,3135,STABLE,Unhealthy
27.6,97.53036032941552,64,230,STABLE,Good
28.1,96.7444945010498,82,78,VIBRATING,Moderate
28.8,98.1886162752532,1675,1897,STABLE,Unhealthy for Sensitive Groups
30.9,97.64736846432857,799,1001,STABLE,Moderate
33.3,94.60454587955893,270,2927,STABLE,Unhealthy
29.19657719,95.13858749703999,48,95,VIBRATING,Unhealthy
28.3,92.76677983208263,897,2042,STABLE,Unhealthy
25.8,96.47676550034319,429,600,STABLE,Moderate
33.7,98.3452088211269,167,106,STABLE,Good
32.6,97.37752577028817,39,196,STABLE,Good
31.2,97.88363849951581,299,2140,STABLE,Unhealthy
32.3,97.8487807793785,3012,127,STABLE,Unhealthy
29.5,93.03321670613808,3312,432,STABLE,Unhealthy
27.6,96.56729199354925,1935,745,STABLE,Unhealthy
28.29989705,98.87789165104385,86,84,STABLE,Unhealthy for Sensitive Groups
30.2,97.07984548609163,148,3759,STABLE,Unhealthy
31.9,98.03164629081772,87,60,STABLE,Good
26.1,95.5713431791429,3346,475,STABLE,Unhealthy
28.9,95.65266829507668,69,86,STABLE,Good
25.8,98.96489843833095,883,1635,STABLE,Unhealthy for Sensitive Groups
28.5,94.14055704205225,3555,744,STABLE,Unhealthy
28.1,96.48027988092304,1192,753,STABLE,Unhealthy for Sensitive Groups
28.1,96.06238462407133,260,957,STABLE,Moderate
29.1,99.14950554839224,1925,2791,STABLE,Unhealthy
29.7,95.20082384948203,778,1110,VIBRATING,Moderate
27.6,95.89062891998817,134,243,STABLE,Good
32.6,97.480391246269,3338,499,STABLE,Unhealthy
25.1,98.63366335589335,940,2042,STABLE,Unhealthy
28.3,95.56812137182295,170,89,STABLE,Moderate
29.1,98.52945365407592,3043,155,STABLE,Unhealthy
30.2,96.95602769111291,501,1033,STABLE,Moderate
33.6,98.3250397240542,716,2073,STABLE,Unhealthy
29.6,97.35655091896697,72,76,STABLE,Moderate
25.0,95.60613023284706,881,501,STABLE,Moderate
30.1,96.42059206891116,781,797,STABLE,Moderate
33.15197088,98.64680659709363,93,59,STABLE,Good
31.9,98.90369607469852,1041,1762,STABLE,Unhealthy for Sensitive Groups
31.4,93.68079970775433,1035,1275,STABLE,Unhealthy for Sensitive Groups
29.2,98.5592168685107,201,90,STABLE,Moderate
28.27666561,94.1531369934041,86,80,STABLE,Unhealthy for Sensitive Groups
32.9,97.18411232663314,809,916,STABLE,Moderate
24.7,96.87318850899987,2758,655,STABLE,Unhealthy
31.0,97.67680172992345,938,3856,VIBRATING,Unhealthy
33.8,94.81402021687133,548,735,STABLE,Moderate
24.0,98.18470017830036,170,164,STABLE,Good
25.3,96.98171632590201,2714,313,STABLE,Unhealthy
29.09226789,96.29923419985195,46,87,STABLE,Unhealthy
26.4,94.53067585077865,122,163,STABLE,Good
28.4,98.71187347465509,75,74,STABLE,Moderate
28.6,96.51149232479689,86,82,STABLE,Unhealthy for Sensitive Groups
33.3,97.2251708132278,141,82,STABLE,Good
27.8,92.10744661225742,476,2678,STABLE,Unhealthy
28.8,94.27926711774927,383,1052,STABLE,Moderate
28.3,98.72695095480276,85,83,STABLE,Unhealthy for Sensitive Groups
32.7,93.80402267238809,56,95,STABLE,Good
31.2,98.16334295996897,505,382,STABLE,Moderate
26.6,92.75179233969205,172,121,STABLE,Good
31.2,94.6765237380666,585,1166,STABLE,Moderate
26.3,96.75805016922152,71,90,VIBRATING,Good
26.5,97.67332025485179,514,637,STABLE,Moderate
33.7,93.83904109397407,340,315,STABLE,Moderate
29.0,95.53361116631372,568,674,STABLE,Moderate
28.6,97.07680272725183,635,995,STABLE,Moderate
30.2,97.86770994671842,71,100,STABLE,Moderate
29.0,98.74917604680752,2140,973,STABLE,Unhealthy
33.040346899773276,96.31348371338288,226,2408,STABLE,Unhealthy
29.77114321,94.6380947512258,68,74,STABLE,Unhealthy
25.0,96.09972736461839,1273,1692,STABLE,Unhealthy for Sensitive Groups
28.2,95.67850157970817,78,81,VIBRATING,Moderate
29.80466281,97.9446248511741,76,137,STABLE,Unhealthy
25.2,95.81883800075573,789,280,STABLE,Moderate
24.8,94.76116284007384,184,152,STABLE,Good
31.4,97.0954138832304,212,42,STABLE,Good
26.1,96.93975227803628,1779,1083,STABLE,Unhealthy for Sensitive Groups
28.3243478,97.05354657780782,85,83,STABLE,Unhealthy for Sensitive Groups
24.1,97.00338942359647,440,892,STABLE,Moderate
28.8,95.65318639396642,2920,625,VIBRATING,Unhealthy
32.1,98.51009836697145,210,101,STABLE,Good
28.3,96.09158627107877,180,100,STABLE,Moderate
29.67932987,96.09515270597834,68,76,VIBRATING,Unhealthy for Sensitive Groups
30.5,98.95376692022629,235,180,STABLE,Good
28.42649926,97.95936018603192,81,81,STABLE,Unhealthy
26.7,99.04083757499306,72,86,STABLE,Good
33.3,98.74654257004767,2084,962,STABLE,Unhealthy
25.3,98.15928131767106,1108,1156,STABLE,Unhealthy for Sensitive Groups
24.9,96.12764857500946,401,575,STABLE,Moderate
30.2,97.38235215298228,68,116,VIBRATING,Unhealthy for Sensitive Groups
26.5,97.0997146263645,1453,1088,STABLE,Unhealthy for Sensitive Groups
31.3,98.81852028963378,957,1434,STABLE,Unhealthy for Sensitive Groups
26.9,98.29798958946536,44,92,STABLE,Good
31.7,94.9127155252447,2946,843,STABLE,Unhealthy
32.1,97.97816588461562,864,1863,STABLE,Unhealthy for Sensitive Groups
28.34200556,98.38673947847117,79,4095,VIBRATING,Unhealthy
30.1,98.49242780771046,1110,1206,STABLE,Unhealthy for Sensitive Groups
29.2,97.81069121445864,36,236,STABLE,Good
30.4,91.83377879298018,94,140,STABLE,Good
30.4,98.69580845653164,3904,1730,STABLE,Unhealthy
28.5,96.20127023922018,198,101,STABLE,Good
33.6,96.26785530016126,3812,3714,STABLE,Unhealthy
25.0,97.32024389817454,379,3426,STABLE,Unhealthy
24.4,96.62288396160291,531,620,STABLE,Moderate
34.15408642,97.38181395726397,96,59,STABLE,Good
28.7,99.43060466235518,1781,1137,STABLE,Unhealthy for Sensitive Groups
28.4,97.06959371283122,86,72,STABLE,Moderate
33.7,98.46850715360631,404,900,STABLE,Moderate
28.43449907,98.06591402424368,87,76,STABLE,Unhealthy
30.4,98.00696874817261,820,4001,STABLE,Unhealthy
26.9,95.2438421429476,1423,1660,STABLE,Unhealthy for Sensitive Groups
28.6,98.52735989495291,3870,319,STABLE,Unhealthy
25.1,96.47972299458242,92,96,STABLE,Good
27.6,97.39541114495418,716,856,STABLE,Moderate
32.5,96.2673816372488,1751,837,STABLE,Unhealthy for Sensitive Groups
28.79003388,96.24965340728929,65,85,VIBRATING,Unhealthy
31.1,94.4147027302715,793,952,STABLE,Moderate
31.7,94.75784962070254,752,638,STABLE,Moderate
32.1,98.77436298594435,565,2224,STABLE,Unhealthy
28.7,95.40001868468006,1837,102,STABLE,Unhealthy
27.7,97.16173869894769,492,985,STABLE,Moderate
29.4,96.52874305589444,604,918,STABLE,Moderate
33.0,97.32590315376369,1590,1678,STABLE,Unhealthy for Sensitive Groups
24.6,98.3929473376886,1093,1025,STABLE,Unhealthy for Sensitive Groups
32.2,97.38316954154922,481,2287,STABLE,Unhealthy
28.9,95.50022652102949,1782,1966,STABLE,Unhealthy for Sensitive Groups
24.3,95.71584188470872,1443,1101,STABLE,Unhealthy for Sensitive Groups
33.7,96.46780006609946,1376,1601,STABLE,Unhealthy for Sensitive Groups
30.1,97.33303353246366,1196,799,STABLE,Unhealthy for Sensitive Groups
33.7,95.73969614846902,140,246,STABLE,Good
34.0,97.2067260477791,2503,3326,STABLE,Unhealthy
28.0,98.19928678745875,2653,981,STABLE,Unhealthy
28.4,96.51974884239138,86,75,STABLE,Unhealthy
30.7,95.63699641877992,81,2940,STABLE,Unhealthy
25.0,95.50999220511416,612,294,STABLE,Moderate
26.5,97.8178445653746,244,34,STABLE,Good
31.4,94.47223312661545,1620,976,STABLE,Unhealthy for Sensitive Groups
30.3,98.33067383304076,376,3785,STABLE,Unhealthy
24.2,98.53001912425798,76,116,STABLE,Good
24.8,98.51493129986264,1314,762,STABLE,Unhealthy for Sensitive Groups
26.38706903348971,99.00856749666963,71,3435,STABLE,Unhealthy
29.55020204,97.74991933372867,62,82,STABLE,Unhealthy
26.5,97.60281226071625,3488,2895,STABLE,Unhealthy
28.55824059,95.17430475516937,51,125,STABLE,Unhealthy for Sensitive Groups
29.4,95.49185381603478,75,82,STABLE,Moderate
29.4,94.89799961703386,193,110,STABLE,Good
26.8,98.5295898812645,225,2707,STABLE,Unhealthy
31.9,97.88049622071965,3771,2842,STABLE,Unhealthy
29.8,94.65257108440477,3819,2972,STABLE,Unhealthy
25.9,97.2499420557347,2008,4039,STABLE,Unhealthy
33.6,95.93146101453345,524,1045,STABLE,Moderate
28.31382656,96.91396144643802,55,136,STABLE,Unhealthy for Sensitive Groups
29.5,97.46577875562976,154,3672,STABLE,Unhealthy
26.4,97.63532270505932,3020,415,STABLE,Unhealthy
24.588924075080868,97.32423060017572,854,4095,STABLE,Unhealthy
26.9,98.96308454423672,630,1053,STABLE,Moderate
27.7,95.67952729936219,2788,2252,STABLE,Unhealthy
28.29158932,98.1911429739844,81,76,STABLE,Good
29.3,96.2457568289757,950,903,VIBRATING,Unhealthy for Sensitive Groups
25.3,96.22043375652653,174,190,STABLE,Good
30.1,97.5675418274406,3608,776,STABLE,Unhealthy
33.3,99.36730487539127,41,119,STABLE,Good
25.3,96.7256488118221,3819,542,STABLE,Unhealthy
28.34267889,94.86118576519459,86,78,VIBRATING,Unhealthy for Sensitive Groups
24.4,94.4563988484946,727,2106,STABLE,Unhealthy
30.0,98.59979605225973,210,49,STABLE,Good
32.5,97.76201291053175,180,187,STABLE,Good
33.4,97.16541204572394,161,241,STABLE,Good
28.36061887,95.38902506602926,86,76,STABLE,Unhealthy
32.0,96.13304973563146,1598,1484,STABLE,Unhealthy for Sensitive Groups
32.1,98.77597399324164,650,771,STABLE,Moderate
27.8,97.84339528392749,220,217,STABLE,Good
28.2,96.70199010596815,138,147,STABLE,Good
28.31355071,97.8305451178272,77,4095,STABLE,Unhealthy
28.4,94.00244047696889,170,95,STABLE,Moderate
30.2,94.30625553110109,68,83,VIBRATING,Moderate
29.3,97.93559677164883,1179,1698,VIBRATING,Unhealthy for Sensitive Groups
33.6,98.76136104509655,461,2500,STABLE,Unhealthy
26.2,98.06869441333566,785,895,STABLE,Unhealthy for Sensitive Groups
32.7,96.76755643690879,483,977,STABLE,Moderate
33.5,96.04609013874413,3724,91,STABLE,Unhealthy
25.9,96.35627839615584,1469,1267,STABLE,Unhealthy for Sensitive Groups
24.6,94.896862407263,802,1393,STABLE,Unhealthy for Sensitive Groups
33.2,97.99259554298554,105,189,STABLE,Good
27.6,94.63830828931327,86,70,VIBRATING,Moderate
28.4,98.93868420557688,182,81,VIBRATING,Moderate
27.0,95.34908465362561,801,770,STABLE,Unhealthy for Sensitive Groups
24.7,99.57439975914527,1592,701,STABLE,Unhealthy for Sensitive Groups
30.2,93.72870009477604,173,243,STABLE,Good
28.3,96.01907008300734,86,82,VIBRATING,Moderate
29.1,97.05108453610401,215,158,STABLE,Good
27.1,98.75133937318508,489,727,STABLE,Moderate
29.5,96.64189964702481,222,75,STABLE,Good
31.2,99.08073371919508,109,57,STABLE,Good
27.5,99.17019636166837,64,117,STABLE,Good
30.2,97.97472208037422,73,113,STABLE,Unhealthy for Sensitive Groups
28.50683744,98.41666209265962,86,81,VIBRATING,Unhealthy
28.3,99.0681052404534,85,83,VIBRATING,Unhealthy for Sensitive Groups
24.4,94.8388510018586,58,111,STABLE,Good
29.7,98.01545874543216,66,78,STABLE,Moderate
29.8621812311937,96.04635131641415,813,3624,STABLE,Unhealthy
29.4,94.67776257498429,1392,1883,STABLE,Unhealthy for Sensitive Groups
30.4,99.44635078260961,235,193,STABLE,Good
28.37310237,95.45305506761157,86,78,STABLE,Unhealthy for Sensitive Groups
24.4,96.53337980443642,76,96,STABLE,Good
31.8,98.6515095190663,832,2235,STABLE,Unhealthy
29.2,97.43990493677626,38,77,VIBRATING,Moderate
24.857945224100135,98.62553309505552,4095,4095,STABLE,Unhealthy
28.96449039,99.16330175782272,76,80,STABLE,Unhealthy
25.6,95.6777175837854,1637,1390,STABLE,Unhealthy for Sensitive Groups
33.6,94.5198808395607,1228,1706,STABLE,Unhealthy for Sensitive Groups
27.8,99.50846438286351,904,2113,STABLE,Unhealthy
29.9,99.02520436798578,772,1022,STABLE,Unhealthy for Sensitive Groups
24.2,98.04038376185915,186,248,VIBRATING,Good
25.4,95.7592295526197,1516,1881,STABLE,Unhealthy for Sensitive Groups
33.9,95.40098312430592,738,1070,STABLE,Unhealthy for Sensitive Groups
28.3,98.48288004118956,95,69,STABLE,Moderate
30.4,95.00318057809038,135,224,STABLE,Good
33.1,99.51875611760545,837,729,VIBRATING,Unhealthy for Sensitive Groups
27.2,97.72974668560997,479,1085,STABLE,Moderate
25.2,97.42261469184292,503,578,STABLE,Moderate
33.9,94.8833429429059,193,44,STABLE,Good
30.1,97.68338051781191,1364,1229,STABLE,Unhealthy for Sensitive Groups
28.3,94.69091089216445,700,917,STABLE,Unhealthy for Sensitive Groups
31.0,98.85889340024701,36,184,STABLE,Good
30.7,98.01467456714903,1075,979,STABLE,Unhealthy for Sensitive Groups
31.6,96.31613659896733,3480,889,STABLE,Unhealthy
24.4,97.57326175483568,635,1173,STABLE,Moderate
26.2,95.91398653159494,2458,245,STABLE,Unhealthy
33.6,96.688543581647,1535,1003,STABLE,Unhealthy for Sensitive Groups
30.0,99.38860208326818,783,3410,STABLE,Unhealthy
28.47497507,96.36588374699964,94,81,STABLE,Unhealthy for Sensitive Groups
24.7,97.93074240542688,107,49,STABLE,Good
29.54545411,99.06713218887039,67,75,STABLE,Good
28.7,96.54380228301298,173,85,STABLE,Moderate
26.6,95.88917170683412,781,3999,STABLE,Unhealthy
33.9,97.1534292059768,2479,458,STABLE,Unhealthy
28.3,92.63188302067194,86,78,STABLE,Unhealthy for Sensitive Groups
33.4,96.27422924187776,1040,961,STABLE,Unhealthy for Sensitive Groups
29.8,96.61176490585552,569,3128,STABLE,Unhealthy
30.2,97.0829063768618,73,114,STABLE,Unhealthy for Sensitive Groups
28.7,97.32320642783422,428,2555,STABLE,Unhealthy
28.8,97.10852477065434,489,787,STABLE,Moderate
29.1,97.56223020678534,2453,447,STABLE,Unhealthy
32.3,97.04231246319115,3934,3070,STABLE,Unhealthy
24.9,96.13987370195855,98,171,STABLE,Good
29.11478065,96.95692882096905,47,95,VIBRATING,Unhealthy
26.2,98.80506825404818,213,224,STABLE,Good
33.0,93.11937472281821,2629,3862,STABLE,Unhealthy
30.2,94.02687440161226,121,151,STABLE,Good
29.0,97.61070825744446,48,68,STABLE,Moderate
33.6,98.62449574957994,3511,327,STABLE,Unhealthy
28.9,94.42056001834948,536,2582,STABLE,Unhealthy
26.1,95.83192367266548,3780,3578,STABLE,Unhealthy
28.8,93.83557331589536,85,82,STABLE,Moderate
29.64472289,96.90020192027748,68,78,VIBRATING,Unhealthy for Sensitive Groups
28.3,95.79910351761197,85,74,STABLE,Unhealthy for Sensitive Groups
31.5,95.58087720064793,1821,2772,STABLE,Unhealthy
30.5,96.76831858590909,3770,44,STABLE,Unhealthy
29.8,94.25560984054555,95,77,STABLE,Good
28.3,96.07295156103505,86,84,STABLE,Moderate
27.4,96.79036896595129,3952,1056,STABLE,Unhealthy
28.0,96.87407777193252,873,1724,STABLE,Unhealthy for Sensitive Groups
31.0,98.43422613037912,307,383,STABLE,Moderate
26.96487188,97.1050315040335,148,4095,VIBRATING,Unhealthy
27.4,97.27325933062863,3107,3833,STABLE,Unhealthy
25.5,95.58102905642662,72,85,VIBRATING,Good
33.6,91.7064496091467,97,59,STABLE,Good
29.0175486,99.10183452404925,46,87,STABLE,Unhealthy
33.1,96.83904914773694,517,580,STABLE,Moderate
31.6,96.31713787359683,214,155,STABLE,Good
28.61704053,98.99034697725813,51,112,STABLE,Unhealthy
31.6,98.68648158074288,552,489,STABLE,Moderate
29.3,92.88870562892356,411,1057,STABLE,Moderate
25.89666548,98.38557500159192,80,96,STABLE,Good
27.3,97.11763379411381,130,230,STABLE,Good
26.5,95.93192016619679,444,92,STABLE,Good
33.4,95.20107750359975,1634,1231,STABLE,Unhealthy for Sensitive Groups
29.3,96.78050173566844,38,76,STABLE,Moderate
26.4,98.89378668361273,444,92,VIBRATING,Good
28.4,97.03320434858475,86,70,STABLE,Moderate
30.41771107,97.70491238251071,92,61,STABLE,Good
25.9,96.51426287030336,2887,476,STABLE,Unhealthy
24.4,97.16603115368503,59,111,STABLE,Good
33.3,96.98738317676333,1506,1158,STABLE,Unhealthy for Sensitive Groups
26.3,95.33478024914982,668,924,STABLE,Moderate
28.8,95.70826586971054,76,92,STABLE,Good
28.37532575,94.30046081557556,86,81,STABLE,Unhealthy
27.0,97.94993781025518,1041,1180,STABLE,Unhealthy for Sensitive Groups
26.6,95.31015955041119,796,1176,STABLE,Moderate
27.1,96.73103570869033,347,851,STABLE,Moderate
31.8,97.74628225770168,1493,923,STABLE,Unhealthy for Sensitive Groups
25.1,96.67697223649242,3621,262,STABLE,Unhealthy
26.6,99.2763932374042,428,930,STABLE,Moderate
34.0,96.74188539794751,97,59,STABLE,Good
33.9,98.85422895103915,219,191,STABLE,Good
33.3,98.76694695023433,38,224,STABLE,Good
26.3,97.26530964848727,212,3369,STABLE,Unhealthy
25.5,96.60746010405013,123,244,STABLE,Good
29.9,97.70334526268434,1216,1529,STABLE,Unhealthy for Sensitive Groups
28.3972715,97.46467297903881,86,77,STABLE,Unhealthy
31.1,93.65563139606235,846,800,STABLE,Unhealthy for Sensitive Groups
32.8,97.02335568876792,1441,1175,STABLE,Unhealthy for Sensitive Groups
33.6,96.28455331630032,97,59,VIBRATING,Good
28.3,99.31987686985971,73,162,STABLE,Good
25.8,95.6092248936958,71,85,STABLE,Good
30.01232227,95.90421300174833,85,123,STABLE,Unhealthy
25.7,99.23153651383261,687,3328,STABLE,Unhealthy
32.7,97.18370017880528,138,99,STABLE,Good
28.4,95.58025840998397,1635,813,STABLE,Unhealthy for Sensitive Groups
28.3,97.48597702608389,884,382,STABLE,Moderate
32.4,94.58650115254585,3716,2985,STABLE,Unhealthy
26.1,97.90575420477666,1543,1140,STABLE,Unhealthy for Sensitive Groups
26.6,94.66194656336978,1099,1737,STABLE,Unhealthy for Sensitive Groups
30.7,97.27952059821385,98,57,STABLE,Good
26.6,93.82642754040607,446,93,STABLE,Good
28.5677472,97.69102442872772,86,83,STABLE,Unhealthy for Sensitive Groups
25.3,99.00271501750343,2483,479,VIBRATING,Unhealthy
28.0,97.81812102440213,1593,1720,STABLE,Unhealthy for Sensitive Groups
30.7,98.47703935112182,61,244,STABLE,Good
26.5703474,99.54303827805715,72,86,VIBRATING,Good
27.6,99.28161662180987,2898,976,STABLE,Unhealthy
28.34575067,99.28012090864502,78,4095,VIBRATING,Unhealthy
28.4,97.22515630343369,172,94,VIBRATING,Moderate
32.3,99.12672125681189,219,142,STABLE,Good
30.7,97.59373336399001,1465,814,STABLE,Unhealthy for Sensitive Groups
27.5,98.10917529785638,708,1198,STABLE,Moderate
28.3,94.44442037306759,141,160,STABLE,Good
32.1,95.94185394670286,1136,1284,STABLE,Unhealthy for Sensitive Groups
28.2,98.19040308527083,603,2295,STABLE,Unhealthy
30.0,96.29408142828417,784,1005,STABLE,Moderate
28.0,98.00791678456304,841,1191,STABLE,Moderate
25.8,94.74645008356771,195,210,STABLE,Good
29.1,96.29989629184456,0,0,STABLE,Moderate
27.4,97.93302189205957,332,1110,STABLE,Moderate
29.1,98.52293488835585,56,89,STABLE,Moderate
32.2,97.50191172396231,2484,712,STABLE,Unhealthy
25.7,98.57067417024746,550,1063,STABLE,Moderate
28.743015394287973,96.92557919985093,382,4095,STABLE,Unhealthy
28.6,96.66810685445387,428,760,STABLE,Moderate
29.6,96.01508814941683,217,250,STABLE,Good
26.6,95.58376642122403,608,3228,STABLE,Unhealthy
25.4,96.89264957132896,59,36,STABLE,Good
30.0,94.90863552106681,96,58,STABLE,Good
25.3,94.67380367526697,483,2858,STABLE,Unhealthy
26.7,95.98791052566101,1724,807,STABLE,Unhealthy for Sensitive Groups
28.30265,99.08869568230152,84,4095,STABLE,Unhealthy
28.20213687,97.90814041292482,86,76,STABLE,Unhealthy for Sensitive Groups
30.8,94.923829069194,166,4089,STABLE,Unhealthy
29.8,96.57326243559126,3876,367,STABLE,Unhealthy
31.0,98.24888618969592,2048,688,STABLE,Unhealthy
32.3,94.0227123196611,76,239,STABLE,Good
27.451645537393645,98.05772067516938,687,4095,STABLE,Unhealthy
30.2,97.73246131975718,1651,781,STABLE,Unhealthy for Sensitive Groups
33.7,96.98097499301022,151,130,STABLE,Good
29.5,98.40391707355751,3923,2886,STABLE,Unhealthy
26.5,98.80266867133281,3096,193,STABLE,Unhealthy
31.8,94.69705587160684,530,345,STABLE,Moderate
25.9,95.47855146530118,3946,2325,STABLE,Unhealthy
28.4096276,93.60843499481648,86,78,STABLE,Unhealthy
28.0,92.61628795574234,150,96,STABLE,Moderate
28.6,97.10652223196666,127,156,STABLE,Good
26.1,98.63538984861822,76,90,STABLE,Good
27.1,97.34243138759734,64,3783,STABLE,Unhealthy
25.6,99.48646685675608,3947,299,STABLE,Unhealthy
29.0,93.47599369074437,48,98,STABLE,Unhealthy
25.0,94.58159057542474,770,1462,STABLE,Unhealthy for Sensitive Groups
26.5,97.21764010387481,371,1000,STABLE,Moderate
30.8,97.84249732353084,959,3070,STABLE,Unhealthy
25.0,98.82637620402213,413,869,STABLE,Moderate
33.2,98.3584531043209,3079,3474,STABLE,Unhealthy
29.6,95.65931957310883,2141,3881,STABLE,Unhealthy
25.0,99.06654059755806,64,181,STABLE,Good
31.4,98.40364531971407,832,3509,STABLE,Unhealthy
33.1,99.59112989600233,674,861,STABLE,Moderate
28.54803965,98.44758145915782,50,4095,STABLE,Unhealthy
25.5,97.53475455412028,876,903,STABLE,Moderate
28.6,97.04016921055101,3039,744,STABLE,Unhealthy
28.2,98.03794631425751,901,1723,STABLE,Unhealthy for Sensitive Groups
29.50630578620624,97.78354221806445,743,2893,STABLE,Unhealthy
26.1,98.01873461192311,1527,1453,STABLE,Unhealthy for Sensitive Groups
31.0,97.71820076530805,1282,1841,STABLE,Unhealthy for Sensitive Groups
30.4,98.36161172713363,214,168,STABLE,Good
26.7,97.21232627444518,152,82,STABLE,Good
30.9,99.56295244581932,2542,2797,STABLE,Unhealthy
28.3,97.51374895996464,86,75,STABLE,Unhealthy
26.4,98.43883504231273,1270,1069,STABLE,Unhealthy for Sensitive Groups
28.29471478,94.57852296029415,86,80,STABLE,Unhealthy
30.1,93.41370438155528,56,248,STABLE,Good
28.7,94.19801779925186,81,96,STABLE,Moderate
24.3,95.0964790684623,763,281,VIBRATING,Moderate
28.5,97.93178211424986,183,82,STABLE,Moderate
28.87773389,98.69128187079039,48,93,STABLE,Unhealthy
30.2,97.58511364287173,70,118,STABLE,Unhealthy for Sensitive Groups
32.1,98.36720200907943,195,230,STABLE,Good
28.51142379,94.81148550551987,86,82,STABLE,Unhealthy for Sensitive Groups
28.9,95.93104931654217,55,107,STABLE,Good
26.8,96.20215837716488,143,150,STABLE,Good
28.9,96.40622350702081,86,75,STABLE,Moderate
29.6,98.39121977543118,70,70,STABLE,Moderate
28.4,95.9890512592006,158,42,STABLE,Good
34.2,96.40056959824047,96,59,STABLE,Good
29.8,95.79908848131208,187,107,STABLE,Good
33.0,97.48456399775303,3877,1143,STABLE,Unhealthy
32.3,96.85014366138707,2241,690,VIBRATING,Unhealthy
26.8,96.87019671396155,801,1654,STABLE,Unhealthy for Sensitive Groups
28.8361651,98.8628279997989,103,85,STABLE,Unhealthy for Sensitive Groups
25.3,97.3595542948736,2722,409,STABLE,Unhealthy
32.3,98.39011961420707,332,411,STABLE,Moderate
28.22305692,99.05014504341857,86,83,VIBRATING,Unhealthy
33.2,97.08385466398538,293,328,STABLE,Moderate
29.0,98.7480536838144,46,87,STABLE,Unhealthy for Sensitive Groups
31.2,97.46475094653988,1785,1217,STABLE,Unhealthy for Sensitive Groups
25.5,97.58527244625131,65,120,STABLE,Good
27.3,98.84832440314504,236,215,VIBRATING,Good
31.9,96.83672678285842,387,452,STABLE,Moderate
28.4,94.83310186800415,81,75,STABLE,Moderate
28.3,98.35214124801855,86,76,STABLE,Unhealthy
28.9,99.02983643759256,2567,401,STABLE,Unhealthy
25.1,98.3439310219137,170,102,STABLE,Good
28.4,96.4723830916305,364,3072,STABLE,Unhealthy
30.4,97.52957677511242,194,128,STABLE,Good
31.3,95.86217238173599,295,1099,STABLE,Moderate
25.9,94.67479997659848,91,245,STABLE,Good
29.8,97.75679113599625,1477,1911,STABLE,Unhealthy for Sensitive Groups
28.42811055,98.49998715841096,68,164,STABLE,Unhealthy
33.7,97.19522159109626,1542,1085,STABLE,Unhealthy for Sensitive Groups
33.8,96.47031561171981,72,2919,STABLE,Unhealthy
29.1,95.4404649373109,313,593,STABLE,Moderate
27.4,97.82169410222305,245,96,STABLE,Good
28.6,98.94368505869883,85,80,STABLE,Unhealthy for Sensitive Groups
25.3,96.06867402544084,1009,1869,STABLE,Unhealthy for Sensitive Groups
32.6,98.407927686562,701,1121,STABLE,Moderate
33.7,97.14723695986888,874,419,STABLE,Moderate
31.7,98.06329036501833,3725,977,STABLE,Unhealthy
25.9,96.2141644555538,2696,93,STABLE,Unhealthy
25.1,98.3474881903839,1656,1962,STABLE,Unhealthy for Sensitive Groups
32.12404331456237,99.31215357549934,476,3465,STABLE,Unhealthy
31.7,93.851820256553,217,247,STABLE,Good
28.6,95.7472987006939,247,154,STABLE,Good
26.0,96.80882153485835,839,1611,STABLE,Unhealthy for Sensitive Groups
33.2,94.0986560806833,211,201,STABLE,Good
32.3,96.26790062953624,1208,1849,STABLE,Unhealthy for Sensitive Groups
25.6205326763723,96.95209501877527,4095,950,STABLE,Unhealthy
28.9,97.08993391718722,39,66,STABLE,Moderate
25.7,98.95370663221155,269,1109,STABLE,Moderate
25.9,97.43243414523769,66,90,STABLE,Good
33.6,99.55638571489807,1439,1636,STABLE,Unhealthy for Sensitive Groups
31.5,99.1865688625083,397,941,STABLE,Moderate
28.4,97.0816798190765,86,83,STABLE,Moderate
28.49135344,98.38231845703739,87,84,STABLE,Unhealthy for Sensitive Groups
25.9,98.6777699129915,811,1109,STABLE,Moderate
28.4216324,98.1441594103321,85,81,STABLE,Unhealthy
28.9,96.51568817255453,303,999,STABLE,Moderate
32.3,98.54542001877607,2234,965,STABLE,Unhealthy
25.8,97.02728760156984,1470,1970,STABLE,Unhealthy for Sensitive Groups
32.9,96.39650517259037,1228,975,STABLE,Unhealthy for Sensitive Groups
28.7,95.74263863295349,1135,1630,STABLE,Unhealthy for Sensitive Groups
29.19612222,98.57097067792567,51,89,STABLE,Unhealthy
29.9,98.48439469727415,1253,1615,STABLE,Unhealthy for Sensitive Groups
28.7,98.82286825860336,744,1168,STABLE,Unhealthy for Sensitive Groups
30.8,98.63994914567863,688,492,STABLE,Moderate
28.9,98.0811339661154,182,81,STABLE,Moderate
29.2,96.40957418801182,210,84,STABLE,Good
26.34816703,93.54471428692214,63,94,STABLE,Good
30.2,93.67987885687654,607,512,STABLE,Moderate
24.7,96.40171363860178,39,92,STABLE,Good
29.6,94.85883573210467,3547,3469,STABLE,Unhealthy
26.29994353,95.18710054153361,72,86,STABLE,Good
29.4,97.29390514456121,73,82,STABLE,Moderate
33.8,94.2492740570851,1965,2855,STABLE,Unhealthy
31.9,97.801123336675,4009,2449,STABLE,Unhealthy
31.8,97.71152954954529,1717,815,VIBRATING,Unhealthy for Sensitive Groups
25.8,97.97844052152918,798,1174,STABLE,Moderate
28.67275538,97.0981263155373,88,76,STABLE,Unhealthy
24.7,97.70870104891733,51,220,STABLE,Good
28.47198812,93.42561225897634,86,81,STABLE,Unhealthy for Sensitive Groups
29.1,98.72753274571222,47,95,STABLE,Unhealthy
26.9,96.53763132251763,1416,1691,STABLE,Unhealthy for Sensitive Groups
33.3,94.60788853788212,788,581,STABLE,Moderate
28.56923084,96.10406499223198,51,128,STABLE,Unhealthy for Sensitive Groups
33.1,99.10254037514903,2984,241,STABLE,Unhealthy
26.7,92.38860032250386,72,86,STABLE,Good
28.57949818,97.75594707906212,86,84,STABLE,Unhealthy for Sensitive Groups
29.7,97.59438642009562,4084,2074,STABLE,Unhealthy
28.43718335,96.54808091874146,86,78,STABLE,Unhealthy
24.1,98.40129115915802,1750,1084,STABLE,Unhealthy for Sensitive Groups
30.1,97.46983091004714,68,85,STABLE,Moderate
28.4,96.03378444246839,86,78,STABLE,Unhealthy
31.9,99.02233766967976,3795,2568,STABLE,Unhealthy
29.6,98.46323734935886,885,802,STABLE,Unhealthy for Sensitive Groups
33.1,96.37946025329687,2316,278,STABLE,Unhealthy
28.51971541,95.45535009811485,51,125,STABLE,Unhealthy for Sensitive Groups
28.9,94.6472680754368,678,957,STABLE,Moderate
27.537563611492672,99.27541669868502,4095,4095,STABLE,Unhealthy
28.2,98.08827170611755,165,110,STABLE,Good
31.231108727704438,96.33906221061119,4095,4095,STABLE,Unhealthy
29.1,99.04733019793929,857,890,STABLE,Moderate
27.2,96.62669883451424,3638,3420,STABLE,Unhealthy
29.6,93.45145482656264,67,79,STABLE,Unhealthy for Sensitive Groups
28.3,99.0304898216426,86,82,STABLE,Unhealthy for Sensitive Groups
31.9,96.88920555679805,53,58,STABLE,Good
31.2,98.5208074625435,746,1041,STABLE,Moderate
33.8,94.47799905103498,1815,126,STABLE,Unhealthy
29.0,96.38545862730598,168,4015,STABLE,Unhealthy
30.2,96.66208244145227,69,113,VIBRATING,Unhealthy for Sensitive Groups
27.4,96.96317452906875,392,433,STABLE,Moderate
28.2117525,97.19901422242562,86,75,STABLE,Unhealthy for Sensitive Groups
29.0,93.91614050160673,45,250,STABLE,Good
33.5,98.84250694016832,1003,1545,STABLE,Unhealthy for Sensitive Groups
24.7,97.90075573700545,764,3323,STABLE,Unhealthy
33.2,98.893994606327,97,59,STABLE,Good
29.1,96.86563380548877,46,90,STABLE,Unhealthy
29.19578629,98.19966160292836,48,91,STABLE,Unhealthy
33.1,97.12235530787103,164,76,STABLE,Good
24.39415337377809,99.66925604433982,4095,4095,STABLE,Unhealthy
29.3,95.41751669621165,2969,475,STABLE,Unhealthy
28.34476981,96.23827864579043,86,78,VIBRATING,Unhealthy
31.0,97.64607503578878,54,34,STABLE,Good
28.4,96.5806838773258,82,75,STABLE,Moderate
27.2,96.79202668858682,174,2126,STABLE,Unhealthy
29.8,96.91698135150617,441,856,STABLE,Moderate
33.6,97.72794635730644,1753,1093,STABLE,Unhealthy for Sensitive Groups
30.0,98.09351180926035,567,561,STABLE,Moderate
30.0,97.32929870829341,3526,762,VIBRATING,Unhealthy
27.0,98.62518262316662,885,1081,STABLE,Unhealthy for Sensitive Groups
30.4,95.1097005895011,138,2547,STABLE,Unhealthy
30.8,99.09216102417031,35,216,STABLE,Good
30.19552363,96.80685424505725,66,86,STABLE,Unhealthy
30.1,98.0154146820909,768,555,STABLE,Moderate
27.0,98.75271947272435,96,44,STABLE,Good
33.3,99.59027675811012,1533,1655,STABLE,Unhealthy for Sensitive Groups
30.1,98.40502905186453,525,501,VIBRATING,Moderate
27.5,95.6256411723756,413,647,STABLE,Moderate
29.6,95.9291203562676,1406,1177,STABLE,Unhealthy for Sensitive Groups
25.8,96.13242009874735,3295,670,STABLE,Unhealthy
32.6,95.55592500731493,155,186,STABLE,Good
32.2,97.8402384132842,54,44,STABLE,Good
33.8,96.93674129998908,239,178,STABLE,Good
26.7,96.10556902264483,1587,1902,STABLE,Unhealthy for Sensitive Groups
29.5,96.38254969725328,1696,1044,STABLE,Unhealthy for Sensitive Groups
28.5,97.6499961862692,85,70,VIBRATING,Moderate
31.5,93.38271900166502,2377,267,STABLE,Unhealthy
28.5,97.81558907194113,169,94,STABLE,Moderate
31.5,98.70044046094785,207,248,STABLE,Good
25.0,98.47818860310092,3297,3160,STABLE,Unhealthy
25.1,97.55499197591848,816,348,STABLE,Moderate
24.2,99.00497404019588,1575,1178,STABLE,Unhealthy for Sensitive Groups
27.0,94.23551477928396,446,865,STABLE,Moderate
33.7,98.93138073476585,2661,2398,STABLE,Unhealthy
24.4,96.92897019528887,80,107,STABLE,Good
25.4,97.68925119219995,855,948,STABLE,Moderate
28.8,98.37666379595726,83,4095,STABLE,Unhealthy
27.4,96.98099053725682,2546,89,STABLE,Unhealthy
25.5,98.26392788631773,65,89,STABLE,Good
28.3944044,97.64933285243836,80,76,VIBRATING,Unhealthy for Sensitive Groups
31.8,99.2082345298296,159,33,STABLE,Good
32.5,98.16895337827285,135,3264,STABLE,Unhealthy
31.8,96.50859017014,731,990,STABLE,Moderate
28.7,96.33092226806113,175,104,STABLE,Moderate
28.5,95.12897458805193,466,1146,STABLE,Moderate
24.7,96.43736618801802,734,2286,STABLE,Unhealthy
28.7,97.44966386066271,877,1152,STABLE,Moderate
34.0,97.57931921286534,3905,1444,STABLE,Unhealthy
25.9,97.76278259083034,1656,1195,STABLE,Unhealthy for Sensitive Groups
34.1,95.17985238161539,96,59,VIBRATING,Good
28.4,97.73382747258576,86,84,STABLE,Unhealthy for Sensitive Groups
26.7,93.88287959559446,324,555,STABLE,Moderate
29.7,99.33037351515812,839,2622,STABLE,Unhealthy
28.5,95.93096179839866,780,1022,STABLE,Moderate
29.3,99.58979161901695,253,530,STABLE,Moderate
26.2,95.24016172719645,795,2708,STABLE,Unhealthy
30.4,94.90221254848426,68,81,STABLE,Moderate
33.0,96.77063238322928,290,426,STABLE,Moderate
31.4,98.63411683383896,1409,1196,STABLE,Unhealthy for Sensitive Groups
27.9,97.84740989119219,668,872,STABLE,Moderate
26.4,95.80656504755068,828,607,STABLE,Moderate
33.6,94.69826147621633,2344,247,STABLE,Unhealthy
31.2,98.5231768211739,3976,141,STABLE,Unhealthy
24.3,92.68513585274255,439,264,STABLE,Moderate
32.8,97.87328498862423,33,183,STABLE,Good
28.1,98.33826080305076,187,49,STABLE,Good
32.4,98.65548628791956,93,44,STABLE,Good
29.56160913,97.89691643643218,61,81,STABLE,Unhealthy
29.90645431685319,99.6263116022266,4095,4095,VIBRATING,Unhealthy
29.0,96.9232747349929,1406,1056,STABLE,Unhealthy for Sensitive Groups
30.4,98.02609362493668,841,929,STABLE,Unhealthy for Sensitive Groups
29.4,97.68041689754516,903,2951,STABLE,Unhealthy
31.5,98.88864262938696,1577,1646,STABLE,Unhealthy for Sensitive Groups
31.1,97.90430350637726,211,139,STABLE,Good
26.2,98.84222876048699,3869,1289,STABLE,Unhealthy
28.7,96.16679654752147,92,76,VIBRATING,Moderate
28.9,96.59757968833185,1680,1986,STABLE,Unhealthy for Sensitive Groups
27.4,98.80850079138882,693,1086,STABLE,Moderate
29.3,95.48680307350364,933,2017,STABLE,Unhealthy
28.2,97.60466185467094,334,934,STABLE,Moderate
28.4268128,98.52344720668059,86,83,VIBRATING,Unhealthy for Sensitive Groups
30.4,94.92701761241618,620,822,STABLE,Moderate
24.7,97.85443878595467,1574,1850,STABLE,Unhealthy for Sensitive Groups
27.1,97.92499521704993,4094,4086,STABLE,Unhealthy
28.45589626,98.66051826088695,86,84,STABLE,Unhealthy for Sensitive Groups
28.53805022,97.4637247646029,85,81,STABLE,Unhealthy for Sensitive Groups
27.5,95.82809411563127,330,381,STABLE,Moderate
26.4,96.87783348236442,766,560,STABLE,Moderate
28.3,99.40261986064051,86,83,STABLE,Moderate
24.7,96.47340052300369,59,105,VIBRATING,Good
31.6,99.08287946625643,192,163,STABLE,Good
32.2,96.47591367273384,46,65,STABLE,Good
31.7,97.5199647551891,143,42,VIBRATING,Good
29.5,97.20338212920208,84,62,STABLE,Good
30.0,98.89422541004024,356,796,STABLE,Moderate
28.5,96.66067316220168,86,82,STABLE,Unhealthy
29.4,94.34732961807433,1571,986,STABLE,Unhealthy for Sensitive Groups
28.63516825,95.84687702960123,51,129,STABLE,Unhealthy for Sensitive Groups
32.0,98.86423668778211,3190,2367,STABLE,Unhealthy
32.3,99.20256657163083,418,601,STABLE,Moderate
24.3,98.70369325075555,279,2758,STABLE,Unhealthy
32.1,94.43966036159779,970,2186,STABLE,Unhealthy
32.2,97.2372032508661,359,359,STABLE,Moderate
29.5,96.09404565908527,94,79,STABLE,Good
26.7,97.19762828352866,1238,1824,STABLE,Unhealthy for Sensitive Groups
29.6,97.35941387728451,66,77,STABLE,Moderate
25.8,96.30826779574454,626,377,STABLE,Moderate
29.7,98.68671406114323,67,76,VIBRATING,Moderate
28.8,93.06933414648908,1686,1554,STABLE,Unhealthy for Sensitive Groups
27.0,96.46919932922583,1882,3549,STABLE,Unhealthy
32.6,98.6492142759871,392,376,STABLE,Moderate
28.9,97.26140440989904,209,246,STABLE,Good
26.9,96.80604947123147,147,192,STABLE,Good
25.5,99.5667862687479,4092,400,STABLE,Unhealthy
28.3,96.32352988893226,87,82,STABLE,Moderate
30.5,94.79070791341584,65,7,VIBRATING,Moderate
28.00488123,99.11835339523948,86,79,VIBRATING,Unhealthy for Sensitive Groups
32.9,93.57998828858108,728,847,STABLE,Unhealthy for Sensitive Groups
30.0,99.01374022432705,238,165,STABLE,Good
30.3,98.19666887471604,774,375,STABLE,Moderate
31.7,95.70936674601847,3824,2994,STABLE,Unhealthy
32.7,95.38683028527326,82,73,STABLE,Good
34.1,97.38252402018173,97,60,STABLE,Good
28.3,96.32118385605301,1560,1292,STABLE,Unhealthy for Sensitive Groups
30.3,97.88363960376054,781,2464,STABLE,Unhealthy
26.3,97.37216566164987,780,778,STABLE,Unhealthy for Sensitive Groups
24.9,96.4382702713834,1541,1240,STABLE,Unhealthy for Sensitive Groups
29.6,98.12776774874024,80,74,VIBRATING,Moderate
27.1,94.4918238497224,148,83,STABLE,Good
24.5,98.04709556686241,2670,775,STABLE,Unhealthy
24.5,97.83188524200172,3197,3004,STABLE,Unhealthy
30.3,95.31489026688271,72,110,STABLE,Unhealthy for Sensitive Groups
29.0,96.17551592624446,47,90,STABLE,Unhealthy
29.4,97.3660823991907,56,36,STABLE,Good
26.9,99.31791585037728,583,777,STABLE,Moderate
29.6,98.17786148537789,443,2270,STABLE,Unhealthy
32.8,95.29442669020779,137,170,STABLE,Good
30.2,97.37099978467047,450,346,STABLE,Moderate
33.6,99.14298151303977,97,59,STABLE,Good
29.4,96.2206445885274,516,640,STABLE,Moderate
28.27756173,98.82828096367079,86,77,STABLE,Unhealthy for Sensitive Groups
32.1,95.10104815933836,526,885,STABLE,Moderate
24.9,98.26538025900143,1791,1346,STABLE,Unhealthy for Sensitive Groups
29.7,97.49279308447554,410,989,STABLE,Moderate
29.1,97.08667207886991,134,210,STABLE,Good
30.2,99.07175496503062,167,157,STABLE,Good
30.4,97.2125095525322,1002,1261,STABLE,Unhealthy for Sensitive Groups
31.3,98.9231322911154,3563,58,STABLE,Unhealthy
30.9,99.57978253406597,946,3542,STABLE,Unhealthy
24.0,96.42762303494372,424,338,STABLE,Moderate
30.5,96.91134228316919,1295,1950,STABLE,Unhealthy for Sensitive Groups
25.8,96.54212776245718,300,1101,STABLE,Moderate
29.3,94.56376759574232,103,80,VIBRATING,Moderate
25.5,97.90484090225972,2213,636,STABLE,Unhealthy
30.1,98.9216046929287,96,58,STABLE,Good
28.3884199,95.92284333818061,86,84,STABLE,Unhealthy for Sensitive Groups
25.4,95.92117996803528,188,44,STABLE,Good
30.5,98.1705354208612,67,5,STABLE,Moderate
32.4,98.10893361003771,639,802,STABLE,Moderate
28.9,93.26242675886193,54,81,STABLE,Moderate
33.3,96.24782343430192,1261,1110,STABLE,Unhealthy for Sensitive Groups
26.7,96.27810388872513,202,207,STABLE,Good
30.2,97.3959726150595,68,114,STABLE,Unhealthy for Sensitive Groups
30.8207187542341,97.56408030363491,504,4095,STABLE,Unhealthy
26.8,98.06326553277543,150,80,STABLE,Good
28.2,99.25887912339265,86,74,STABLE,Moderate
28.38395999,98.97798025572908,86,84,VIBRATING,Unhealthy for Sensitive Groups
31.5,98.76704689522742,2188,3079,STABLE,Unhealthy
32.9,98.05108189929015,213,230,STABLE,Good
28.4,95.7044681297827,77,76,STABLE,Moderate
26.5,98.37518469666433,922,3370,STABLE,Unhealthy
24.7,96.2046585145317,53,3964,STABLE,Unhealthy
33.7,97.61379040057142,78,2762,STABLE,Unhealthy
28.9,98.90378283556967,68,89,VIBRATING,Good
29.2,99.55440877540424,852,1979,STABLE,Unhealthy for Sensitive Groups
26.80465123,95.11470035701433,150,4095,STABLE,Unhealthy
29.25276477,94.91173932415231,46,91,STABLE,Unhealthy
31.314900378595567,99.08590159202465,4095,4095,STABLE,Unhealthy
28.3,96.73531835625694,1664,1915,STABLE,Unhealthy for Sensitive Groups
31.9,94.26710640438525,47,233,STABLE,Good
30.3,94.7055117488603,668,3014,STABLE,Unhealthy
24.3,98.41655342413041,95,136,STABLE,Good
28.27221012,99.10140598367039,84,82,STABLE,Unhealthy
28.39467524,94.96135281303735,86,77,STABLE,Unhealthy for Sensitive Groups
25.8,96.85907004314323,3577,2380,STABLE,Unhealthy
24.9,96.97303643139581,114,2711,STABLE,Unhealthy
27.9,97.8391837902786,323,925,STABLE,Moderate
26.3,95.55743881771856,68,91,STABLE,Good
31.1,95.14223950339002,671,559,STABLE,Moderate
25.8,98.95283917174501,3405,788,STABLE,Unhealthy
29.11765275,96.32481135425124,47,89,STABLE,Unhealthy for Sensitive Groups
27.1,97.19287955512178,1209,1441,STABLE,Unhealthy for Sensitive Groups
27.4,94.87670919879577,676,257,STABLE,Moderate
28.9,98.3333568683486,107,84,STABLE,Moderate
28.61255006,97.01569147742491,86,83,VIBRATING,Unhealthy for Sensitive Groups
28.6,97.68369549958572,1256,1823,STABLE,Unhealthy for Sensitive Groups
24.9,96.17493078301706,726,1301,STABLE,Unhealthy for Sensitive Groups
29.1,96.16414535365732,57,88,STABLE,Moderate
28.3,96.79495352494764,85,72,VIBRATING,Unhealthy for Sensitive Groups
25.470321848586334,98.0948900621164,712,4095,STABLE,Unhealthy
30.0,99.0166602059403,651,766,STABLE,Moderate
34.0,97.61027305746717,448,608,STABLE,Moderate
29.3,94.00895448595624,169,219,STABLE,Good
26.3,96.81110936237499,612,1150,STABLE,Moderate
32.3,94.15319361993441,730,958,STABLE,Unhealthy for Sensitive Groups
32.8,99.10404774458495,1298,1736,VIBRATING,Unhealthy for Sensitive Groups
28.27758047,96.48770035460079,86,76,VIBRATING,Unhealthy for Sensitive Groups
25.9,97.56295185783725,66,90,STABLE,Good
25.2,98.77335202051867,568,2854,STABLE,Unhealthy
30.4,95.79983203126847,68,84,STABLE,Moderate
30.3,94.91143648008378,409,321,STABLE,Moderate
32.8,98.14123482436015,1653,1881,STABLE,Unhealthy for Sensitive Groups
32.4,98.09652688020181,155,151,STABLE,Good
28.1,97.17042038370514,2193,3455,STABLE,Unhealthy
30.9,99.03595274133869,964,798,STABLE,Unhealthy for Sensitive Groups
28.6,95.66089372284301,148,161,STABLE,Good
28.2,96.07940872792946,77,72,VIBRATING,Moderate
28.35947766,97.23859463597154,86,80,STABLE,Unhealthy for Sensitive Groups
25.6,94.75104482121239,488,706,STABLE,Moderate
24.8,99.3905604633168,853,736,STABLE,Moderate
24.0,97.32506151752513,43,162,STABLE,Good
30.588032386883775,97.44453143038538,918,4095,STABLE,Unhealthy
30.2,98.36541761621902,76,2756,STABLE,Unhealthy
28.2241857,97.95542127452154,86,76,STABLE,Unhealthy for Sensitive Groups
29.0,97.81789068522872,2685,405,STABLE,Unhealthy
29.20887364473454,97.65286405463225,3338,545,STABLE,Unhealthy
34.0,95.12277741168042,443,3870,STABLE,Unhealthy
29.2,98.32327815063572,53,208,STABLE,Good
26.4,96.72016761744898,3808,597,STABLE,Unhealthy
31.2,96.91788106215859,977,1012,STABLE,Unhealthy for Sensitive Groups
27.2,97.19974283070472,3743,3724,STABLE,Unhealthy
28.34983233,96.31399313915699,86,76,STABLE,Unhealthy for Sensitive Groups
29.4,96.59158904443808,256,1044,STABLE,Moderate
33.4,99.22102210667907,267,278,STABLE,Moderate
29.1,99.4878370365859,707,453,STABLE,Moderate
28.52780813,98.57175040042038,74,195,STABLE,Unhealthy
29.0,99.04013778549526,36,41,STABLE,Good
29.4,95.81000419999421,190,203,STABLE,Good
30.3,97.54700720855921,68,81,VIBRATING,Moderate
28.30674101,98.52460596984443,85,75,STABLE,Unhealthy for Sensitive Groups
33.4,97.83552827848251,536,747,STABLE,Moderate
27.0,98.1076995198059,151,82,STABLE,Good
27.7,95.72226354553798,3272,2325,STABLE,Unhealthy
33.9,97.48921626108056,83,131,STABLE,Good
25.7,97.73107885206393,307,2019,STABLE,Unhealthy
28.18483892,98.85793545366285,86,81,VIBRATING,Unhealthy for Sensitive Groups
29.3,98.69947372459796,102,82,STABLE,Moderate
32.9,98.28703013120123,30,187,STABLE,Good
24.3,97.17031794635695,185,109,STABLE,Good
31.1,96.92937574461484,308,766,STABLE,Moderate
31.2,97.17013269616453,809,598,STABLE,Moderate
28.2,96.37688156560982,87,80,STABLE,Moderate
26.02161032,96.47037575169047,80,98,STABLE,Good
32.9,96.91090601444044,203,118,STABLE,Good
28.3,97.47692383000972,85,76,STABLE,Moderate
32.1,93.94998071106048,125,71,VIBRATING,Good
24.7,99.00736119591416,214,49,STABLE,Good
24.3,94.27964760146827,1519,819,STABLE,Unhealthy for Sensitive Groups
24.7,96.41147349634757,219,151,STABLE,Good
26.2,97.23012351940972,74,86,STABLE,Good
31.5,98.75790395869231,1730,1088,STABLE,Unhealthy for Sensitive Groups
26.4,96.85552458576542,348,1075,STABLE,Moderate
26.6,95.81700182051483,72,85,STABLE,Good
33.6,98.20727567251024,146,79,STABLE,Good
26.0,96.1860733749941,2501,89,STABLE,Unhealthy
27.5,97.00390835762907,310,490,STABLE,Moderate
32.5,96.03965729249047,550,3040,STABLE,Unhealthy
33.4,97.43000537928278,619,2148,STABLE,Unhealthy
28.3,96.34195128458633,885,3305,STABLE,Unhealthy
29.83629854,95.61783089562358,66,92,STABLE,Unhealthy
30.3,97.60164212449955,556,700,STABLE,Moderate
26.2,97.45496430491487,862,324,STABLE,Moderate
24.7,97.14987915186713,358,722,STABLE,Moderate
28.28453279,98.63986194821953,85,77,STABLE,Unhealthy for Sensitive Groups
33.4,97.85612631412081,961,1924,STABLE,Unhealthy for Sensitive Groups
29.2,98.79807147992844,187,121,STABLE,Good
33.5,97.71084807450647,3090,794,VIBRATING,Unhealthy
28.0,94.51871126700313,218,163,STABLE,Good
29.8,94.81876317453774,868,1378,STABLE,Unhealthy for Sensitive Groups
33.337191542038084,98.23566707254008,4095,4095,STABLE,Unhealthy
24.3,98.75978562192097,3571,863,STABLE,Unhealthy
31.2,93.88079558757818,379,1027,STABLE,Moderate
25.7,98.44418242189604,72,85,STABLE,Good
30.2,96.03261918041811,884,1659,STABLE,Unhealthy for Sensitive Groups
31.3,96.33967665894028,1346,1466,STABLE,Unhealthy for Sensitive Groups
28.3,98.43162332230474,803,749,STABLE,Moderate
28.32466651,98.11577088363423,86,81,STABLE,Unhealthy
29.71904031,96.51274175824237,69,76,STABLE,Unhealthy for Sensitive Groups
29.0,97.68641059207769,570,1004,STABLE,Moderate
27.0,97.65568795748061,1743,1984,STABLE,Unhealthy for Sensitive Groups
31.6,96.20537147298195,40,240,STABLE,Good
25.1,97.96194769655965,163,152,STABLE,Good
30.2,97.80931698942838,69,115,STABLE,Unhealthy for Sensitive Groups
26.2,96.83153400245328,249,114,STABLE,Good
26.7,99.5220976075986,1394,1084,STABLE,Unhealthy for Sensitive Groups
28.4,95.09308586159005,86,80,STABLE,Unhealthy for Sensitive Groups
33.8,98.2782834904274,644,415,STABLE,Moderate
28.31992502,96.62310397687826,86,75,STABLE,Unhealthy
28.36528672,98.9017867938016,86,81,STABLE,Unhealthy for Sensitive Groups
25.5,96.8771242848494,73,85,VIBRATING,Good
28.7,95.56330206800615,1148,787,VIBRATING,Unhealthy for Sensitive Groups
31.6,98.99749393262171,540,659,STABLE,Moderate
25.4,96.79591068051857,850,1136,STABLE,Moderate
26.4,95.25657919665669,160,205,STABLE,Good
27.6,97.41081904907023,614,3647,STABLE,Unhealthy
28.5,96.64110124343973,3465,3124,STABLE,Unhealthy
28.53955152,95.75870475441657,86,78,STABLE,Unhealthy for Sensitive Groups
33.2,95.4443068562473,1745,1648,STABLE,Unhealthy for Sensitive Groups
31.2,96.23483854326365,167,180,STABLE,Good
25.4,92.9561996161275,221,249,STABLE,Good
28.30867052,96.15243568213867,87,85,STABLE,Unhealthy for Sensitive Groups
29.0,93.50968018533896,350,617,STABLE,Moderate
29.6,92.36628788589911,1261,1825,STABLE,Unhealthy for Sensitive Groups
32.5,97.22744301826667,241,141,STABLE,Good
32.2,95.66554865503109,1578,1452,STABLE,Unhealthy for Sensitive Groups
24.6,97.03328413687946,587,3761,STABLE,Unhealthy
27.4,98.4424078542156,560,2753,STABLE,Unhealthy
29.8,98.31176588709332,180,245,STABLE,Good
31.3,96.32299210655569,2627,354,STABLE,Unhealthy
30.2,98.2600051913292,93,54,STABLE,Good
28.91096017,98.49197063818613,51,85,VIBRATING,Unhealthy for Sensitive Groups
24.7,96.94074983039106,842,836,STABLE,Moderate
33.1,96.65229868087232,3571,920,STABLE,Unhealthy
30.4,95.50732632946755,1745,1373,STABLE,Unhealthy for Sensitive Groups
28.7,96.00590352064678,195,82,STABLE,Moderate
29.2,95.7357682417265,47,98,STABLE,Unhealthy
32.3,97.76163320172174,728,594,STABLE,Moderate
25.2,97.12348455968213,1021,1576,STABLE,Unhealthy for Sensitive Groups
28.4,95.32960535311045,82,75,VIBRATING,Moderate
24.6,98.72621940988762,970,3367,STABLE,Unhealthy
32.3,96.65225655032877,776,1001,STABLE,Moderate
31.9,99.13781617764556,212,228,STABLE,Good
25.8,95.00521489522248,73,85,VIBRATING,Good
26.4,97.79802387388825,606,596,STABLE,Moderate
25.68597488783895,98.40285962079689,562,3496,STABLE,Unhealthy
33.8,97.24451827085218,3684,3362,STABLE,Unhealthy
27.6,96.09220597002336,1788,1554,STABLE,Unhealthy for Sensitive Groups
30.1,96.63295514899595,66,76,STABLE,Moderate
28.2,94.77299617786495,179,2283,STABLE,Unhealthy
28.2,96.85846895513768,3883,2462,STABLE,Unhealthy
29.0,95.2696256770513,209,87,STABLE,Moderate
28.3,97.62904700614313,85,75,STABLE,Unhealthy
28.27517969,98.24739430760214,87,81,STABLE,Unhealthy
26.0,93.17042637010526,72,84,STABLE,Good
33.1,97.62877270836101,3557,3420,STABLE,Unhealthy
24.1,95.16889919462344,496,436,STABLE,Moderate
27.5,96.24869798811568,41,62,STABLE,Good
26.1,97.38627927976245,575,392,STABLE,Moderate
24.5,94.55190783808192,128,3862,STABLE,Unhealthy
28.31592457,95.68205533850517,86,84,STABLE,Unhealthy for Sensitive Groups
28.1,95.01658562599492,212,162,STABLE,Good
24.5,95.76941258512325,139,3457,STABLE,Unhealthy
25.3,96.45749750873838,118,129,STABLE,Good
31.1,98.02668601432629,99,126,STABLE,Good
26.2,95.72086931732845,234,226,STABLE,Good
30.0,96.67260893728476,245,163,STABLE,Good
28.1,94.75699897564678,3177,2126,STABLE,Unhealthy
26.6,98.49449926062024,73,86,VIBRATING,Good
29.9,96.9353020858235,855,547,STABLE,Moderate
28.4,95.33942449532803,179,103,VIBRATING,Moderate
29.685512250518993,98.91845754508512,4095,4095,STABLE,Unhealthy
29.41121752,97.55255625195583,59,82,STABLE,Unhealthy
27.6,95.34594301280468,529,346,STABLE,Moderate
31.6,98.05690774125472,1360,1079,STABLE,Unhealthy for Sensitive Groups
29.0,98.83156039402185,46,88,STABLE,Unhealthy
33.0,98.38824781838325,447,257,STABLE,Moderate
25.1,94.30279765645948,1744,1790,STABLE,Unhealthy for Sensitive Groups
29.0,98.86073134457727,980,3723,STABLE,Unhealthy
27.5,94.84688588781806,3004,3432,STABLE,Unhealthy
33.9,99.38011626827314,2962,595,STABLE,Unhealthy
24.7,95.57167763020772,71,114,STABLE,Good
27.1,98.65919591678546,147,83,STABLE,Good
32.8,97.74467033780061,606,344,STABLE,Moderate
29.1,95.280059316932,636,586,STABLE,Moderate
26.0,96.23154054248478,66,90,STABLE,Good
32.5,96.79381333050881,230,195,STABLE,Good
27.0,93.82657509653258,685,861,STABLE,Moderate
30.14451844,98.32257179050558,66,88,VIBRATING,Unhealthy
30.8,96.67818662018914,995,3523,STABLE,Unhealthy
25.9,96.14125533281036,72,85,STABLE,Good
29.4,96.84816491211163,73,83,STABLE,Moderate
29.0,98.2348725641717,2144,3407,STABLE,Unhealthy
31.910759542394207,98.25547441962428,4095,157,STABLE,Unhealthy
30.4,96.12029635551313,135,249,STABLE,Good
26.7,98.21667841330608,72,85,STABLE,Good
26.1,96.80518182597902,1652,1537,STABLE,Unhealthy for Sensitive Groups
26.0,95.80265257385861,53,92,STABLE,Good
34.0,96.91791675728314,3856,3283,STABLE,Unhealthy
26.3,97.75436070415402,284,771,STABLE,Moderate
28.4,97.66237477897842,84,75,STABLE,Moderate
28.7,99.03338821721522,325,2628,VIBRATING,Unhealthy
27.4,95.87059573935997,1329,1206,STABLE,Unhealthy for Sensitive Groups
30.0,98.35340254704582,220,236,STABLE,Good
28.0,98.04365561982667,1213,1278,VIBRATING,Unhealthy for Sensitive Groups
29.8,98.67409597379418,70,73,STABLE,Moderate
32.6,93.19748763989259,792,1517,STABLE,Unhealthy for Sensitive Groups
30.8,97.59787464239473,1268,905,STABLE,Unhealthy for Sensitive Groups
29.2,97.39308368784478,173,120,STABLE,Good
24.3,98.46559227503873,402,4054,STABLE,Unhealthy
29.7,94.25263116351843,1105,1471,STABLE,Unhealthy for Sensitive Groups
28.34885581,97.21302255483207,86,80,STABLE,Unhealthy
30.0,98.71208011367838,758,660,STABLE,Moderate
28.7,96.50312377939062,83,95,VIBRATING,Moderate
26.25843143,99.22922215325272,71,90,STABLE,Good
26.0,94.42350890469474,888,520,STABLE,Moderate
29.3,94.7418694935555,879,800,STABLE,Unhealthy for Sensitive Groups
28.4,98.92852682129713,142,224,STABLE,Good
25.3,97.32757984272149,806,595,VIBRATING,Moderate
25.43710572,94.43303225012058,66,89,STABLE,Good
33.2,99.01118862099189,100,60,VIBRATING,Good
24.1,96.85166074888971,1073,1357,STABLE,Unhealthy for Sensitive Groups
28.7,95.89362132535531,174,105,STABLE,Good
28.9,95.56612685326319,26,47,VIBRATING,Moderate
28.4,98.01653979534612,504,1034,STABLE,Moderate
28.1,98.00364574819561,3873,606,STABLE,Unhealthy
28.4,96.46921900693116,3971,769,STABLE,Unhealthy
30.1,95.15075782305261,96,58,VIBRATING,Good
28.34673975,99.14318143782307,86,84,STABLE,Unhealthy for Sensitive Groups
25.5,93.96703673810023,3514,664,STABLE,Unhealthy
25.3,98.40131242291196,614,712,STABLE,Moderate
33.9,99.40436266238216,2962,2645,STABLE,Unhealthy
28.6,99.01063490929995,84,81,STABLE,Unhealthy for Sensitive Groups
28.50840982,95.32219091637351,86,81,STABLE,Unhealthy
30.27713748,94.16871260628346,71,108,STABLE,Unhealthy for Sensitive Groups
25.3,98.22651940060712,860,997,STABLE,Moderate
25.7,96.49124501806304,996,2771,STABLE,Unhealthy
33.4,94.84083652701437,1684,1667,STABLE,Unhealthy for Sensitive Groups
29.4,95.92270936780498,4052,659,STABLE,Unhealthy
25.4,97.91002318191671,618,1043,STABLE,Moderate
29.4,97.63428048435506,233,124,STABLE,Good
28.5,98.99689402365411,87,81,STABLE,Unhealthy for Sensitive Groups
28.33296145,97.9677007847899,86,75,VIBRATING,Unhealthy
26.4,95.63012676041228,482,3343,STABLE,Unhealthy
27.1,98.84442499760188,387,281,STABLE,Moderate
25.9,97.59349158301539,184,79,STABLE,Good
28.31284487,97.97016944615686,91,80,STABLE,Unhealthy for Sensitive Groups
25.2,98.05096486149999,1148,1642,STABLE,Unhealthy for Sensitive Groups
28.5,97.08405890864833,65,52,STABLE,Good
28.5,97.07719912362049,86,76,STABLE,Moderate
29.0,97.9757948991455,46,87,STABLE,Unhealthy
27.3,97.11686187694595,3636,3859,STABLE,Unhealthy
29.0,96.3018373327602,708,1791,STABLE,Unhealthy for Sensitive Groups
32.7,95.99490564237959,882,1065,STABLE,Unhealthy for Sensitive Groups
32.13747371,98.66785107025731,87,60,STABLE,Good
32.7,97.84602237858857,100,2188,STABLE,Unhealthy
28.6,97.38255782269333,31,94,STABLE,Good
31.2,98.36188872478748,371,1189,STABLE,Moderate
28.44619429,98.77984959677205,87,76,STABLE,Unhealthy
29.55258455,95.57486649038837,67,156,STABLE,Unhealthy
24.2,98.64457411496616,3680,84,STABLE,Unhealthy
33.5,99.20854389617544,237,3538,STABLE,Unhealthy
32.7,97.96009517086141,202,194,STABLE,Good
30.5,98.63441110041533,1472,1439,STABLE,Unhealthy for Sensitive Groups
26.0,97.83226615758032,3370,569,STABLE,Unhealthy
28.39350376,98.17673769405779,52,114,STABLE,Unhealthy for Sensitive Groups
32.2,97.41625834878089,1236,1208,STABLE,Unhealthy for Sensitive Groups
24.183617432683295,96.9439126719681,544,4095,STABLE,Unhealthy
30.2,94.8163534490575,68,80,STABLE,Moderate
33.2,95.69711175191546,2895,841,STABLE,Unhealthy
28.4,97.03934801385348,82,78,STABLE,Moderate
28.6,98.65350634757469,297,1017,STABLE,Moderate
24.1,95.06820450071464,928,1986,STABLE,Unhealthy for Sensitive Groups
28.1,97.48736525350375,87,82,VIBRATING,Moderate
29.4,96.61771649816066,185,122,STABLE,Good
30.2,95.54163112706267,1118,1597,STABLE,Unhealthy for Sensitive Groups
29.1,98.4118273905986,553,871,STABLE,Moderate
24.9,98.99984889227825,195,82,STABLE,Good
33.8,95.62360267109042,169,94,STABLE,Good
33.1,99.09702314242631,3655,1928,STABLE,Unhealthy
32.3,96.48084449846144,626,602,STABLE,Moderate
33.4,99.32481177238714,98,59,STABLE,Good
29.2,99.41730226732538,46,93,STABLE,Unhealthy
25.5,97.98861239473293,130,205,STABLE,Good
24.8,96.94238421269138,844,268,STABLE,Moderate
24.0,97.5069138195185,707,835,STABLE,Moderate
27.8,96.12588014189784,220,143,STABLE,Good
24.8,98.08139237197422,348,3525,STABLE,Unhealthy
25.5,97.81368665234946,1056,1633,STABLE,Unhealthy for Sensitive Groups
33.3,97.39003295540617,2111,270,VIBRATING,Unhealthy
30.2,96.44341013191517,2309,2456,STABLE,Unhealthy
28.1,95.85854238278533,85,81,STABLE,Moderate
31.5,95.04302612088561,242,245,STABLE,Good
25.0,99.30683884379751,799,411,STABLE,Moderate
25.9,96.15504831836193,691,1048,STABLE,Moderate
30.3,98.31844134092327,4062,793,STABLE,Unhealthy
32.69088069666813,99.75502520011028,4095,4095,STABLE,Unhealthy
32.7,97.45091023457573,659,259,STABLE,Moderate
33.9,97.69236293289278,1167,731,STABLE,Unhealthy for Sensitive Groups
27.4,99.208866364278,135,132,STABLE,Good
28.25212603,96.23072937441734,86,81,STABLE,Unhealthy
27.4,97.97899481570903,3194,3018,STABLE,Unhealthy
33.9,96.971708607664,3502,2794,STABLE,Unhealthy
25.1,98.60217090233155,335,1097,STABLE,Moderate
31.3,97.82530326915843,1848,771,STABLE,Unhealthy
28.2,98.235410481574,86,79,STABLE,Moderate
29.09878822623306,98.74238742983488,2871,186,STABLE,Unhealthy
24.6,96.0529268966934,281,871,STABLE,Moderate
32.1,95.62609723967297,315,2014,STABLE,Unhealthy
31.9,97.69341487867696,372,772,STABLE,Moderate
25.6,97.51784241043185,2486,719,VIBRATING,Unhealthy
29.8,97.30372607688614,89,207,STABLE,Good
25.2,96.14797762693003,628,4051,STABLE,Unhealthy
32.2,99.21332817043714,48,3645,STABLE,Unhealthy
24.0,97.87584652908556,716,845,STABLE,Unhealthy for Sensitive Groups
29.2,98.05405745236611,38,77,STABLE,Moderate
28.3,97.04384229571754,86,76,STABLE,Unhealthy
28.4169034,98.25510014362938,82,4095,STABLE,Unhealthy
32.3,99.013746675815,762,1448,VIBRATING,Unhealthy for Sensitive Groups
29.3,98.1950309359885,86,67,STABLE,Moderate
29.86428325,94.98717307994883,68,243,STABLE,Unhealthy
30.384503223024538,99.31653139343766,4095,4095,STABLE,Unhealthy
28.45117054,98.43152570926505,86,81,STABLE,Unhealthy
26.2,98.3172940753226,75,89,STABLE,Good
24.47551373,96.8109541736016,59,111,STABLE,Good
29.5,97.08112951613155,74,74,VIBRATING,Moderate
27.4,96.29777462815689,3197,3474,VIBRATING,Unhealthy
27.5,95.3151376291769,1997,2252,STABLE,Unhealthy
26.9,98.3448406752242,614,654,STABLE,Moderate
28.3,98.72556536199768,88,75,STABLE,Moderate
33.6,97.21864748769222,3800,3676,STABLE,Unhealthy
25.7,94.72694476302776,1440,1832,STABLE,Unhealthy for Sensitive Groups
25.9,96.1965711062204,1127,1822,STABLE,Unhealthy for Sensitive Groups
31.4,97.1392992422437,567,536,STABLE,Moderate
32.4,95.26199083732327,2024,899,STABLE,Unhealthy
28.0,94.38765730372039,87,82,STABLE,Moderate
28.3911836,98.82333219100371,86,82,STABLE,Unhealthy for Sensitive Groups
28.8,93.15469394025085,209,82,STABLE,Moderate
28.3,97.68078344386495,267,795,STABLE,Moderate
25.9,99.67857112464695,73,86,STABLE,Good
30.4,95.85424234858533,646,1197,STABLE,Moderate
30.1,95.8971282390577,96,58,STABLE,Good
25.1,97.90975105410912,3726,861,STABLE,Unhealthy
33.6,97.77758500868092,1787,1375,STABLE,Unhealthy for Sensitive Groups
26.1,98.35188266201467,1810,996,STABLE,Unhealthy
27.3,99.5045554588393,107,68,STABLE,Good
30.4,98.74572426478753,793,1367,STABLE,Unhealthy for Sensitive Groups
31.8,95.3140198090243,3656,2946,STABLE,Unhealthy
29.11077846,99.14104892950895,99,82,STABLE,Unhealthy for Sensitive Groups
26.9,96.37950561213842,3996,2327,VIBRATING,Unhealthy
26.95193666,99.60881529478105,148,4095,STABLE,Unhealthy
31.6,98.39001487635444,865,2739,STABLE,Unhealthy
24.2,95.982564759952,499,321,STABLE,Moderate
30.9,95.1220227521524,557,548,STABLE,Moderate
28.2,97.01508508471274,79,82,STABLE,Moderate
33.0,94.48633371353819,732,831,STABLE,Unhealthy for Sensitive Groups
28.9,94.81822790020388,104,88,STABLE,Good
28.2,97.7568159516531,1070,872,STABLE,Unhealthy for Sensitive Groups
30.3,96.34357683946874,1585,1863,STABLE,Unhealthy for Sensitive Groups
29.1,93.81975133596423,47,93,STABLE,Unhealthy
31.4,94.6625503334104,168,176,STABLE,Good
29.6,96.78456465771129,521,913,STABLE,Moderate
29.3,97.25162659666836,102,83,VIBRATING,Moderate
29.83674595,96.708157754587,71,74,STABLE,Unhealthy
31.4,98.7361075016613,3359,3135,STABLE,Unhealthy
28.3,97.86308235183834,3643,57,STABLE,Unhealthy
26.2,95.76469660834687,495,2440,STABLE,Unhealthy
28.5,97.08088483641485,86,70,VIBRATING,Moderate
26.7,95.91304750885149,517,534,STABLE,Moderate
31.1,97.15184197806447,793,1180,STABLE,Moderate
29.16372421,95.60533958988941,47,92,VIBRATING,Unhealthy
25.6,96.6956945020115,2447,3584,VIBRATING,Unhealthy
32.7,97.46006340932765,820,1008,STABLE,Moderate
28.53181116,94.63964149467303,86,77,STABLE,Unhealthy for Sensitive Groups
28.5,93.96671807916114,70,149,STABLE,Good
27.0,96.9551424126508,149,84,STABLE,Good
26.0,94.12363109414713,226,83,STABLE,Good
28.8,98.28515166135145,863,1170,STABLE,Moderate
30.9,95.157734584981,1146,1838,STABLE,Unhealthy for Sensitive Groups
27.10035629,96.45016520215955,147,4095,STABLE,Unhealthy
28.59843514,97.61488528192608,84,82,STABLE,Unhealthy for Sensitive Groups
25.9,94.06215916497003,631,3888,STABLE,Unhealthy
25.9,97.92033451135407,59,171,STABLE,Good
26.71872912,98.99407728451713,44,94,STABLE,Good
28.24121156,93.305308408544,86,79,STABLE,Unhealthy for Sensitive Groups
28.68293158,97.50264839487389,49,106,STABLE,Unhealthy
31.5,96.40404088467756,352,3406,STABLE,Unhealthy
28.64274881,94.63109854519277,51,130,STABLE,Unhealthy for Sensitive Groups
24.1,96.49998816803162,234,102,STABLE,Good
28.57172833,96.87239139876601,86,81,STABLE,Unhealthy for Sensitive Groups
25.92963571,96.71577839691498,72,85,STABLE,Good
24.6,99.47221329186114,1121,1072,STABLE,Unhealthy for Sensitive Groups
29.7,93.7309378128445,3969,3655,STABLE,Unhealthy
31.4,99.22949546303437,902,2887,STABLE,Unhealthy
24.356607693227495,96.4792767109946,3370,309,STABLE,Unhealthy
26.0,97.3336787612963,63,94,VIBRATING,Good
28.3,97.09771955416338,133,164,STABLE,Good
28.4,96.4039544967222,87,77,STABLE,Unhealthy
24.5,98.54764027881403,956,4008,STABLE,Unhealthy
27.5,94.04203577337968,962,1197,STABLE,Unhealthy for Sensitive Groups
30.0,97.57207834301677,185,236,STABLE,Good
29.2,98.46442929754733,2391,429,STABLE,Unhealthy
25.67841192,98.99469360333285,71,90,STABLE,Good
28.46015394,97.94837755527749,51,126,VIBRATING,Unhealthy for Sensitive Groups
33.3,99.12521094381978,156,30,STABLE,Good
29.0,95.63152984741522,40,84,STABLE,Moderate
32.4,98.30708899431649,721,488,STABLE,Moderate
26.6,94.06886356598068,1129,1212,STABLE,Unhealthy for Sensitive Groups
32.7,95.29049315550738,4070,200,STABLE,Unhealthy
29.06440085,98.31254322438409,47,91,STABLE,Unhealthy
28.8,98.84757543017551,1768,1374,STABLE,Unhealthy for Sensitive Groups
34.05313068,96.84437677223518,97,59,VIBRATING,Good
26.3,97.20508593133609,176,187,STABLE,Good
26.6,92.76451727100819,3664,3758,STABLE,Unhealthy
33.8948119035224,97.67125431948652,4095,4095,STABLE,Unhealthy
33.8,96.65462709411932,479,706,STABLE,Moderate
28.9,98.28825219533728,341,3032,STABLE,Unhealthy
28.8,97.80447845073544,1229,1082,STABLE,Unhealthy for Sensitive Groups
24.6,98.17033307906117,677,3488,STABLE,Unhealthy
26.6,93.93478605625613,1123,1420,STABLE,Unhealthy for Sensitive Groups
32.4,97.97362735627279,108,3084,STABLE,Unhealthy
30.1,98.72155209647053,68,76,STABLE,Good
29.4,93.68468201089944,744,584,STABLE,Moderate
26.4,98.78375030557908,3160,473,STABLE,Unhealthy
24.0,98.08237729210971,833,832,STABLE,Moderate
30.3,93.67661670762871,953,725,STABLE,Unhealthy for Sensitive Groups
28.3,99.1728538759199,2889,897,STABLE,Unhealthy
25.8,97.07745697971629,200,172,STABLE,Good
25.0873380015061,96.0031276404355,4095,4095,STABLE,Unhealthy
33.3,99.3759891910336,718,1178,STABLE,Unhealthy for Sensitive Groups
28.1,93.47101805805015,95,47,STABLE,Good
26.5,99.36491892990784,746,1776,STABLE,Unhealthy for Sensitive Groups
26.2,95.15932728206144,831,3243,STABLE,Unhealthy
33.6,96.65555652266188,1359,1779,STABLE,Unhealthy for Sensitive Groups
26.7,97.50897187952918,64,95,VIBRATING,Good
32.3,97.57942076700901,503,3857,STABLE,Unhealthy
29.6,96.79773931252628,207,199,STABLE,Good
30.1,96.20689351962112,4058,1002,STABLE,Unhealthy
34.0,95.84860546278037,336,560,STABLE,Moderate
27.78929021514298,97.0435138258374,4095,564,STABLE,Unhealthy
28.0,98.7652184929452,2041,912,STABLE,Unhealthy
27.8,94.96170963295086,1440,857,STABLE,Unhealthy for Sensitive Groups
34.0,98.56739050182783,822,2043,STABLE,Unhealthy
30.3,98.5679751536239,487,576,STABLE,Moderate
29.54425023,99.15898602431777,59,88,STABLE,Unhealthy
30.1,94.14084447938896,326,2492,STABLE,Unhealthy
25.5,97.38936198010468,66,90,STABLE,Good
33.9,98.7477207394486,635,913,STABLE,Moderate
28.2102916,96.9718784070931,86,80,STABLE,Unhealthy for Sensitive Groups
30.1,96.32742817802068,95,57,STABLE,Good
25.5,98.97565368259274,401,3352,STABLE,Unhealthy
32.0,98.69624035406457,3512,631,STABLE,Unhealthy
33.8,97.7538765049408,3369,2582,STABLE,Unhealthy
29.0,99.7367840777161,46,88,STABLE,Unhealthy
24.2,96.98481615882707,408,2538,STABLE,Unhealthy
30.1,96.24057892280351,96,58,STABLE,Good
26.9,97.33499472098862,1479,1845,STABLE,Unhealthy for Sensitive Groups
29.8,96.03987780376262,953,1306,STABLE,Unhealthy for Sensitive Groups
33.3,99.28749665112447,346,3000,STABLE,Unhealthy
24.1,94.39054980173182,3621,338,STABLE,Unhealthy
27.2,98.81600110109926,1356,1056,STABLE,Unhealthy for Sensitive Groups
28.37321846,98.65325094451424,86,82,VIBRATING,Unhealthy for Sensitive Groups
24.1,98.05474875084079,223,106,STABLE,Good
28.0,98.39434981743611,181,88,STABLE,Moderate
30.0,95.43824818162418,639,1152,STABLE,Moderate
24.6,96.50417394960641,1247,1824,STABLE,Unhealthy for Sensitive Groups
28.5,96.36047298841939,746,2954,STABLE,Unhealthy
31.3,93.58892797859814,54,43,STABLE,Good
26.5,96.82624334120553,2406,3820,STABLE,Unhealthy
30.4,97.8431292454746,962,2907,STABLE,Unhealthy
29.9,96.47598812649935,1427,984,VIBRATING,Unhealthy for Sensitive Groups
24.1,97.59735669095733,752,1061,STABLE,Unhealthy for Sensitive Groups
29.03541467,95.47587371797522,46,87,STABLE,Unhealthy
28.1,95.64529136836298,643,2867,STABLE,Unhealthy
29.9,95.80671173204453,96,141,STABLE,Good
24.7,97.90871352295609,298,1044,STABLE,Moderate
25.6,99.4117486598359,1756,1840,STABLE,Unhealthy for Sensitive Groups
33.4,99.04591566076317,98,59,STABLE,Good
26.3,96.46989874962595,1607,1037,STABLE,Unhealthy for Sensitive Groups
33.1,96.31762724578178,4019,660,VIBRATING,Unhealthy
29.0,96.8616900112637,85,70,STABLE,Moderate
31.2,98.69539973887309,197,30,STABLE,Good
28.4,98.66426760086648,85,72,VIBRATING,Moderate
32.8,97.07544516673681,206,114,STABLE,Good
28.3,96.71756823807438,86,78,STABLE,Unhealthy for Sensitive Groups
28.1,97.1075187821639,427,784,STABLE,Moderate
30.2,96.42943171185517,2656,2593,STABLE,Unhealthy
28.36989907,96.9614737807345,85,79,STABLE,Unhealthy for Sensitive Groups
31.7,95.51458202123436,1521,903,STABLE,Unhealthy for Sensitive Groups
25.4,98.08890049597821,45,139,STABLE,Good
24.8,96.5256949969474,3931,973,STABLE,Unhealthy
26.7,97.31394617645799,45,92,STABLE,Good
27.8,94.10778715544546,3101,815,STABLE,Unhealthy
28.20656261,95.91164197324662,87,86,STABLE,Unhealthy for Sensitive Groups
30.6,94.89883043122941,146,221,STABLE,Good
29.5,95.8309277835453,2438,711,STABLE,Unhealthy
26.4,96.8136176342133,1658,907,STABLE,Unhealthy for Sensitive Groups
27.1,96.89481642943997,48,209,STABLE,Good
32.0,94.06380973582776,2726,3336,STABLE,Unhealthy
32.5,95.67971148085984,2231,3149,STABLE,Unhealthy
33.2,95.9433443332665,877,2305,STABLE,Unhealthy
33.2,97.77605604709369,95,59,VIBRATING,Good
28.3,97.42602309964578,86,75,STABLE,Unhealthy for Sensitive Groups
28.5,99.06453757521061,87,84,STABLE,Moderate
31.8,94.55235444914184,1504,1834,STABLE,Unhealthy for Sensitive Groups
26.2,95.56193341842018,81,100,STABLE,Good
28.8,95.93411881404494,207,84,STABLE,Moderate
29.3,96.11854132104993,58,177,STABLE,Good
28.2,98.47699960913498,77,71,STABLE,Moderate
24.0,95.38491578638023,3328,2750,STABLE,Unhealthy
31.9,96.84806374280195,157,88,STABLE,Good
28.6,98.6193941474538,86,81,STABLE,Unhealthy for Sensitive Groups
25.1,96.71349684656195,35,222,STABLE,Good
28.31902663,98.23947577935274,86,80,STABLE,Unhealthy for Sensitive Groups
25.9,95.69256041042604,73,85,STABLE,Good
33.4,98.41159744731763,441,360,STABLE,Moderate
27.1,99.27305602272799,3215,2851,STABLE,Unhealthy
27.0,97.04951401656032,3474,2482,STABLE,Unhealthy
30.4,91.00343139149989,663,733,STABLE,Moderate
26.9,96.13479791183529,850,1161,STABLE,Unhealthy for Sensitive Groups
25.0,96.43050474370725,926,1287,STABLE,Unhealthy for Sensitive Groups
28.22336507,96.09328487720626,86,81,VIBRATING,Unhealthy for Sensitive Groups
26.0,97.10111600792449,326,394,VIBRATING,Moderate
25.6,97.649152338023,65,89,STABLE,Good
29.4,97.78469875767973,69,89,STABLE,Moderate
31.2,98.54901156766834,1065,742,STABLE,Unhealthy for Sensitive Groups
33.8,98.47508716405619,400,2364,STABLE,Unhealthy
30.0,97.47294456887552,441,2670,STABLE,Unhealthy
28.1,98.70404263565518,441,1129,VIBRATING,Moderate
29.4,94.9474389398119,3392,304,STABLE,Unhealthy
24.4,97.89092645481098,1835,3743,STABLE,Unhealthy
25.5,98.35712108724118,2095,319,STABLE,Unhealthy
30.3,96.25217667012187,467,3161,STABLE,Unhealthy
26.8,97.47980102952135,366,833,STABLE,Moderate
29.5,96.30500744216319,2306,139,STABLE,Unhealthy
27.8,97.15460124778447,3084,102,STABLE,Unhealthy
28.33914286,97.17342547218217,86,79,STABLE,Unhealthy
29.4,96.60563155263098,1146,1802,STABLE,Unhealthy for Sensitive Groups
31.3,94.8108387853901,296,393,STABLE,Moderate
31.8,95.47713158582228,48,109,STABLE,Good
28.6,96.63949508282182,43,4095,STABLE,Unhealthy
31.8,94.44282678376504,367,2429,STABLE,Unhealthy
29.2,94.05990985153572,1562,821,STABLE,Unhealthy for Sensitive Groups
26.5,97.3500529786591,73,86,STABLE,Good
27.2,96.49361783452287,327,2392,VIBRATING,Unhealthy
32.1,96.54680574313677,728,412,STABLE,Moderate
28.2,99.15323006475063,1478,1066,STABLE,Unhealthy for Sensitive Groups
26.2,99.00313429916108,215,106,STABLE,Good
29.7,98.26515326301268,3037,2028,STABLE,Unhealthy
32.0,98.29269659366105,3748,2467,STABLE,Unhealthy
27.1,98.08193566334157,3015,942,STABLE,Unhealthy
34.1,98.91219231900675,97,60,STABLE,Good
31.8,95.2372558015125,3391,552,STABLE,Unhealthy
32.7,91.59905066721834,1756,1275,STABLE,Unhealthy for Sensitive Groups
31.9,98.64468848606967,443,4071,STABLE,Unhealthy
28.43042465,96.72689636887408,86,77,STABLE,Unhealthy for Sensitive Groups
24.2,97.70922063870054,329,837,STABLE,Moderate
32.6,96.53032212124332,51,218,VIBRATING,Good
28.23904769,98.21444462113874,86,83,STABLE,Unhealthy
28.4,97.2305809397569,3365,2256,STABLE,Unhealthy
28.3,98.91416806551753,180,84,STABLE,Moderate
31.8,96.26814579110182,985,1399,STABLE,Unhealthy for Sensitive Groups
30.770382832095805,99.1897898173365,4095,4095,STABLE,Unhealthy
30.4,99.40067180453556,3293,3517,STABLE,Unhealthy
25.4,95.52527680172572,42,63,STABLE,Good
27.0,95.15777303078062,520,917,STABLE,Moderate
28.36767353,97.6012219017143,54,130,STABLE,Unhealthy for Sensitive Groups
24.5,96.71932593479843,2120,692,STABLE,Unhealthy
25.3,98.38012291856683,292,818,STABLE,Moderate
32.6,94.56719876848503,269,826,STABLE,Moderate
26.74390769,98.60138756237191,43,94,STABLE,Good
25.2,94.65018549816514,112,127,STABLE,Good
29.0,98.93228636434876,39,79,STABLE,Moderate
27.1,96.98730103281115,100,95,VIBRATING,Good
24.3,98.91710469523677,1162,1704,STABLE,Unhealthy for Sensitive Groups
24.2,94.80208852876056,747,743,STABLE,Moderate
26.2,97.28169202308099,141,247,STABLE,Good
27.4,98.13750991228339,823,1716,STABLE,Unhealthy for Sensitive Groups
32.0,93.24435107821377,112,202,STABLE,Good
28.4395879,95.42109645960778,82,4095,STABLE,Unhealthy
31.2,98.35537584520354,427,677,STABLE,Moderate
29.8,95.76661094471332,96,78,STABLE,Good
33.1,98.60528528890774,3012,241,STABLE,Unhealthy
29.5,99.18032562550718,340,2676,STABLE,Unhealthy
27.4,91.81760250275457,177,144,STABLE,Good
32.2,97.88978613767607,215,197,STABLE,Good
32.1,99.28413540249568,207,224,STABLE,Good
26.5,98.96125441918365,974,2177,STABLE,Unhealthy
28.7,96.75587784807914,103,85,STABLE,Moderate
32.7,98.96884395247892,243,234,STABLE,Good
27.9,99.47434902841236,188,79,STABLE,Good
27.3,98.47696086962759,559,410,STABLE,Moderate
31.2,99.45354545962945,126,148,STABLE,Good
27.6,97.61156466768111,1661,904,STABLE,Unhealthy for Sensitive Groups
29.6,98.72703262390421,1947,942,STABLE,Unhealthy
26.4,97.40976179196483,159,175,STABLE,Good
27.7,99.41731429576039,533,3809,STABLE,Unhealthy
25.6,93.23210615087513,1973,965,STABLE,Unhealthy
29.2,95.08421482396069,196,90,STABLE,Moderate
29.96957535,99.41943611792435,70,78,VIBRATING,Unhealthy
29.83402097,96.93615211099193,67,80,STABLE,Unhealthy
24.9,98.90961508232529,1165,1554,STABLE,Unhealthy for Sensitive Groups
32.6,98.59211424654303,1524,1521,STABLE,Unhealthy for Sensitive Groups
28.3,98.09695872029444,2864,290,STABLE,Unhealthy
28.0,96.8474714037999,734,3973,STABLE,Unhealthy
29.0,97.69051720313487,597,1032,STABLE,Moderate
26.3,98.78559139714021,739,734,STABLE,Moderate
31.7,99.23126179890451,1150,1242,VIBRATING,Unhealthy for Sensitive Groups
34.1,96.51665766846787,97,59,STABLE,Good
28.5,95.67525959748885,839,544,STABLE,Moderate
31.0,95.09687939993394,817,1052,STABLE,Moderate
33.9,98.0903846591496,169,249,STABLE,Good
29.395588334645154,97.735139978034,4095,656,STABLE,Unhealthy
28.3,95.59932194100328,87,74,VIBRATING,Moderate
32.4,96.29014124783461,612,406,STABLE,Moderate
28.08867313589549,99.70094144960112,521,4095,STABLE,Unhealthy
29.3,97.29740077184563,756,1165,STABLE,Moderate
27.6,97.5955031712289,577,555,STABLE,Moderate
28.5,97.75031216954027,3122,3815,STABLE,Unhealthy
28.45208168,96.858881568029,85,84,STABLE,Unhealthy for Sensitive Groups
27.7,97.46202129362368,890,2560,STABLE,Unhealthy
30.9,95.85348725719419,369,1122,STABLE,Moderate
31.3,95.95948970193096,32,164,STABLE,Good
31.6,98.33386686013728,1976,834,STABLE,Unhealthy
24.9,95.27206531589022,620,3291,STABLE,Unhealthy
24.5,97.31640456044164,917,1546,VIBRATING,Unhealthy for Sensitive Groups
29.3,98.92669091011994,2233,227,STABLE,Unhealthy
26.8,98.33567716553054,2356,465,STABLE,Unhealthy
28.36862723,98.45466690716651,87,79,STABLE,Unhealthy for Sensitive Groups
33.3,97.36505197836976,815,1253,STABLE,Unhealthy for Sensitive Groups
28.4,98.62625931948082,458,1193,STABLE,Moderate
28.38297284,95.4804100253735,50,114,STABLE,Unhealthy for Sensitive Groups
32.0,97.60306498822295,886,1679,STABLE,Unhealthy for Sensitive Groups
26.6,97.2796071245781,4079,546,STABLE,Unhealthy
32.9,97.72205852896322,816,1407,STABLE,Unhealthy for Sensitive Groups
32.1,97.33913486393637,1016,1267,STABLE,Unhealthy for Sensitive Groups
31.0,92.72994836120012,272,1084,STABLE,Moderate
33.8,98.37912811494662,2663,674,STABLE,Unhealthy
28.23158216,92.7511430585243,86,83,STABLE,Unhealthy
28.2,98.09958376142818,87,87,VIBRATING,Unhealthy
32.0,95.7817582430747,587,807,STABLE,Moderate
29.3,97.59613711909373,66,76,STABLE,Moderate
32.7,98.06003426802032,1547,721,STABLE,Unhealthy for Sensitive Groups
26.4,93.19256819802459,155,56,STABLE,Good
27.7,98.94911711739161,1659,1879,STABLE,Unhealthy for Sensitive Groups
28.30424683,95.25768993059911,86,78,STABLE,Unhealthy
28.6,98.84900831467979,79,80,VIBRATING,Moderate
29.7,98.00614892860942,66,77,STABLE,Moderate
28.50916993,97.12966853998074,86,82,STABLE,Unhealthy for Sensitive Groups
27.5,98.30379237203688,1220,1153,STABLE,Unhealthy for Sensitive Groups
28.26556163,94.01812245960515,86,79,STABLE,Unhealthy for Sensitive Groups
24.3,98.43319775867425,2452,3324,STABLE,Unhealthy
28.0,98.42505182230629,3570,3741,STABLE,Unhealthy
25.6,99.07307201427724,846,1795,STABLE,Unhealthy for Sensitive Groups
29.5,96.55495261016235,74,83,STABLE,Moderate
29.11518719,96.48378055694799,47,95,VIBRATING,Unhealthy
28.4,96.75015347010904,184,81,STABLE,Moderate
28.46164351,95.71239657893027,51,127,VIBRATING,Unhealthy for Sensitive Groups
29.3,98.20398143328981,1133,1231,STABLE,Unhealthy for Sensitive Groups
26.4,99.29908917587703,247,248,STABLE,Good
28.4,96.7723752013601,85,76,STABLE,Unhealthy for Sensitive Groups
27.3,98.37412234608335,838,1458,STABLE,Unhealthy for Sensitive Groups
26.4,95.92877195281308,69,92,VIBRATING,Good
33.7,93.7080085747052,1498,1374,STABLE,Unhealthy for Sensitive Groups
26.6,93.8086011235659,69,126,STABLE,Good
30.1,97.9107855303017,843,1553,STABLE,Unhealthy for Sensitive Groups
33.8,96.08733149977357,1903,226,STABLE,Unhealthy
26.23482555,97.59587598416968,72,85,STABLE,Good
29.1,98.59305848110512,203,94,STABLE,Moderate
26.4,97.66394576023704,44,91,STABLE,Good
30.2,99.32063753706879,72,190,STABLE,Good
31.22854041,96.40569536862313,86,60,STABLE,Good
28.348871,97.18654400528337,87,78,STABLE,Unhealthy
32.7,95.29212739855679,720,1046,STABLE,Moderate
31.8,93.67156441042442,728,273,STABLE,Moderate
26.1,95.74674558398732,63,94,STABLE,Good
24.88890264,98.15260403356498,74,93,STABLE,Good
26.7,97.60243005638353,3706,479,STABLE,Unhealthy
25.4,98.31840799033341,1547,1082,STABLE,Unhealthy for Sensitive Groups
29.6,97.42951337081882,3374,553,STABLE,Unhealthy
29.4,99.15074902424956,263,809,STABLE,Moderate
25.1,97.93285589500394,882,1637,STABLE,Unhealthy for Sensitive Groups
24.3,97.08609772656774,617,335,STABLE,Moderate
30.7,96.60850381256562,3243,4045,STABLE,Unhealthy
30.6,96.45321532635623,868,1329,STABLE,Unhealthy for Sensitive Groups
26.7,98.2829591022882,46,95,STABLE,Good
30.7,97.49900378008995,1873,3213,STABLE,Unhealthy
31.5,97.51836834125382,3733,3741,STABLE,Unhealthy
26.9,99.3324555500354,911,1562,STABLE,Unhealthy for Sensitive Groups
28.50701962,93.62057728995563,86,83,STABLE,Unhealthy for Sensitive Groups
32.1,95.791700548678,247,122,STABLE,Good
27.7,97.87014215476934,235,164,STABLE,Good
25.7,96.38074901250076,53,238,STABLE,Good
28.70849573,97.7739760460665,64,4095,VIBRATING,Unhealthy
29.4,99.22893170696398,75,82,STABLE,Moderate
25.9,99.22547298520723,1336,744,STABLE,Unhealthy for Sensitive Groups
28.45401592,97.683952568301,90,85,STABLE,Unhealthy for Sensitive Groups
29.7,95.13171999263434,3081,3851,STABLE,Unhealthy
28.7,98.64717199009243,1649,1660,STABLE,Unhealthy for Sensitive Groups
26.9,98.23423635293818,44,92,STABLE,Good
24.0,97.2311293994393,3874,3496,STABLE,Unhealthy
31.9,97.7460091639274,3342,955,STABLE,Unhealthy
29.2,97.02731386847742,1722,1794,STABLE,Unhealthy for Sensitive Groups
28.86259058,96.77483424216861,55,87,STABLE,Unhealthy
26.9,97.97744384294322,215,228,STABLE,Good
29.8,98.83904554711074,165,229,STABLE,Good
33.9,97.22190740564123,2989,2721,STABLE,Unhealthy
28.3,96.15863192421119,85,75,STABLE,Unhealthy for Sensitive Groups
28.7,98.85316677540558,4026,3487,STABLE,Unhealthy
30.06664305,93.08834156509009,82,128,STABLE,Unhealthy
26.7,98.34480103618998,44,92,STABLE,Good
29.91479063239636,98.47717992337864,4095,861,STABLE,Unhealthy
30.0,95.29532660951249,3016,3338,STABLE,Unhealthy
30.1,93.94024604631106,96,58,STABLE,Good
30.2,94.04336206057077,98,44,STABLE,Good
32.2,96.0529415480375,260,2692,STABLE,Unhealthy
27.4,98.3518446943614,390,409,STABLE,Moderate
24.9,97.42597076352425,4078,2631,STABLE,Unhealthy
28.38654615,96.49700327629148,85,76,STABLE,Unhealthy for Sensitive Groups
32.8,97.01059458625974,2936,228,STABLE,Unhealthy
25.2,97.89409081662022,448,722,STABLE,Moderate
33.4,94.7907688120279,1645,1096,STABLE,Unhealthy for Sensitive Groups
27.8,97.66504740118665,540,732,STABLE,Moderate
28.4,95.94634980246276,1592,1487,STABLE,Unhealthy for Sensitive Groups
28.6,98.45133110635774,77,98,STABLE,Good
30.8,96.8183544319456,2313,757,STABLE,Unhealthy
24.6,94.41850898762753,927,1536,STABLE,Unhealthy for Sensitive Groups
25.5,97.02295911436757,3575,265,STABLE,Unhealthy
27.2,96.2759769047893,931,998,STABLE,Unhealthy for Sensitive Groups
29.2,98.57108822472071,200,90,VIBRATING,Moderate
33.1,96.14335663056295,593,775,STABLE,Moderate
31.2,98.15909591266177,136,247,STABLE,Good
31.7,94.75322870036744,1846,346,STABLE,Unhealthy
26.8,97.86538029856851,43,93,STABLE,Good
30.6,96.94693365548535,1121,1490,VIBRATING,Unhealthy for Sensitive Groups
33.3,94.70615858142413,199,57,STABLE,Good
28.4,98.62394131193754,84,79,STABLE,Moderate
24.4,94.19189288905697,1544,741,STABLE,Unhealthy for Sensitive Groups
28.0,98.84080213421592,1925,3604,STABLE,Unhealthy
29.2,97.33824775748306,185,97,STABLE,Moderate
28.4,98.49229006556627,85,70,STABLE,Moderate
27.6,95.77669726689402,1126,1943,STABLE,Unhealthy for Sensitive Groups
28.5513232,97.41379562859031,89,84,STABLE,Unhealthy for Sensitive Groups
28.7,96.27381337718876,85,72,STABLE,Moderate
28.9,96.16947456865122,339,3230,STABLE,Unhealthy
28.1,97.63614464674403,82,78,STABLE,Moderate
32.3,96.00843047306586,152,137,STABLE,Good
30.4,99.45647993250479,237,75,STABLE,Good
30.4,95.29393264603674,1819,239,STABLE,Unhealthy
25.2,97.0977712452524,986,1799,STABLE,Unhealthy for Sensitive Groups
24.3,95.64364132588948,700,763,STABLE,Moderate
31.2,96.79281972547447,76,2038,STABLE,Unhealthy
26.5,97.31853650727467,314,2867,STABLE,Unhealthy
25.8,99.33290857031626,71,85,STABLE,Good
26.5,99.16193109939891,1443,1808,STABLE,Unhealthy for Sensitive Groups
30.6,98.55939606119581,97,218,STABLE,Good
24.7,95.46962758228523,561,1037,STABLE,Moderate
29.3,96.27516508160477,319,2595,STABLE,Unhealthy
29.3,96.33026893184143,2355,3852,STABLE,Unhealthy
26.7,98.90297378267871,241,141,STABLE,Good
28.8,97.87473614690417,105,85,STABLE,Moderate
30.0,99.21465366848598,3842,419,STABLE,Unhealthy
28.30176273,98.76323455298552,86,81,STABLE,Unhealthy for Sensitive Groups
30.3,94.21503180098742,95,59,VIBRATING,Good
26.3254121,97.19051429177074,72,86,STABLE,Good
28.2,94.27996234285023,154,211,STABLE,Good
28.3,97.1205245891906,3584,218,STABLE,Unhealthy
30.2,98.26086373024044,3771,106,STABLE,Unhealthy
29.2,97.98414041392417,47,91,VIBRATING,Unhealthy
28.24331545,96.27320945524143,85,82,STABLE,Unhealthy
25.9,95.23857001479308,680,624,STABLE,Moderate
32.6,97.88755162122314,217,149,STABLE,Good
34.0,97.34207486798445,860,1576,STABLE,Unhealthy for Sensitive Groups
31.2,97.39809064965675,127,85,STABLE,Good
30.8,99.38250227183795,236,143,STABLE,Good
29.7,95.28847715820449,587,356,STABLE,Moderate
28.1,98.35746339467045,85,76,STABLE,Moderate
24.7,95.13823025967018,224,87,STABLE,Good
29.3,98.42440046340433,257,3595,STABLE,Unhealthy
26.4,97.72585478423962,54,222,STABLE,Good
31.9,99.4856988542551,2172,342,STABLE,Unhealthy
31.0,97.12587413285675,2717,276,STABLE,Unhealthy
25.2,93.94502283620159,2939,4088,STABLE,Unhealthy
29.5,97.98096214718755,66,76,STABLE,Good
28.1,98.70201630902709,781,253,STABLE,Moderate
29.9,97.0362304756761,310,2367,STABLE,Unhealthy
30.8,97.80517497623111,104,136,STABLE,Good
31.6,98.93296487890346,891,1767,STABLE,Unhealthy for Sensitive Groups
31.4,98.71385984586287,106,76,STABLE,Good
28.1,98.67541842146878,3071,358,STABLE,Unhealthy
25.2,92.77354521742171,290,884,STABLE,Moderate
28.9,99.42988112169968,3096,3127,STABLE,Unhealthy
32.8,99.28520959360128,1617,1868,STABLE,Unhealthy for Sensitive Groups
28.31595476,93.54348855571837,85,75,VIBRATING,Unhealthy
33.2,96.32247944670175,4024,816,STABLE,Unhealthy
29.6,99.38491360188746,76,217,STABLE,Good
29.22066804,99.45026575755496,47,90,STABLE,Unhealthy
33.8,96.66847534918222,3783,2307,STABLE,Unhealthy
33.2,97.11012231954206,310,533,STABLE,Moderate
26.9,97.16806610213564,851,1059,STABLE,Unhealthy for Sensitive Groups
34.0,97.76766453485394,3634,2372,STABLE,Unhealthy
29.1,97.3907847465806,47,93,VIBRATING,Unhealthy
32.1,97.96832507154775,121,2106,STABLE,Unhealthy
29.4,94.79849649459763,66,75,STABLE,Moderate
24.1,97.42518974609563,109,2670,STABLE,Unhealthy
27.0,98.01475838628029,1088,900,STABLE,Unhealthy for Sensitive Groups
28.6,98.107650402024,2552,2355,STABLE,Unhealthy
31.392967249744743,98.16835099539267,4095,4095,STABLE,Unhealthy
24.3,98.10557238252031,862,345,STABLE,Moderate
29.1,94.16982066787699,105,104,STABLE,Moderate
32.4,98.79765850666956,3371,962,STABLE,Unhealthy
25.4,94.91656143121178,1425,753,STABLE,Unhealthy for Sensitive Groups
30.7,97.25478436777702,217,94,STABLE,Good
27.9,98.92125007606174,177,91,STABLE,Moderate
28.46766549,98.61489061566968,51,119,STABLE,Unhealthy for Sensitive Groups
30.1,99.05193210460519,68,77,STABLE,Good
31.3,95.03269917386699,302,285,STABLE,Moderate
27.5,97.93551102830894,3544,256,STABLE,Unhealthy
28.13292585,96.96487634706664,86,80,STABLE,Unhealthy for Sensitive Groups
26.3,98.82275088242352,72,86,STABLE,Good
31.9,98.84863990983858,758,364,STABLE,Moderate
33.1,94.41997465075202,69,201,STABLE,Good
30.2,97.9562046541088,94,59,STABLE,Good
33.4,97.66442266213647,589,1119,STABLE,Moderate
30.3,95.17240015912427,94,58,STABLE,Good
27.6,96.33929492911093,251,812,STABLE,Moderate
25.4,98.05318231997418,215,242,STABLE,Good
29.5,93.91889470911055,67,75,STABLE,Moderate
30.4,93.20704110794043,836,703,STABLE,Unhealthy for Sensitive Groups
28.30896263,95.8717266185032,73,70,VIBRATING,Unhealthy for Sensitive Groups
24.5,96.48332468037782,2174,3334,STABLE,Unhealthy
28.7,98.60433993036231,672,944,STABLE,Moderate
25.1,96.76910919334665,2931,837,STABLE,Unhealthy
25.0,98.63136860088856,648,313,STABLE,Moderate
26.7,97.59030298755191,578,3301,STABLE,Unhealthy
24.3,97.86060083863272,664,2239,STABLE,Unhealthy
30.3,96.69723509677462,2675,644,STABLE,Unhealthy
29.08453279,95.83199284002929,46,87,STABLE,Unhealthy
28.61681853,97.75389241490994,86,83,STABLE,Unhealthy for Sensitive Groups
30.1,99.0023533929212,4090,2724,STABLE,Unhealthy
29.55665062,93.86219761091863,55,91,VIBRATING,Unhealthy
26.7,96.26986268931387,155,4095,VIBRATING,Unhealthy
24.68864424,94.95653554950353,60,106,STABLE,Good
25.7,97.47985483935612,126,79,VIBRATING,Good
28.0,98.82847468086094,177,87,STABLE,Moderate
33.8,97.13364314979489,234,171,STABLE,Good
30.8,95.98609126621884,146,216,STABLE,Good
30.7,94.57389239422292,770,1539,STABLE,Unhealthy for Sensitive Groups
33.3,97.91334169427832,37,82,STABLE,Good
29.06465176,97.02562291992125,65,240,STABLE,Unhealthy
28.24619429,97.09841636796273,85,76,VIBRATING,Unhealthy for Sensitive Groups
30.1,97.51854263572395,2175,877,STABLE,Unhealthy
32.5,92.91379779285899,30,33,STABLE,Good
28.30379012,99.39752308934808,86,82,STABLE,Unhealthy for Sensitive Groups
31.59284375255756,98.16765558744784,4095,285,STABLE,Unhealthy
28.5,96.98598079711336,505,2842,STABLE,Unhealthy
25.9,97.48271951983847,640,915,STABLE,Moderate
24.7,96.97169865236579,102,140,STABLE,Good
24.8,95.8989405885742,370,4035,STABLE,Unhealthy
33.6,97.67962907379152,97,59,STABLE,Good
30.2,99.01330038150383,68,85,VIBRATING,Moderate
33.3,97.6464624273134,1150,1395,STABLE,Unhealthy for Sensitive Groups
28.3,95.45667558487193,82,76,STABLE,Moderate
24.5,95.47528526722459,218,155,STABLE,Good
26.10596435420956,98.71119221453934,4095,4095,STABLE,Unhealthy
32.1,97.74037347038902,81,248,STABLE,Good
25.3,97.74054381242985,663,331,STABLE,Moderate
28.6,93.74616786600069,845,1784,STABLE,Unhealthy for Sensitive Groups
26.4,95.07470759808463,1223,1552,STABLE,Unhealthy for Sensitive Groups
33.1,95.62312628970486,2315,3251,STABLE,Unhealthy
28.5,97.97387651898444,87,58,STABLE,Moderate
33.6,98.57020088112564,1815,3156,STABLE,Unhealthy
32.3,95.45617285262453,352,870,STABLE,Moderate
34.04415305,95.91509604101981,96,59,STABLE,Good
26.0,94.494305558793,998,1423,STABLE,Unhealthy for Sensitive Groups
25.7,99.39305355261752,68,129,STABLE,Good
29.3,97.65611595907029,764,269,VIBRATING,Moderate
30.4,95.99882857649855,34,47,VIBRATING,Good
29.0,95.7192258534348,46,89,STABLE,Unhealthy
27.83369787810085,96.88697513503925,4095,103,STABLE,Unhealthy
24.9,96.54918879221148,226,96,STABLE,Good
27.4,97.95774895601532,368,309,VIBRATING,Moderate
33.9,96.11050872143913,1817,2784,STABLE,Unhealthy
28.29103391,99.41319907973335,85,77,STABLE,Unhealthy for Sensitive Groups
24.8,96.63051780310289,243,200,STABLE,Good
31.2,97.964315369589,2054,92,STABLE,Unhealthy
33.6,97.7598192905648,703,803,STABLE,Unhealthy for Sensitive Groups
28.2,95.37277065742319,1265,1223,STABLE,Unhealthy for Sensitive Groups
28.3,95.9898615485373,86,80,STABLE,Unhealthy for Sensitive Groups
28.2,98.50280139768273,55,135,STABLE,Unhealthy
32.7,99.28640385750295,727,421,STABLE,Moderate
25.3,94.61265235862973,714,2887,STABLE,Unhealthy
28.5,98.46107621180357,87,83,STABLE,Moderate
29.5,98.23814700069028,42,2866,STABLE,Unhealthy
28.29473505,95.71256227126894,87,85,VIBRATING,Unhealthy for Sensitive Groups
32.0,95.43498050804018,157,96,STABLE,Good
26.2,97.93811835450764,706,826,STABLE,Moderate
28.2,95.47643003003823,87,87,VIBRATING,Unhealthy
30.6,96.8097676314707,540,381,STABLE,Moderate
29.83194449,99.28457770964673,77,131,VIBRATING,Unhealthy
33.3,97.0373839646122,435,1017,STABLE,Moderate
31.8,98.6978697605177,34,84,STABLE,Good
29.2,97.19828617275414,1340,794,STABLE,Unhealthy for Sensitive Groups
30.1,98.92401377104957,68,80,VIBRATING,Moderate
31.3,95.39523937908527,3641,3812,STABLE,Unhealthy
33.284092330628795,96.94007052743743,2088,142,STABLE,Unhealthy
33.9,99.2632752904704,82,150,STABLE,Good
26.2,98.77748801401268,1166,1507,STABLE,Unhealthy for Sensitive Groups
29.0,97.13595070814516,1213,1362,STABLE,Unhealthy for Sensitive Groups
33.2,95.88192765553703,93,59,STABLE,Good
30.2,94.49162060488736,73,114,STABLE,Unhealthy for Sensitive Groups
28.6,97.85793971254827,86,84,STABLE,Unhealthy for Sensitive Groups
29.1,95.49231103240353,156,129,STABLE,Good
24.3,93.24900079037506,253,312,STABLE,Moderate
25.0,97.52268516684701,964,1572,STABLE,Unhealthy for Sensitive Groups
24.5,94.81813995033819,3573,86,STABLE,Unhealthy
30.305087967418437,96.89140700414357,4095,4095,STABLE,Unhealthy
24.1,97.76787935043329,155,189,STABLE,Good
33.8,95.20108360644208,1350,921,STABLE,Unhealthy for Sensitive Groups
32.5,97.95135118785107,85,80,STABLE,Good
28.3,97.16442875614753,898,803,STABLE,Unhealthy for Sensitive Groups
25.1,98.5154274634328,614,3992,STABLE,Unhealthy
29.18611752,98.0756650448811,47,95,STABLE,Unhealthy
28.90036642,99.28741065203275,46,90,STABLE,Unhealthy
30.7,96.65895802279634,80,61,STABLE,Good
30.4,98.2945444617636,67,83,STABLE,Moderate
29.2,98.38617865051545,46,92,STABLE,Unhealthy
33.2,93.68053522942645,3740,867,STABLE,Unhealthy
25.3,97.74367659251979,1247,1178,STABLE,Unhealthy for Sensitive Groups
25.5,98.95523173017466,998,1030,STABLE,Unhealthy for Sensitive Groups
32.8,98.39331529499535,685,1152,STABLE,Moderate
29.4,94.23341855765744,2477,316,STABLE,Unhealthy
25.0,99.70862923672473,229,138,STABLE,Good
28.2,96.96646693040482,87,87,STABLE,Unhealthy
26.668283727344754,99.54343378200589,2365,472,STABLE,Unhealthy
28.61493536,98.05340477323725,86,81,STABLE,Unhealthy for Sensitive Groups
31.1,94.38988389220094,506,431,STABLE,Moderate
25.9,96.07205450077055,894,1042,STABLE,Moderate
28.0,97.42099693972585,86,80,STABLE,Unhealthy for Sensitive Groups
33.3,95.54425770013734,746,1955,STABLE,Unhealthy for Sensitive Groups
29.6,94.22601235677513,302,3334,STABLE,Unhealthy
28.73646972,98.3643509752261,77,229,STABLE,Unhealthy
25.3,96.4857489207715,43,122,STABLE,Good
32.5,95.55099223355091,61,210,STABLE,Good
29.9,97.94048269707498,68,85,VIBRATING,Moderate
29.1,97.7136290550895,47,94,STABLE,Unhealthy
33.6,96.53991106583744,265,752,STABLE,Moderate
27.3,99.07705331662217,1544,1263,STABLE,Unhealthy for Sensitive Groups
24.6,98.15707716928401,230,178,STABLE,Good
29.8,97.26146283072862,49,248,STABLE,Good
34.2,98.2975925580404,96,60,STABLE,Good
29.2,96.6140478876526,96,176,STABLE,Good
28.5,99.01467731928179,171,90,STABLE,Moderate
28.6,97.42442804759007,214,36,STABLE,Good
26.3,98.26821282669883,2816,3061,STABLE,Unhealthy
29.0,96.95049493795307,398,795,STABLE,Moderate
30.8,95.66492838667322,2878,2193,STABLE,Unhealthy
28.6,94.45053497772867,86,84,VIBRATING,Unhealthy for Sensitive Groups
33.7,95.74654009011358,2359,2888,STABLE,Unhealthy
28.3,95.91957621117746,86,80,VIBRATING,Unhealthy for Sensitive Groups
30.8,98.47989307064444,129,190,STABLE,Good
27.8,94.89336632550446,160,3760,STABLE,Unhealthy
27.0,97.27804147559434,146,82,STABLE,Good
28.8,98.12098891532582,3022,2514,STABLE,Unhealthy
32.1,95.83993598155153,3323,175,STABLE,Unhealthy
31.8,99.02800220301793,259,432,STABLE,Moderate
28.1,98.25797836819034,83,78,STABLE,Moderate
28.4,95.63910446158454,4017,3672,STABLE,Unhealthy
25.8,98.8030417595638,4037,480,STABLE,Unhealthy
26.78771876,97.96505146677556,41,96,STABLE,Good
28.3,95.29238807608229,86,77,STABLE,Unhealthy for Sensitive Groups
31.6,97.21881328466223,586,368,STABLE,Moderate
25.450389,95.6869831325309,73,85,STABLE,Good
30.6,97.68982922384622,80,61,STABLE,Good
30.7,98.3736570731374,3561,2220,STABLE,Unhealthy
31.8,94.29942047771681,901,4005,STABLE,Unhealthy
29.0,97.99240607246573,868,565,STABLE,Moderate
29.1,95.86264170581165,84,197,STABLE,Good
30.4,99.1437883153742,192,3767,STABLE,Unhealthy
28.8933602,94.54258226513444,54,172,STABLE,Unhealthy
27.8,95.7193146017934,910,1517,STABLE,Unhealthy for Sensitive Groups
24.152653890856623,98.42419526420508,403,4036,STABLE,Unhealthy
28.1,96.50013998027356,3400,4071,STABLE,Unhealthy
28.22533267,98.10061003167061,85,80,STABLE,Unhealthy for Sensitive Groups
30.5,97.56320733330247,1177,1846,STABLE,Unhealthy for Sensitive Groups
29.5,95.00615607275718,193,191,STABLE,Good
24.8,95.78403807371585,839,895,STABLE,Moderate
30.7,94.51564146667235,3144,2428,STABLE,Unhealthy
33.1,95.89861589516637,293,621,STABLE,Moderate
27.5,97.92710983762352,1661,1559,STABLE,Unhealthy for Sensitive Groups
27.79694521,94.6324718107352,95,4095,STABLE,Unhealthy
32.7,94.30692764144862,70,135,VIBRATING,Good
28.9,98.6340523144402,37,87,STABLE,Good
27.6,98.23671539490728,2207,597,STABLE,Unhealthy
28.46208057,97.59020285776894,86,79,STABLE,Unhealthy
32.5,98.5722343733735,1707,790,STABLE,Unhealthy for Sensitive Groups
28.50504608,96.63762775768393,87,81,VIBRATING,Unhealthy for Sensitive Groups
24.7,98.13715139983283,300,1017,STABLE,Moderate
29.3,98.91633042268444,3617,2812,STABLE,Unhealthy
29.0,98.25546429845419,26,47,VIBRATING,Moderate
28.64985387,95.61800138629711,86,83,STABLE,Unhealthy for Sensitive Groups
28.5,97.66044764845392,738,2454,STABLE,Unhealthy
30.0,98.23161341316312,68,81,STABLE,Moderate
27.2,97.12505648889088,4054,549,STABLE,Unhealthy
31.4,95.89988574149865,661,2555,STABLE,Unhealthy
31.7,96.27025863840302,212,2016,STABLE,Unhealthy
24.7,97.40299336684897,217,218,STABLE,Good
31.9,98.82597453062927,333,517,STABLE,Moderate
28.6,96.88016743456869,84,82,STABLE,Unhealthy for Sensitive Groups
26.2,98.11860340636409,75,89,STABLE,Good
27.6,94.50448534315154,1259,1411,VIBRATING,Unhealthy for Sensitive Groups
29.4,93.27683898184996,248,212,STABLE,Good
33.5,96.14724615568728,725,1229,STABLE,Unhealthy for Sensitive Groups
27.4,98.2056258681288,427,498,VIBRATING,Moderate
25.8,97.22781348156408,73,85,STABLE,Good
25.9,98.2570797255033,79,94,STABLE,Good
31.3,99.61664919572728,225,225,STABLE,Good
28.32272682,96.29810418137718,79,76,STABLE,Unhealthy for Sensitive Groups
30.207827799854424,97.14327255633458,977,4095,STABLE,Unhealthy
28.2,94.04942935924832,41,57,STABLE,Good
31.4,95.91109654420909,3585,476,STABLE,Unhealthy
28.8,96.53763909774696,674,361,STABLE,Moderate
25.06313020019405,98.06565958230891,4095,4095,STABLE,Unhealthy
30.1,93.66124468352825,68,80,STABLE,Moderate
25.4,97.5553548967752,819,785,STABLE,Moderate
29.00758054,97.67102023559457,47,92,STABLE,Unhealthy
25.6,98.88839448811659,829,383,STABLE,Moderate
28.93265244,95.65492826762227,76,81,STABLE,Unhealthy
24.288197848362746,98.09434849963817,864,2651,STABLE,Unhealthy
29.23143798,98.13351665021361,75,83,STABLE,Unhealthy for Sensitive Groups
28.6,98.10801748228586,139,250,STABLE,Good
33.5,99.46234084890366,74,80,STABLE,Good
29.0,98.668263947403,46,87,STABLE,Unhealthy
28.34035145,98.76375548892771,86,83,STABLE,Unhealthy for Sensitive Groups
28.29767252,94.09678513157323,87,85,VIBRATING,Unhealthy for Sensitive Groups
26.5,97.68328499095527,64,94,STABLE,Good
25.8,95.67557755182952,826,473,STABLE,Moderate
24.8,96.12700874554469,229,69,STABLE,Good
33.4,94.0635107237231,98,59,VIBRATING,Good
33.5,92.97715562447493,97,60,STABLE,Good
27.1,97.4775807135523,214,224,STABLE,Good
28.2,96.70570352034005,60,110,STABLE,Unhealthy
28.30210153,97.5565141848172,55,136,STABLE,Unhealthy for Sensitive Groups
24.4,98.85683009189336,136,230,STABLE,Good
24.4,98.86821927566979,1755,994,STABLE,Unhealthy for Sensitive Groups
24.8,95.19940611760545,1126,1463,STABLE,Unhealthy for Sensitive Groups
27.3,97.84318625278982,411,2498,STABLE,Unhealthy
27.6,98.69908124515476,155,200,STABLE,Good
30.1,97.49254429154213,852,1911,STABLE,Unhealthy for Sensitive Groups
24.8,98.31052269327785,1268,1656,VIBRATING,Unhealthy for Sensitive Groups
32.9,97.13760470308188,611,3599,STABLE,Unhealthy
32.6,97.72219574604617,3960,360,STABLE,Unhealthy
30.3,96.8292517170137,38,33,STABLE,Good
24.8,99.24220154349925,74,94,STABLE,Good
29.00122031,96.44169933809398,48,92,STABLE,Unhealthy
30.8,98.03091820560341,96,56,STABLE,Good
26.4,96.42946766279863,3299,2733,STABLE,Unhealthy
28.74528354,98.66389174754288,62,85,STABLE,Unhealthy
29.8,97.35866063110464,2187,4030,STABLE,Unhealthy
25.4,96.35147489876512,994,878,STABLE,Unhealthy for Sensitive Groups
31.9,98.77235908080928,2284,692,STABLE,Unhealthy
25.4,98.94432181795145,759,3886,STABLE,Unhealthy
28.0,98.58917189670957,870,1818,STABLE,Unhealthy for Sensitive Groups
24.2,94.22312227254379,524,3651,STABLE,Unhealthy
24.2,99.31631728234595,165,188,STABLE,Good
28.9,96.55933919484433,1654,1910,VIBRATING,Unhealthy for Sensitive Groups
28.5,98.9523502585379,460,1165,STABLE,Moderate
28.9,94.18118257328919,78,82,STABLE,Moderate
28.29866396,96.42461456365652,81,76,STABLE,Good
25.2,97.08166089486659,802,825,STABLE,Unhealthy for Sensitive Groups
26.5,97.06111621351458,989,1603,STABLE,Unhealthy for Sensitive Groups
29.6,96.16249293280366,404,2499,STABLE,Unhealthy
25.4,98.40591501602464,276,689,STABLE,Moderate
28.55820704,99.42662973639914,80,80,VIBRATING,Unhealthy
31.6,98.2649531060063,441,724,STABLE,Moderate
30.06018554,96.73471444733211,82,127,STABLE,Unhealthy
32.8,99.41590909996967,176,179,STABLE,Good
29.17714654,98.4047856916751,47,93,VIBRATING,Unhealthy
28.3,96.43790096547288,86,84,STABLE,Unhealthy for Sensitive Groups
30.5,95.9253739668942,391,1087,STABLE,Moderate
25.5,97.9622859004398,688,685,STABLE,Moderate
26.2,96.71096383680987,1978,3537,STABLE,Unhealthy
28.33515402,98.50284439840144,85,73,STABLE,Unhealthy for Sensitive Groups
30.0,99.67270694375394,726,1235,STABLE,Unhealthy for Sensitive Groups
27.2,98.62614470625326,897,1828,STABLE,Unhealthy for Sensitive Groups
31.0,97.90795911431997,1397,1284,STABLE,Unhealthy for Sensitive Groups
30.2,95.75638401323614,73,113,STABLE,Unhealthy for Sensitive Groups
28.2,95.95981504642678,86,77,STABLE,Moderate
24.4,97.75305262007251,411,3224,STABLE,Unhealthy
34.0,96.8630932266738,4003,3696,STABLE,Unhealthy
28.6,96.87137002941706,198,161,STABLE,Good
25.7,98.75872176323351,2182,156,STABLE,Unhealthy
25.5,97.3319724897654,143,74,STABLE,Good
25.2,96.74620711285255,79,147,STABLE,Good
28.4,96.03616419922004,77,72,STABLE,Moderate
32.7,99.01348292219724,1106,1924,STABLE,Unhealthy for Sensitive Groups
26.2,96.77601811063101,74,89,STABLE,Good
25.0,98.07015572426326,392,414,STABLE,Moderate
24.8,99.19596041209874,3876,315,STABLE,Unhealthy
25.57492252,96.4525234850158,73,85,STABLE,Good
29.17468757,95.42422174308183,47,92,STABLE,Unhealthy
31.0,98.44433745619943,831,689,STABLE,Moderate
27.1,95.70358616862444,36,68,STABLE,Good
28.39061093,98.49423643644653,86,75,STABLE,Unhealthy
31.1,97.05127669958111,64,65,VIBRATING,Good
30.9,98.87909012173282,315,403,STABLE,Moderate
27.67259688601026,97.01143860168264,632,4095,STABLE,Unhealthy
29.8,96.52209646217568,1201,735,STABLE,Unhealthy for Sensitive Groups
24.4,95.8407674780268,703,1078,STABLE,Moderate
26.5,97.79945667116567,44,93,VIBRATING,Good
28.8,96.55498586039822,1147,799,STABLE,Unhealthy for Sensitive Groups
29.4,94.79764632812447,837,1982,STABLE,Unhealthy for Sensitive Groups
24.502262707772008,98.51894653930349,203,4095,STABLE,Unhealthy
26.6,99.6920664975724,134,135,STABLE,Good
34.1,98.07318956697418,97,60,STABLE,Good
30.8,95.30160257283737,2762,2786,STABLE,Unhealthy
28.5,97.48143385856903,864,497,STABLE,Moderate
26.4,97.71262473081048,910,2614,STABLE,Unhealthy
30.9,95.52763632358035,76,216,STABLE,Good
29.9,98.28687970745281,301,2966,STABLE,Unhealthy
24.8,98.84138559374868,3481,355,STABLE,Unhealthy
32.4,99.02370056470943,468,499,STABLE,Moderate
29.0592812,96.4533202516843,46,90,STABLE,Unhealthy
32.6,94.45907179373674,1044,1312,STABLE,Unhealthy for Sensitive Groups
26.3,95.81756598384544,198,104,STABLE,Good
33.0,99.0036861348631,200,240,STABLE,Good
31.3,97.38214504069983,3874,292,STABLE,Unhealthy
29.0,94.59968310390343,47,88,STABLE,Unhealthy
28.4,93.49680620559741,86,77,VIBRATING,Unhealthy
32.0,97.70131555639482,1975,2054,STABLE,Unhealthy
31.7,97.14647630514011,621,992,STABLE,Moderate
28.23726418,95.56574439466681,85,85,STABLE,Unhealthy
29.6,95.27830652488946,460,3734,STABLE,Unhealthy
24.1,93.862536485078,659,3765,STABLE,Unhealthy
31.2,95.51422481189978,2072,3871,STABLE,Unhealthy
26.8,95.40427367287369,323,262,STABLE,Moderate
29.0,95.99631010597109,204,88,STABLE,Moderate
30.4,99.11939892894792,571,3407,STABLE,Unhealthy
31.4,98.96371049061646,3315,614,VIBRATING,Unhealthy
26.79644505335194,97.92778134508376,4095,965,STABLE,Unhealthy
28.9,98.54282391670813,110,219,STABLE,Good
28.2,98.20638346089082,1045,1638,STABLE,Unhealthy for Sensitive Groups
31.7,96.40537194979552,146,212,STABLE,Good
32.3,96.49160761345189,89,59,STABLE,Good
28.88524212,94.89316391021094,64,176,STABLE,Unhealthy for Sensitive Groups
33.3,96.35155772794617,653,2102,STABLE,Unhealthy
28.39611536,93.12797246905161,86,84,STABLE,Unhealthy for Sensitive Groups
31.8,97.89238638375919,246,107,STABLE,Good
32.1,94.14232010864693,1972,3085,STABLE,Unhealthy
28.7,97.5837354826944,346,3067,STABLE,Unhealthy
26.1,94.4899147331101,1072,1274,STABLE,Unhealthy for Sensitive Groups
27.0,99.05219447195618,1113,1778,STABLE,Unhealthy for Sensitive Groups
24.4,98.41832180251339,3596,3686,STABLE,Unhealthy
31.5,97.17394102992293,269,700,STABLE,Moderate
28.01469277,97.34725653961107,86,79,STABLE,Unhealthy for Sensitive Groups
29.403509586462874,99.64517867063722,2696,942,STABLE,Unhealthy
24.4,98.35624495392794,3463,2447,STABLE,Unhealthy
30.1,96.72584186704488,731,469,STABLE,Moderate
31.5,98.98049860880298,108,50,STABLE,Good
32.36329171384671,98.53163417713766,4095,4095,STABLE,Unhealthy
33.4,95.90796980286161,766,558,STABLE,Moderate
27.1,97.32239858588072,1181,907,STABLE,Unhealthy for Sensitive Groups
29.0,97.46464537067632,46,87,VIBRATING,Unhealthy for Sensitive Groups
28.5,98.48815867144988,136,2759,STABLE,Unhealthy
28.0,96.40686705200892,86,75,VIBRATING,Moderate
28.9,95.31892484423085,779,3010,STABLE,Unhealthy
28.0,98.22668207453789,155,204,STABLE,Good
28.3,97.0041077798492,79,76,STABLE,Unhealthy for Sensitive Groups
28.3,98.65928250434267,76,73,STABLE,Moderate
25.7,97.22944565838128,72,85,STABLE,Good
31.3,99.33516948806816,480,1014,STABLE,Moderate
25.5,96.22658376934419,1773,938,STABLE,Unhealthy for Sensitive Groups
29.7,94.21726309995292,329,2237,STABLE,Unhealthy
31.0,95.97117889474865,2969,2661,STABLE,Unhealthy
24.8,96.71773628790228,243,114,STABLE,Good
26.6,95.77571977002549,750,1958,STABLE,Unhealthy for Sensitive Groups
28.7,96.643837931419,59,198,STABLE,Good
29.18068501,96.53963500015466,47,92,STABLE,Unhealthy
28.19841789,98.83844971438916,86,80,STABLE,Unhealthy for Sensitive Groups
24.9,97.95489888567559,218,216,STABLE,Good
31.8,97.05914317419249,114,155,STABLE,Good
24.1,98.76869015295085,3720,909,STABLE,Unhealthy
34.0,99.32092705632276,98,60,STABLE,Good
26.1,95.55497944921495,282,3935,STABLE,Unhealthy
26.1,95.76428098150782,3104,3304,STABLE,Unhealthy
24.6,98.07782311860969,150,127,STABLE,Good
25.0,95.48082524649965,809,3103,STABLE,Unhealthy
28.196324147273486,99.40443051749318,2748,814,STABLE,Unhealthy
33.6,95.76645587840525,568,781,STABLE,Moderate
30.0,99.15871300226033,1445,1002,STABLE,Unhealthy for Sensitive Groups
24.3,93.9598331461356,392,516,STABLE,Moderate
30.6,95.63507292149437,141,220,STABLE,Good
32.1,98.71955664994783,1795,1707,VIBRATING,Unhealthy for Sensitive Groups
27.0,97.30559594179734,1483,1567,STABLE,Unhealthy for Sensitive Groups
26.4,94.97903370584017,949,1834,STABLE,Unhealthy for Sensitive Groups
28.3,97.31369535895936,86,76,STABLE,Unhealthy for Sensitive Groups
28.50180855586351,99.8438962521575,768,4095,STABLE,Unhealthy
28.47023485,94.44474305733719,86,81,STABLE,Unhealthy
28.1,97.32472908188633,314,398,STABLE,Moderate
28.3,96.71655152341916,156,158,STABLE,Good
27.7,97.95308459002277,1087,1848,STABLE,Unhealthy for Sensitive Groups
33.0,98.15079429459712,784,986,STABLE,Moderate
24.4,97.20401400572091,172,135,STABLE,Good
28.49646244,96.67193594216015,51,117,STABLE,Unhealthy for Sensitive Groups
27.9,97.12216222896727,879,3796,STABLE,Unhealthy
25.9,97.4379080723754,72,84,STABLE,Good
34.0,97.64925133420077,1756,1199,STABLE,Unhealthy for Sensitive Groups
29.1,97.65750253868089,47,95,STABLE,Unhealthy
33.9,98.05033721244797,132,2599,STABLE,Unhealthy
27.0,99.09575432636763,436,600,STABLE,Moderate
29.6,97.03337534067843,1199,929,STABLE,Unhealthy for Sensitive Groups
31.0,99.04264158819772,702,2248,STABLE,Unhealthy
30.7,97.12320373551874,511,2146,STABLE,Unhealthy
27.5,96.30442542219323,3844,378,STABLE,Unhealthy
31.7,93.37881768033236,3445,363,STABLE,Unhealthy
28.3,98.66041267181892,767,1094,STABLE,Moderate
28.8,94.1768586828955,335,689,STABLE,Moderate
27.1,95.61793600262627,209,228,STABLE,Good
28.5,97.88740675311385,422,1019,STABLE,Moderate
28.67254597,94.47460615189252,86,83,VIBRATING,Unhealthy for Sensitive Groups
31.1,96.92272566913306,1593,1903,STABLE,Unhealthy for Sensitive Groups
30.0,94.34153700346305,1922,3289,STABLE,Unhealthy
28.7,99.4709205327888,794,3529,STABLE,Unhealthy
29.38141938,97.36541151267244,78,74,STABLE,Unhealthy for Sensitive Groups
26.7,97.32049769683044,46,94,STABLE,Good
26.0,94.28447916371613,3557,3785,STABLE,Unhealthy
24.3,97.03907918455269,1458,1775,STABLE,Unhealthy for Sensitive Groups
29.5,97.87246684288394,111,57,STABLE,Good
26.4,96.80037197619777,2381,2899,STABLE,Unhealthy
28.2,98.4371254046748,86,78,STABLE,Moderate
33.9,92.48631281294006,170,130,STABLE,Good
29.12960539,97.75496236913534,49,98,STABLE,Unhealthy
28.6,97.44098055740372,87,84,VIBRATING,Moderate
33.2,97.08132134565732,1775,1353,STABLE,Unhealthy for Sensitive Groups
29.01535922,99.06329691607817,47,88,STABLE,Unhealthy
32.9,93.78087319213401,68,149,STABLE,Good
28.9,98.17752360905686,261,718,STABLE,Moderate
25.2,97.80213051283786,48,100,STABLE,Good
32.2,98.50337071384669,1544,1714,STABLE,Unhealthy for Sensitive Groups
26.7,97.30078348786434,45,91,STABLE,Good
32.2,98.89639634179419,1406,1975,STABLE,Unhealthy for Sensitive Groups
26.5,98.34550085479295,2566,331,STABLE,Unhealthy
24.3,98.9832955755286,342,2211,STABLE,Unhealthy
27.9,98.42535946672027,3469,375,STABLE,Unhealthy
26.7,95.90001902727516,155,4095,STABLE,Unhealthy
32.7,92.7993619776532,1047,1654,STABLE,Unhealthy for Sensitive Groups
26.93042513,98.76740489838261,149,83,STABLE,Good
28.9,94.7516342734552,74,90,VIBRATING,Good
25.7,98.30339373698052,118,87,STABLE,Good
26.9,98.44152630495941,1111,1878,STABLE,Unhealthy for Sensitive Groups
24.2,94.98921452992785,55,101,STABLE,Good
29.04797813,96.89993298185763,46,87,STABLE,Unhealthy
29.9,97.86760441233253,66,81,STABLE,Moderate
25.7,98.80434115911639,232,146,STABLE,Good
30.1,96.53473464808985,978,1986,STABLE,Unhealthy for Sensitive Groups
29.0,95.55392461805192,535,278,STABLE,Moderate
24.5,97.10206278971827,968,3703,STABLE,Unhealthy
32.8,98.207085415387,228,136,STABLE,Good
30.2,96.83385067429221,68,114,VIBRATING,Unhealthy for Sensitive Groups
28.7,97.10557769507946,704,1125,STABLE,Unhealthy for Sensitive Groups
27.7,93.62007980488634,265,2207,STABLE,Unhealthy
26.7,95.71443502606688,771,1195,STABLE,Moderate
28.21859258,99.21132097303806,86,80,STABLE,Unhealthy for Sensitive Groups
26.318370475960254,98.17444623677093,4095,4095,STABLE,Unhealthy
30.3,97.15170645725233,907,1013,STABLE,Unhealthy for Sensitive Groups
29.0,96.82275420331017,47,89,STABLE,Unhealthy
28.8,96.07602133193859,104,82,STABLE,Moderate
33.1,97.41836513218816,93,59,STABLE,Good
26.2,96.56873774033411,66,238,STABLE,Good
32.67022733,97.85429433785735,91,59,VIBRATING,Good
28.58936861,97.80858409485333,86,77,STABLE,Unhealthy
26.8,99.12010277663437,156,81,STABLE,Good
29.1,96.89565497640486,0,0,STABLE,Moderate
31.1,98.45782799654783,1650,707,STABLE,Unhealthy for Sensitive Groups
25.0,97.45496577610598,258,3919,STABLE,Unhealthy
26.7,97.48232415013852,155,82,STABLE,Good
30.3,96.97905159725012,562,1083,STABLE,Moderate
27.4,96.32530543925104,146,66,STABLE,Good
27.8,98.26110327824023,83,78,VIBRATING,Moderate
29.8,97.68499762383178,332,744,STABLE,Moderate
25.4,98.00597394422309,326,994,STABLE,Moderate
27.02938822,97.1793119821893,146,4095,VIBRATING,Unhealthy
28.6,98.4048916005488,308,919,STABLE,Moderate
27.7,94.5574968147151,403,864,STABLE,Moderate
29.03509253,95.45031632176865,46,87,STABLE,Unhealthy
29.7,99.24457627961785,347,503,STABLE,Moderate
32.9,98.86697981660562,1492,754,STABLE,Unhealthy for Sensitive Groups
32.5,97.9097325438593,107,208,STABLE,Good
26.9,95.02185637003494,1742,1858,STABLE,Unhealthy for Sensitive Groups
29.5,97.66549219385357,842,288,STABLE,Moderate
31.6,97.90628279867566,146,108,STABLE,Good
27.6,96.39461832192463,1660,1854,STABLE,Unhealthy for Sensitive Groups
33.0,96.12750425298492,1202,1661,STABLE,Unhealthy for Sensitive Groups
28.0,96.96591630565028,554,796,STABLE,Moderate
26.0,92.25869415515932,62,94,STABLE,Good
30.7,95.84123220631645,181,3011,STABLE,Unhealthy
29.3,99.10242117026937,2770,446,STABLE,Unhealthy
31.6,96.25264841103736,3671,4044,STABLE,Unhealthy
25.9,95.09721297850966,3246,836,STABLE,Unhealthy
28.7,98.9361985894201,889,1379,STABLE,Unhealthy for Sensitive Groups
33.1,95.6834920679474,1266,1888,STABLE,Unhealthy for Sensitive Groups
30.6,98.76445461270389,97,58,STABLE,Good
30.2,97.72701745807761,68,82,STABLE,Moderate
28.2,97.71118522570796,408,342,STABLE,Moderate
29.7,95.99628587160547,187,84,STABLE,Good
29.6,98.64312096528006,2867,126,STABLE,Unhealthy
28.00656933,97.70726596141276,86,79,STABLE,Unhealthy for Sensitive Groups
24.8,96.07320386358069,2910,163,STABLE,Unhealthy
31.8,98.11266428006859,3945,182,STABLE,Unhealthy
28.26971473,99.02335359641137,86,83,STABLE,Unhealthy
29.0,97.70408091766943,144,100,VIBRATING,Moderate
29.6,95.45794377811293,92,188,STABLE,Good
26.2,96.22971591184465,1650,1184,STABLE,Unhealthy for Sensitive Groups
33.1,97.82156417730255,1040,1221,STABLE,Unhealthy for Sensitive Groups
29.52554074,98.85424657989527,57,88,STABLE,Unhealthy
28.6638098,92.67002254731716,51,134,STABLE,Unhealthy for Sensitive Groups
26.5,93.10891536558933,107,180,STABLE,Good
25.3,98.21933665742304,2904,2959,STABLE,Unhealthy
32.7,99.64647130353877,263,1052,STABLE,Moderate
26.5,96.88322774318313,353,983,STABLE,Moderate
33.6,99.51082779334791,628,2465,STABLE,Unhealthy
26.9,98.20419283510304,3541,451,STABLE,Unhealthy
29.6,98.12924403546224,68,194,STABLE,Good
26.7,96.2468748963427,43,93,STABLE,Good
27.2,93.73137060997507,419,533,STABLE,Moderate
29.6,97.88458774350482,66,77,STABLE,Good
26.6,98.14791036102918,43,91,VIBRATING,Good
30.4,97.9708260354238,1589,1831,STABLE,Unhealthy for Sensitive Groups
31.62857121,98.71624679117971,87,60,STABLE,Good
29.8,97.67216789773923,94,77,STABLE,Good
30.0,98.23921025412284,71,95,STABLE,Moderate
31.5,95.05310584550925,1533,1558,STABLE,Unhealthy for Sensitive Groups
31.0,98.78309671220579,795,1061,STABLE,Unhealthy for Sensitive Groups
32.0,98.55630260141572,627,315,STABLE,Moderate
30.0,95.89949063262394,76,79,STABLE,Good
28.44239448,94.33848526177606,86,82,STABLE,Unhealthy for Sensitive Groups
25.8,99.51067712104387,3979,630,STABLE,Unhealthy
30.7,97.29613971926845,742,3728,STABLE,Unhealthy
27.8,99.3879664262054,84,78,STABLE,Moderate
26.1,98.64770171439127,895,1672,STABLE,Unhealthy for Sensitive Groups
29.2,98.40962227185162,105,83,STABLE,Moderate
32.5,97.66169260756371,3540,3058,STABLE,Unhealthy
28.0,97.75126754134753,90,79,STABLE,Moderate
29.0,98.63076808942952,174,95,STABLE,Moderate
28.3,97.6048716783899,1662,1587,STABLE,Unhealthy for Sensitive Groups
24.038153834248686,96.90170194800766,100,4095,STABLE,Unhealthy
29.0,96.99692359082735,40,76,STABLE,Moderate
28.5338715,98.62172400056868,51,120,VIBRATING,Unhealthy for Sensitive Groups
29.9,96.02331708086484,63,232,VIBRATING,Good
32.5,96.63110786642076,794,741,STABLE,Moderate
30.5,98.87906099192705,1186,1743,STABLE,Unhealthy for Sensitive Groups
27.2,98.72775125709825,546,3812,STABLE,Unhealthy
26.5,96.65026563405151,105,171,STABLE,Good
29.1,98.29371203816832,47,90,VIBRATING,Unhealthy
26.5,96.3096286216627,626,3821,STABLE,Unhealthy
33.4,94.92646016031915,74,168,STABLE,Good
31.9,99.73496897985945,790,2788,STABLE,Unhealthy
29.5,98.37003852131545,111,181,STABLE,Good
24.0,98.97884367279374,166,123,STABLE,Good
28.1,97.17744343311283,161,85,STABLE,Good
26.41288797,97.67548347909813,43,91,VIBRATING,Good
28.0,97.16577948105811,796,1016,VIBRATING,Moderate
31.5,99.08988669732558,1158,1939,STABLE,Unhealthy for Sensitive Groups
32.9,99.05837711306914,710,1173,STABLE,Unhealthy for Sensitive Groups
25.3,94.9478752805815,826,957,STABLE,Unhealthy for Sensitive Groups
28.18919036,98.82800931479491,86,79,STABLE,Unhealthy for Sensitive Groups
28.9,98.18120387687972,1751,1941,STABLE,Unhealthy for Sensitive Groups
24.0,97.8061576245639,789,1308,STABLE,Unhealthy for Sensitive Groups
29.00623414,97.06056724392083,47,87,VIBRATING,Unhealthy
28.46130454,97.41672224030653,87,80,STABLE,Unhealthy for Sensitive Groups
25.95610286,97.6628158066466,72,84,STABLE,Good
28.2,99.24315872679648,86,85,STABLE,Unhealthy
27.7,93.51915203656563,375,859,STABLE,Moderate
25.0,95.39777750886932,245,2078,STABLE,Unhealthy
28.0,97.04407695179697,3005,99,STABLE,Unhealthy
26.2,97.00801072327296,3207,583,VIBRATING,Unhealthy
26.6,95.92306891648073,3394,953,STABLE,Unhealthy
29.6,93.86030530941963,67,76,STABLE,Moderate
29.4,95.80571742668809,3717,3965,STABLE,Unhealthy
28.5,97.32009651407586,86,66,STABLE,Moderate
25.4,98.10693226193283,1524,806,STABLE,Unhealthy for Sensitive Groups
28.3,97.135773399503,86,75,STABLE,Moderate
28.6,96.44987564364911,168,95,STABLE,Moderate
28.8,94.58605322352965,53,94,VIBRATING,Good
28.8,97.94055744817264,67,102,STABLE,Good
33.7,98.38187980510037,1590,1920,STABLE,Unhealthy for Sensitive Groups
28.1,97.2030516281713,191,121,STABLE,Good
32.3,99.27164990377305,793,621,STABLE,Moderate
33.2,96.19031379013478,3548,667,STABLE,Unhealthy
25.1,95.21113076096796,427,896,STABLE,Moderate
28.2,98.84455511620557,87,84,STABLE,Moderate
33.7,95.65392484426381,437,893,STABLE,Moderate
29.4,96.42115284084797,70,74,STABLE,Moderate
29.7,96.84486921211243,93,78,VIBRATING,Good
27.7,97.44720406754422,487,735,STABLE,Moderate
30.0,94.4960019104671,499,331,STABLE,Moderate
28.83029843,98.51026449852776,75,91,VIBRATING,Good
29.6,97.84944046438406,477,2062,STABLE,Unhealthy
28.4,97.1541709576868,86,83,STABLE,Unhealthy for Sensitive Groups
32.9,94.87827585807824,558,330,STABLE,Moderate
24.1,98.67772847445713,177,141,STABLE,Good
29.14208918,93.58217326361513,74,74,VIBRATING,Unhealthy for Sensitive Groups
33.5,98.17698573364802,3755,902,STABLE,Unhealthy
31.3,95.66929343232586,869,3886,STABLE,Unhealthy
28.1,96.14327285708531,883,78,STABLE,Moderate
28.7,95.02452620681038,78,95,STABLE,Moderate
29.0,98.98589313847302,880,273,STABLE,Moderate
28.85330155,96.28773913722341,61,93,STABLE,Unhealthy
26.8,97.19494824166159,925,3418,STABLE,Unhealthy
29.0,95.36606934719323,37,138,STABLE,Good
31.0,96.93931186823926,1956,855,STABLE,Unhealthy
29.14649303,98.77639354558607,46,93,STABLE,Unhealthy
28.3,96.73263129861063,307,713,STABLE,Moderate
30.1,98.9451625105976,1057,943,STABLE,Unhealthy for Sensitive Groups
29.0,96.47667793664519,48,90,STABLE,Unhealthy
31.8,93.2770286830931,1344,1516,VIBRATING,Unhealthy for Sensitive Groups
26.3,97.3843034166092,720,3158,VIBRATING,Unhealthy
28.26612192,94.55619492635975,87,86,STABLE,Unhealthy for Sensitive Groups
28.7,96.56393339887725,420,4055,STABLE,Unhealthy
28.4,98.15328343738013,86,81,STABLE,Unhealthy for Sensitive Groups
25.766878606573847,99.02146075995435,344,2660,STABLE,Unhealthy
30.4,96.71398459461375,3585,193,VIBRATING,Unhealthy
29.6,95.18614729728795,2313,2414,STABLE,Unhealthy
31.3,97.2033277038891,1732,1681,STABLE,Unhealthy for Sensitive Groups
28.9,98.56118043308143,45,48,STABLE,Unhealthy for Sensitive Groups
29.9,96.8122474029465,67,78,VIBRATING,Moderate
29.05175492,97.39825107237564,52,99,STABLE,Unhealthy
27.1,97.98220972252894,243,87,STABLE,Good
28.3,96.28405125239911,85,70,STABLE,Moderate
33.9,94.29769433112207,1269,1088,STABLE,Unhealthy for Sensitive Groups
32.4,95.69104963520722,1723,1481,STABLE,Unhealthy for Sensitive Groups
29.1,96.2910537396105,152,119,STABLE,Good
24.3,98.26728621068504,1463,1620,STABLE,Unhealthy for Sensitive Groups
32.1,98.39841467088088,65,158,STABLE,Good
25.1,97.91732113756962,101,65,STABLE,Good
30.6,98.20208504656328,397,888,VIBRATING,Moderate
26.8,98.93424360899417,2973,251,STABLE,Unhealthy
33.9,96.89444556438889,1144,1732,STABLE,Unhealthy for Sensitive Groups
24.4,99.37887737676289,308,676,STABLE,Moderate
26.2,98.22963587442139,348,2444,STABLE,Unhealthy
27.7,98.80369773519517,1344,1876,STABLE,Unhealthy for Sensitive Groups
28.1,97.89766344387283,172,86,VIBRATING,Moderate
26.2,97.05164417304972,563,1135,STABLE,Moderate
33.5,94.69492021871126,298,931,STABLE,Moderate
30.5,97.32024242761169,82,61,STABLE,Good
29.8,98.43046708232325,1449,1571,STABLE,Unhealthy for Sensitive Groups
28.7,97.27697001628255,211,116,STABLE,Good
29.2,94.70702730118605,729,1714,STABLE,Unhealthy for Sensitive Groups
31.2,97.85207528485799,1893,798,STABLE,Unhealthy
31.2,96.80646509069659,3442,4081,STABLE,Unhealthy
28.3,95.97964801215758,3405,142,STABLE,Unhealthy
30.8,95.45132072471756,1431,1571,STABLE,Unhealthy for Sensitive Groups
28.93735848,98.41186224023201,73,79,STABLE,Unhealthy for Sensitive Groups
28.89155137,98.69998398678376,55,178,VIBRATING,Unhealthy
25.4,97.58851743696538,65,205,STABLE,Good
33.6,98.34570085508555,185,44,STABLE,Good
24.1,94.57197279682421,3965,2537,STABLE,Unhealthy
32.5,96.02223433597511,83,54,STABLE,Good
32.8,97.53424841699083,180,44,STABLE,Good
32.0,97.7241909403386,672,446,STABLE,Moderate
32.3,97.36265879671843,2627,962,STABLE,Unhealthy
27.01364756309513,96.79803944055851,4074,429,STABLE,Unhealthy
28.9,96.93456212865841,244,225,STABLE,Good
30.7,95.4144077852993,1124,845,STABLE,Unhealthy for Sensitive Groups
29.031858,97.31554331364151,47,98,STABLE,Unhealthy
28.37709114,98.33440747272054,86,84,STABLE,Unhealthy for Sensitive Groups
26.3,97.85165481900133,218,69,VIBRATING,Good
31.0,97.59738573271258,602,450,STABLE,Moderate
25.4,96.00200360312051,527,448,STABLE,Moderate
25.1,98.74027961998,1434,1485,STABLE,Unhealthy for Sensitive Groups
28.4,99.39460169077866,1318,1945,STABLE,Unhealthy for Sensitive Groups
33.3,99.21865358460309,2202,274,STABLE,Unhealthy
32.5,96.7929865234181,228,234,STABLE,Good
34.0,95.16188891949706,95,47,STABLE,Good
30.6,97.93119274688951,96,57,VIBRATING,Good
28.25419492,99.1629689991054,81,79,STABLE,Unhealthy for Sensitive Groups
28.37289858,98.61748231592347,86,76,VIBRATING,Unhealthy for Sensitive Groups
26.1,96.71234687379362,72,85,STABLE,Good
33.334007210806746,98.37760775059664,674,4095,STABLE,Unhealthy
25.59483477,96.71384552628938,66,90,STABLE,Good
25.0,99.08360639089453,247,142,STABLE,Good
31.7,97.56337101619155,476,1121,STABLE,Moderate
26.5,98.06611723997418,189,149,STABLE,Good
27.2,99.13604199305462,210,123,STABLE,Good
31.3,96.80287800309435,3990,677,STABLE,Unhealthy
30.2,95.02818100724562,410,861,STABLE,Moderate
29.20691328,99.06979691796943,46,92,STABLE,Unhealthy
27.08941659,95.44219571769294,148,4095,VIBRATING,Unhealthy
28.5,98.23224019724519,85,72,STABLE,Moderate
26.3,97.58688792538514,68,97,STABLE,Good
30.6,98.76271256527167,1543,1138,STABLE,Unhealthy for Sensitive Groups
28.7,97.37570114215102,1413,1827,STABLE,Unhealthy for Sensitive Groups
29.47238485,98.94970965315703,60,87,STABLE,Unhealthy
32.3,96.00886131562301,200,56,STABLE,Good
30.6,95.23377013644786,81,61,STABLE,Good
32.8,98.66714451310077,566,891,STABLE,Moderate
26.4,98.77168657310551,3898,1816,VIBRATING,Unhealthy
28.83086481,97.99336144282708,77,77,STABLE,Unhealthy for Sensitive Groups
32.5,98.07945238197215,182,173,STABLE,Good
33.3,98.89673093901608,189,163,STABLE,Good
33.0,98.67246633783519,884,382,STABLE,Moderate
33.2,97.34049577056166,1057,1758,STABLE,Unhealthy for Sensitive Groups
28.34062615,96.27097317702878,87,79,STABLE,Unhealthy
32.6,98.92381942734194,1083,867,STABLE,Unhealthy for Sensitive Groups
28.50708028,97.94881108704358,86,84,VIBRATING,Unhealthy for Sensitive Groups
28.40794953,96.51353132954343,86,80,VIBRATING,Unhealthy for Sensitive Groups
31.6,96.06309291497381,1117,906,STABLE,Unhealthy for Sensitive Groups
26.9,98.94514961676089,2410,500,STABLE,Unhealthy
33.9,99.55268358299699,746,1424,STABLE,Unhealthy for Sensitive Groups
30.1,93.20560621365496,916,1046,STABLE,Unhealthy for Sensitive Groups
33.6,96.83290499629258,97,59,VIBRATING,Good
31.1,98.04733299234344,351,577,STABLE,Moderate
28.49561019,97.65331842466003,86,81,VIBRATING,Unhealthy for Sensitive Groups
24.7,96.01457301244743,673,1083,STABLE,Moderate
33.3,98.06229130062266,2372,2848,STABLE,Unhealthy
28.4,95.14586928330048,199,204,STABLE,Good
28.4,98.4211057531393,86,83,STABLE,Unhealthy for Sensitive Groups
28.43895953,98.05793361261118,87,76,STABLE,Unhealthy
27.6,97.79016141246271,628,265,STABLE,Moderate
32.4,98.63888622993552,1112,755,STABLE,Unhealthy for Sensitive Groups
28.4,99.59641584303198,86,78,VIBRATING,Moderate
30.26752127,97.53552397630564,95,58,STABLE,Good
28.9,96.87557717449202,70,88,VIBRATING,Good
24.8,98.63578386999949,74,175,STABLE,Good
28.7,98.27933443120467,208,86,STABLE,Moderate
28.6,99.43583814006186,104,82,STABLE,Moderate
31.6,95.57681914946616,308,3431,STABLE,Unhealthy
24.3,97.33373527578078,2413,43,STABLE,Unhealthy
33.2,97.83186558028987,886,942,STABLE,Moderate
29.6,98.23378522271493,94,78,STABLE,Good
29.9,94.74854585561458,145,48,STABLE,Good
25.5,99.63765892782763,87,180,STABLE,Good
28.4,97.37424121675026,86,80,STABLE,Unhealthy for Sensitive Groups
27.04862051,95.10734530544893,148,4095,STABLE,Unhealthy
30.2,96.38121715359826,192,216,STABLE,Good
25.968853584734067,97.92509535480671,170,2789,STABLE,Unhealthy
24.9,97.06835067219887,72,63,STABLE,Good
28.6,99.5560023162561,86,72,STABLE,Moderate
25.2,94.36194763201442,3761,1267,STABLE,Unhealthy
24.6,98.18077015040029,784,926,STABLE,Unhealthy for Sensitive Groups
28.34130312,96.18021647707371,86,84,STABLE,Unhealthy for Sensitive Groups
30.05689123,97.06373622134372,67,83,STABLE,Unhealthy
27.8,97.25559329404882,3518,896,STABLE,Unhealthy
30.3,94.40414463609068,71,101,STABLE,Moderate
29.4,97.10865408384498,2717,874,STABLE,Unhealthy
24.6,99.57147778168176,2209,82,STABLE,Unhealthy
26.9,93.3284588222042,458,309,STABLE,Moderate
31.1,95.13598623540949,114,175,STABLE,Good
26.1,96.74913432116956,618,332,STABLE,Moderate
29.0,98.55983407306098,111,88,VIBRATING,Moderate
29.2,97.80627481159664,38,76,STABLE,Moderate
29.15949792,97.87844987141835,48,95,STABLE,Unhealthy
25.1,98.29387581930212,1085,1252,STABLE,Unhealthy for Sensitive Groups
30.8,97.88408734735728,657,255,VIBRATING,Moderate
28.29921333,97.69978947317335,86,82,STABLE,Unhealthy for Sensitive Groups
28.28731221,99.69996068455043,86,82,STABLE,Unhealthy for Sensitive Groups
28.4,99.17193588408756,83,76,STABLE,Moderate
28.4,97.583711442023,734,1585,STABLE,Unhealthy for Sensitive Groups
24.7,96.27208548828904,53,107,STABLE,Good
28.5,95.79513518786048,82,76,STABLE,Moderate
24.8,99.6651264353526,398,715,STABLE,Moderate
27.0,97.12592580310418,890,895,STABLE,Moderate
30.6,94.55284342746727,1409,1000,STABLE,Unhealthy for Sensitive Groups
28.70766832,97.32403334031714,83,4095,STABLE,Unhealthy
28.8,97.30351796838686,83,70,VIBRATING,Moderate
28.4,97.37580040451863,86,77,STABLE,Unhealthy
25.7,97.7218494503439,536,674,STABLE,Moderate
28.6,98.96353661578634,85,98,STABLE,Moderate
28.3,93.89964499890773,77,74,STABLE,Unhealthy for Sensitive Groups
29.3,98.8236816981153,245,219,STABLE,Good
29.7,98.57944333524523,1233,1959,STABLE,Unhealthy for Sensitive Groups
24.469368649232944,97.2595836924765,4095,243,STABLE,Unhealthy
25.9,96.6307241019744,79,93,STABLE,Good
26.9,96.3062077661096,1838,279,STABLE,Unhealthy
28.6650613,96.78231502634233,86,82,STABLE,Unhealthy for Sensitive Groups
28.9,98.08275367647721,83,71,STABLE,Moderate
25.4,96.528416664612,66,89,STABLE,Good
33.7,94.364534936858,96,59,VIBRATING,Good
32.6,98.14234797178226,545,2891,STABLE,Unhealthy
27.1,95.87919973248508,707,940,STABLE,Moderate
30.9,95.62272104220534,3951,1891,STABLE,Unhealthy
25.2,96.66903175575652,614,988,STABLE,Moderate
27.9,98.69469892755707,88,78,STABLE,Moderate
26.4,98.22790300084152,429,898,STABLE,Moderate
31.6,99.45071305104122,2106,484,STABLE,Unhealthy
30.29688009642497,99.023279891501,4095,204,STABLE,Unhealthy
27.0,95.0705413980625,289,463,STABLE,Moderate
24.8,95.99144294367063,1035,762,STABLE,Unhealthy for Sensitive Groups
29.5,97.13034482904334,94,78,STABLE,Good
31.6,99.32330000489341,2760,519,STABLE,Unhealthy
24.5,96.30038925729386,1754,1579,STABLE,Unhealthy for Sensitive Groups
26.3,96.73592505374958,44,162,STABLE,Good
31.9,93.4667805400999,3996,575,STABLE,Unhealthy
29.5,97.07852136281448,1267,896,STABLE,Unhealthy for Sensitive Groups
33.9,95.65662409827236,1341,999,STABLE,Unhealthy for Sensitive Groups
32.2,96.55256561569574,224,70,STABLE,Good
29.1,98.73742581478234,95,81,STABLE,Good
25.7,96.41080370079563,1849,461,STABLE,Unhealthy
27.5,96.43918747798855,157,249,STABLE,Good
28.0,98.15104740618084,3531,890,STABLE,Unhealthy
24.2,95.23347071268563,982,1320,VIBRATING,Unhealthy for Sensitive Groups
33.330173777357714,97.54491686437785,4095,988,STABLE,Unhealthy
28.2,97.19697174636842,86,76,STABLE,Unhealthy for Sensitive Groups
28.36903843,94.96218034811248,86,77,VIBRATING,Unhealthy for Sensitive Groups
32.3,96.24461113346283,862,835,STABLE,Unhealthy for Sensitive Groups
31.4,92.90328422398952,414,2611,STABLE,Unhealthy
28.54234861,98.07939416570908,93,84,STABLE,Unhealthy for Sensitive Groups
32.5,97.09927502433372,758,1217,STABLE,Unhealthy for Sensitive Groups
26.6,95.78047195576069,1055,1134,STABLE,Unhealthy for Sensitive Groups
33.1,95.53845981054562,869,411,STABLE,Moderate
28.9,97.44353116464568,55,165,STABLE,Moderate
24.8,97.94483469737924,700,2748,STABLE,Unhealthy
30.5,96.34994843169329,566,542,STABLE,Moderate
25.5,94.13942546818168,50,204,STABLE,Good
32.5,95.34582134963202,1479,1042,STABLE,Unhealthy for Sensitive Groups
29.58255317,97.29165925993914,74,73,STABLE,Unhealthy for Sensitive Groups
25.7,98.04512690769221,3624,963,STABLE,Unhealthy
28.4,97.76383906249758,87,85,STABLE,Unhealthy for Sensitive Groups
26.6,96.47407945063769,31,126,STABLE,Good
31.0,97.05251455493165,273,819,STABLE,Moderate
34.0,98.25430580883294,96,59,STABLE,Good
31.7,97.35159665014793,391,577,STABLE,Moderate
24.6,95.59449181844435,117,177,STABLE,Good
28.94856791,95.27765931678904,46,91,STABLE,Unhealthy
32.4,98.2329525308582,680,922,STABLE,Moderate
28.7,96.25085094895078,88,70,STABLE,Moderate
24.8,98.65242154166532,749,3858,STABLE,Unhealthy
27.8,94.20104286645855,1798,910,STABLE,Unhealthy for Sensitive Groups
29.0,97.69591420449727,47,87,VIBRATING,Unhealthy
28.2,98.5351602738617,728,1724,STABLE,Unhealthy for Sensitive Groups
30.9,98.87066329367741,2534,477,STABLE,Unhealthy
28.4,95.50623978899831,85,81,VIBRATING,Unhealthy
31.7,98.89269023824122,1264,916,STABLE,Unhealthy for Sensitive Groups
29.0,94.98263960297847,213,107,STABLE,Good
27.5,97.87790202757003,2781,2656,STABLE,Unhealthy
24.4,98.68368603306698,92,199,STABLE,Good
25.8,97.67932026663702,458,344,STABLE,Moderate
31.2,95.19407783049837,129,63,STABLE,Good
28.82775124,98.91464210561595,68,186,STABLE,Unhealthy for Sensitive Groups
29.07183021,96.05474404402688,47,91,STABLE,Unhealthy
27.5,97.3041587635394,84,204,STABLE,Good
31.7,97.50603066070961,1126,1381,STABLE,Unhealthy for Sensitive Groups
29.2,97.47042971242679,1980,656,STABLE,Unhealthy
26.8,97.79588891556963,2181,122,STABLE,Unhealthy
32.2,97.11648337832679,2018,469,STABLE,Unhealthy
30.0,96.18260751828828,812,363,STABLE,Moderate
28.53129494,91.65261860788046,85,82,STABLE,Unhealthy for Sensitive Groups
31.9,96.82241310520007,586,3940,STABLE,Unhealthy
26.5,96.78024652387903,66,172,STABLE,Good
24.8,97.50674148211215,284,1040,STABLE,Moderate
28.35618277,97.62843586081358,86,76,STABLE,Unhealthy for Sensitive Groups
32.050034332345135,99.7541889748142,469,3742,STABLE,Unhealthy
32.5,97.58588902982005,1572,1006,STABLE,Unhealthy for Sensitive Groups
28.5,97.8707116702562,268,2629,STABLE,Unhealthy
31.9,97.54963443949777,933,2938,STABLE,Unhealthy
29.2,98.17221922671202,95,80,VIBRATING,Good
28.4,97.03281188328152,158,61,STABLE,Good
33.6,98.79249124772576,522,357,STABLE,Moderate
29.0,98.38763038724655,46,89,STABLE,Unhealthy
29.8,98.86797374592744,1424,1608,STABLE,Unhealthy for Sensitive Groups
30.4,94.48411944929532,1176,1431,STABLE,Unhealthy for Sensitive Groups
32.6,97.81276058217954,3157,558,STABLE,Unhealthy
24.6,96.48989906358375,58,112,STABLE,Good
29.14823564,98.37377660950247,47,91,VIBRATING,Unhealthy
30.4,97.53950474121866,293,2181,STABLE,Unhealthy
32.8,96.97643404303368,976,1604,STABLE,Unhealthy for Sensitive Groups
30.1,97.34023648303898,723,1410,STABLE,Unhealthy for Sensitive Groups
24.5,97.51636479711387,764,1905,STABLE,Unhealthy for Sensitive Groups
25.5,96.24152492132148,65,89,STABLE,Good
26.7,93.03013568281958,98,188,STABLE,Good
33.5,98.34269162743134,3887,2969,STABLE,Unhealthy
25.5,95.44656273294464,2615,226,STABLE,Unhealthy
33.6,98.4499358892237,982,1580,STABLE,Unhealthy for Sensitive Groups
24.1,97.12116364721633,215,104,STABLE,Good
28.21032857,96.71496943140237,86,80,VIBRATING,Unhealthy for Sensitive Groups
28.20180608,94.48965875236749,54,115,VIBRATING,Unhealthy
31.9,98.35312827749887,3454,408,STABLE,Unhealthy
30.1,95.25351612528713,70,76,STABLE,Moderate
28.0,97.50752273859004,484,942,STABLE,Moderate
33.7,98.60331184195398,504,400,STABLE,Moderate
28.3,96.0570037754504,1774,1814,STABLE,Unhealthy for Sensitive Groups
30.8,98.7107337140558,2791,192,VIBRATING,Unhealthy
28.26285914,97.37806781527215,86,76,STABLE,Unhealthy for Sensitive Groups
29.9,94.98593019719593,431,542,STABLE,Moderate
29.6,96.32024632338641,100,227,STABLE,Good
24.4,95.81074205297786,589,2603,STABLE,Unhealthy
25.928208447898417,98.50607399018675,4095,4095,STABLE,Unhealthy
29.294873863833264,97.16833335938951,3403,159,STABLE,Unhealthy
26.2,96.49033920211392,75,89,STABLE,Good
33.7,99.67996723824099,1180,1641,STABLE,Unhealthy for Sensitive Groups
32.7,96.37529650445587,780,1610,STABLE,Unhealthy for Sensitive Groups
30.3,93.72703397612412,860,1931,STABLE,Unhealthy for Sensitive Groups
29.0,97.00984998864982,186,243,STABLE,Good
27.3,98.27848120175642,996,2899,STABLE,Unhealthy
25.8,99.15552166107216,3696,3379,STABLE,Unhealthy
31.5,98.93437097876128,431,974,STABLE,Moderate
30.3,98.28264369023925,939,1014,STABLE,Unhealthy for Sensitive Groups
24.5,95.22992872845114,850,1078,STABLE,Unhealthy for Sensitive Groups
32.6,93.92489190765518,937,894,STABLE,Unhealthy for Sensitive Groups
30.5,93.8240511825498,3902,808,STABLE,Unhealthy
25.4,98.45036494115362,164,86,STABLE,Good
33.6,96.81200858090338,260,644,VIBRATING,Moderate
34.0,96.76226375480775,199,2441,STABLE,Unhealthy
31.2,98.05820994010105,767,1321,STABLE,Unhealthy for Sensitive Groups
31.9,94.26432244098017,444,855,STABLE,Moderate
28.58415297,96.44339616790006,86,82,VIBRATING,Unhealthy for Sensitive Groups
24.3,94.87231081590168,1487,1626,STABLE,Unhealthy for Sensitive Groups
31.6,99.53938298319763,798,268,STABLE,Moderate
28.5,96.50504888516801,83,77,STABLE,Moderate
28.45810723,97.59866738379527,85,78,STABLE,Unhealthy
26.2,97.40391352911281,75,88,STABLE,Good
33.7,97.96389768170974,1129,1205,STABLE,Unhealthy for Sensitive Groups
29.8,97.32000510035444,94,77,STABLE,Good
24.4,99.35759905317867,1971,3178,STABLE,Unhealthy
25.9,97.98252174853137,191,161,STABLE,Good
29.8,99.09266378305144,772,664,STABLE,Moderate
28.3149704,97.45386327712801,87,78,STABLE,Unhealthy for Sensitive Groups
29.0,93.59614761158491,46,87,VIBRATING,Unhealthy
28.4,95.76978839562338,85,76,VIBRATING,Unhealthy for Sensitive Groups
27.9,99.19624109199076,2750,400,STABLE,Unhealthy
27.179339857396553,99.13129385916018,721,2681,STABLE,Unhealthy
26.7,96.8354383893465,877,805,STABLE,Moderate
28.8,97.19906000501852,812,1676,STABLE,Unhealthy for Sensitive Groups
24.7,98.4720803016262,62,107,STABLE,Good
29.85644585,95.51541136966155,72,74,STABLE,Unhealthy
26.5,96.14805518102547,3435,2432,STABLE,Unhealthy
28.5001293,98.50470714230157,51,117,STABLE,Unhealthy for Sensitive Groups
31.4,98.63218393186234,846,2678,STABLE,Unhealthy
28.5,96.60520058396497,885,1430,STABLE,Unhealthy for Sensitive Groups
27.903597638022017,99.44278962842905,4095,4095,STABLE,Unhealthy
28.67017169,94.7930620542073,86,83,STABLE,Unhealthy for Sensitive Groups
28.4,94.78930212214401,202,87,STABLE,Moderate
25.3,95.33808967820904,47,173,VIBRATING,Good
26.3,97.00851101773883,315,859,STABLE,Moderate
29.42489751,98.59516247177632,69,168,STABLE,Unhealthy
29.7,96.28347619523547,1411,765,VIBRATING,Unhealthy for Sensitive Groups
29.9,98.05220945524215,1336,756,STABLE,Unhealthy for Sensitive Groups
28.4,96.71196781529841,674,450,STABLE,Moderate
29.71615031,97.62388049871878,67,79,STABLE,Unhealthy
28.8,95.37935196886683,83,70,STABLE,Moderate
28.6,96.94939579189963,84,70,STABLE,Moderate
28.48413765,98.37492995378713,101,85,STABLE,Unhealthy for Sensitive Groups
31.7,97.56457968879674,791,802,STABLE,Moderate
28.3787902,93.06141321775655,86,84,STABLE,Unhealthy for Sensitive Groups
28.1,98.19022077583557,3375,3352,STABLE,Unhealthy
32.7,94.86229040023572,2740,579,STABLE,Unhealthy
24.4,98.855710857208,2764,912,STABLE,Unhealthy
30.2,99.09902805480226,160,48,STABLE,Good
28.9,96.5132418785056,3423,857,STABLE,Unhealthy
30.5,98.48638923035983,1762,1594,STABLE,Unhealthy for Sensitive Groups
30.3,98.69305955125856,2807,626,STABLE,Unhealthy
28.35959189,97.43252661181299,86,79,STABLE,Unhealthy
33.2,96.1385253338515,72,122,STABLE,Good
28.3,96.19038946206851,156,103,VIBRATING,Moderate
32.8,98.28353085428917,877,1017,STABLE,Moderate
32.5,99.13542321386554,1703,770,STABLE,Unhealthy for Sensitive Groups
28.65518683,96.71838361848484,83,214,STABLE,Unhealthy
26.0,98.51397088484921,1775,777,STABLE,Unhealthy for Sensitive Groups
30.2,95.42102131838918,68,112,STABLE,Unhealthy for Sensitive Groups
32.68835808580885,96.97160777175651,438,2875,STABLE,Unhealthy
27.005086694201815,99.49893459092824,4095,648,STABLE,Unhealthy
28.31228108,96.3459412514328,86,76,VIBRATING,Unhealthy for Sensitive Groups
27.4,95.76632990631268,155,141,STABLE,Good
28.36846281,97.9667327423222,86,78,STABLE,Unhealthy
26.2,97.04317853240464,3658,3076,STABLE,Unhealthy
24.6,98.06587573816948,443,297,STABLE,Moderate
27.3,99.71675309264653,291,2535,STABLE,Unhealthy
29.2,98.44466091898082,206,232,STABLE,Good
33.1,97.90066484366554,771,849,STABLE,Unhealthy for Sensitive Groups
28.17554519,98.6437085281494,86,76,STABLE,Unhealthy for Sensitive Groups
32.7,97.22981735911765,243,163,STABLE,Good
25.9,95.64061713643896,780,829,STABLE,Moderate
26.0,98.93001687806907,240,153,STABLE,Good
25.0,95.59248494405037,1021,1871,STABLE,Unhealthy for Sensitive Groups
29.3,93.46912262237612,103,82,STABLE,Unhealthy for Sensitive Groups
26.8,96.40094017882917,1418,1284,STABLE,Unhealthy for Sensitive Groups
33.4,98.20892418176687,329,729,STABLE,Moderate
29.24977223,92.82365722349981,54,84,VIBRATING,Unhealthy
29.63200386,98.51301094873116,74,79,STABLE,Unhealthy
31.9,94.99620854414206,3122,2679,STABLE,Unhealthy
33.6,96.23112751314724,115,49,STABLE,Good
28.1,97.77360498358286,898,972,STABLE,Unhealthy for Sensitive Groups
27.1,96.4078127598434,171,195,STABLE,Good
28.33946122,98.17121276959885,52,128,STABLE,Unhealthy
28.5,96.40855789753044,156,3789,STABLE,Unhealthy
32.8,96.17434458169285,3100,163,STABLE,Unhealthy
28.36509979,96.43632924190707,86,77,VIBRATING,Unhealthy for Sensitive Groups
26.2,97.74577683622779,598,3780,STABLE,Unhealthy
26.9,97.62175377772209,1427,1357,STABLE,Unhealthy for Sensitive Groups
29.3,95.28671285300652,3577,3254,STABLE,Unhealthy
24.1,94.30870583531433,305,980,STABLE,Moderate
30.2,97.97301187412609,1658,955,STABLE,Unhealthy for Sensitive Groups
24.3,97.6036256922715,3345,866,STABLE,Unhealthy
32.1,94.73157378864862,344,486,VIBRATING,Moderate
27.783330271878057,97.55768475688302,225,4095,STABLE,Unhealthy
27.8,96.51122488039627,3758,182,STABLE,Unhealthy
31.0,94.4646982022228,301,755,STABLE,Moderate
33.252174224921774,96.02365692995447,606,2237,STABLE,Unhealthy
32.0,97.79760224633874,138,184,STABLE,Good
29.0,97.0321223690903,810,925,STABLE,Moderate
32.4,96.86590973427445,1132,1921,STABLE,Unhealthy for Sensitive Groups
31.5,94.84162002897818,497,525,STABLE,Moderate
29.0,96.8735241255554,46,89,STABLE,Unhealthy
27.385274908528558,96.83829326902536,525,4095,STABLE,Unhealthy
26.9,95.29563349200004,1016,1222,STABLE,Unhealthy for Sensitive Groups
31.9,95.95060567583307,1135,1139,STABLE,Unhealthy for Sensitive Groups
26.8,94.77426107472355,245,134,VIBRATING,Good
33.0,97.66770906032025,200,2475,STABLE,Unhealthy
25.5,96.78762019936181,1639,1870,STABLE,Unhealthy for Sensitive Groups
31.5,98.29786711949365,128,37,STABLE,Good
27.9,96.97830353158469,348,1065,STABLE,Moderate
30.1,95.9106820122393,666,1012,STABLE,Moderate
32.0,97.53610539795977,87,60,STABLE,Good
33.9,99.05906178962827,893,3399,STABLE,Unhealthy
31.81916826,98.27016342141425,87,60,STABLE,Good
26.9,99.10282881090805,235,215,STABLE,Good
32.3,96.3374382914583,3165,778,STABLE,Unhealthy
32.29528555584778,99.38142533375235,324,3127,STABLE,Unhealthy
30.3,93.65662952156423,3461,2740,STABLE,Unhealthy
25.0,98.38706726562145,2663,4087,STABLE,Unhealthy
26.1,98.07054088202256,3217,628,STABLE,Unhealthy
31.8,98.66121722972977,169,112,STABLE,Good
26.5,97.2147159484837,881,2646,VIBRATING,Unhealthy
28.5,98.6489419608286,837,759,STABLE,Moderate
28.2,99.13877770133665,1391,1285,STABLE,Unhealthy for Sensitive Groups
31.9,99.6604769217481,617,3513,STABLE,Unhealthy
33.4,96.8054279468838,128,37,STABLE,Good
28.3,97.76642890591897,253,3805,STABLE,Unhealthy
28.54596815,98.80103620492488,86,81,STABLE,Unhealthy
26.3,97.88149322944011,102,2319,STABLE,Unhealthy
24.4,98.45456160068863,1702,1094,STABLE,Unhealthy for Sensitive Groups
29.5,99.3617020524724,2428,2976,STABLE,Unhealthy
28.3,97.77042434772777,80,77,STABLE,Moderate
24.7,99.14912900303749,196,115,STABLE,Good
28.9,99.16157721642196,55,173,STABLE,Unhealthy
24.2,96.97258478807771,221,179,STABLE,Good
25.6,98.82483592035182,761,725,STABLE,Moderate
32.6,97.32143930441836,1430,1363,VIBRATING,Unhealthy for Sensitive Groups
29.7,94.75232326913324,1064,1479,STABLE,Unhealthy for Sensitive Groups
32.9,95.64454088730828,919,785,STABLE,Unhealthy for Sensitive Groups
28.5,96.07077342075634,86,81,STABLE,Unhealthy
26.6,97.6167647915031,223,188,STABLE,Good
27.7,98.53247661428831,811,857,STABLE,Moderate
27.5,94.415030456564,1216,1219,STABLE,Unhealthy for Sensitive Groups
26.3,98.14589320742886,1098,1783,STABLE,Unhealthy for Sensitive Groups
31.2,94.86207766304673,1032,1151,STABLE,Unhealthy for Sensitive Groups
28.4,95.62271622935164,855,690,STABLE,Moderate
33.3,97.55733620873121,100,59,STABLE,Good
28.5,98.8791538845251,1315,733,STABLE,Unhealthy for Sensitive Groups
31.3,95.96421979247616,47,67,STABLE,Good
30.8,95.19969851682973,2240,871,STABLE,Unhealthy
24.2,96.84837592442551,345,993,STABLE,Moderate
29.9,99.02270856186881,858,3488,STABLE,Unhealthy
28.6,98.98486452549466,84,83,STABLE,Unhealthy for Sensitive Groups
28.3,96.16048645561308,142,147,STABLE,Good
32.1,95.65251479170952,126,188,STABLE,Good
27.6,94.25785271745349,92,55,STABLE,Good
28.42131445,95.43438092959482,89,81,STABLE,Unhealthy for Sensitive Groups
24.5,96.94904947593452,3537,3451,STABLE,Unhealthy
26.6,99.06940983738257,179,73,STABLE,Good
25.4,97.68273595546455,850,3731,STABLE,Unhealthy
26.9,98.2701576206527,45,94,STABLE,Good
32.0,92.57228135286404,769,1748,STABLE,Unhealthy for Sensitive Groups
31.5,92.9331503328123,1765,837,STABLE,Unhealthy for Sensitive Groups
33.0,95.5768430024594,611,802,STABLE,Moderate
24.1,94.5310662783868,867,2359,STABLE,Unhealthy
30.1,94.99993649357025,809,943,STABLE,Unhealthy for Sensitive Groups
31.5,96.48894420906387,413,3918,STABLE,Unhealthy
25.6,98.93861818158454,426,2472,STABLE,Unhealthy
31.1,97.77713472146912,184,209,STABLE,Good
25.1,94.66475677303247,596,650,STABLE,Moderate
33.5,96.02727827841187,1735,1197,STABLE,Unhealthy for Sensitive Groups
27.2,98.79630562280137,1726,1157,STABLE,Unhealthy for Sensitive Groups
30.3,98.33186166399315,2276,242,STABLE,Unhealthy
25.3,94.26462849384212,631,651,STABLE,Moderate
25.8,98.69016657605704,354,3623,STABLE,Unhealthy
24.9,98.28990399856778,420,3310,STABLE,Unhealthy
28.2,98.01199955591073,81,2553,STABLE,Unhealthy
29.9,97.46725187082154,1854,487,STABLE,Unhealthy
33.5,97.14698850154419,3629,3317,STABLE,Unhealthy
33.6,99.28619260426433,97,59,STABLE,Good
29.06243277,94.10688118339024,46,87,STABLE,Unhealthy
27.2,94.6493861155046,170,230,STABLE,Good
28.7,98.2269951320977,2239,952,STABLE,Unhealthy
33.0,97.7423212161465,964,3793,STABLE,Unhealthy
24.5,98.69839191414319,3981,3776,STABLE,Unhealthy
29.3,95.64830362946147,440,1160,STABLE,Moderate
32.4,98.55848076112237,655,858,STABLE,Moderate
25.9,97.40494414497586,1067,1902,STABLE,Unhealthy for Sensitive Groups
24.8,96.01940916969848,1154,1160,STABLE,Unhealthy for Sensitive Groups
28.0,98.3935104684294,1799,1754,STABLE,Unhealthy for Sensitive Groups
29.1,98.93635383266542,1000,1738,STABLE,Unhealthy for Sensitive Groups
29.7369117552265,98.57333699146837,4095,211,STABLE,Unhealthy
28.4,96.39009775497568,82,77,STABLE,Moderate
28.74970899,95.83353852842129,79,82,STABLE,Unhealthy for Sensitive Groups
28.3,98.0581263353092,85,75,STABLE,Unhealthy for Sensitive Groups
28.1,96.29126820975682,291,875,STABLE,Moderate
28.28744633,97.84880397674993,86,82,VIBRATING,Unhealthy for Sensitive Groups
26.2,99.30641964970326,72,85,STABLE,Good
27.7,96.65658209859825,176,104,STABLE,Good
29.1,98.76297505056858,155,112,STABLE,Good
26.5,97.80437021119864,43,92,VIBRATING,Good
30.4,98.67374239179242,64,55,STABLE,Good
31.4,96.74776712585161,2564,3227,STABLE,Unhealthy
29.10194232,94.97749361745609,47,94,STABLE,Unhealthy
28.86824068,98.43516074086943,73,90,STABLE,Unhealthy
28.4,98.1831113871287,86,83,VIBRATING,Unhealthy for Sensitive Groups
27.8,97.59274603903334,111,160,STABLE,Good
29.0,95.78229488876582,439,552,STABLE,Moderate
28.5,99.04166212528848,582,3803,STABLE,Unhealthy
28.36740745,92.36771763105943,86,77,STABLE,Unhealthy for Sensitive Groups
33.1,96.51325106796713,1251,1683,STABLE,Unhealthy for Sensitive Groups
26.71516049,95.3906293026939,155,4095,STABLE,Unhealthy
29.2,97.42002735647456,104,82,STABLE,Moderate
29.0,98.9984727367771,192,193,STABLE,Good
28.3,95.72908141168097,85,74,STABLE,Unhealthy for Sensitive Groups
26.9,97.34702691175664,1710,1920,STABLE,Unhealthy for Sensitive Groups
30.8,96.3792887202896,1978,2066,STABLE,Unhealthy
28.3,94.01705345239368,3944,3442,STABLE,Unhealthy
28.4,99.01187089217936,2841,2753,STABLE,Unhealthy
29.4,98.41508972934858,2098,824,STABLE,Unhealthy
29.847827,97.12770677335261,69,82,STABLE,Unhealthy
28.22459416,99.14167350255143,85,76,STABLE,Unhealthy for Sensitive Groups
29.02797464,97.91911622397558,46,87,VIBRATING,Unhealthy for Sensitive Groups
30.3,98.84614017221665,1737,1893,STABLE,Unhealthy for Sensitive Groups
24.6,92.57522305942155,1025,966,VIBRATING,Unhealthy for Sensitive Groups
29.2,97.46270608527439,108,86,STABLE,Moderate
30.2,97.12965316679836,614,990,STABLE,Moderate
25.5,98.57132377979225,625,1184,STABLE,Moderate
25.2,93.35660173788197,110,194,STABLE,Good
29.1,96.63295822566587,47,95,STABLE,Unhealthy
27.4,98.20200669821492,446,3048,STABLE,Unhealthy
28.52960688,93.64007722707692,85,79,STABLE,Unhealthy
29.1,97.08602365025222,191,81,STABLE,Moderate
26.6,95.2502538510404,596,1021,STABLE,Moderate
29.6,95.24717405580422,787,574,STABLE,Moderate
30.1,93.4078406120984,69,78,STABLE,Good
28.4,96.98256015807952,2735,366,STABLE,Unhealthy
30.1,96.28731561071605,174,131,STABLE,Good
26.4,97.81162171283093,1001,1702,STABLE,Unhealthy for Sensitive Groups
25.5,94.2380977238031,712,956,STABLE,Unhealthy for Sensitive Groups
28.3,98.46239567413346,86,84,STABLE,Unhealthy for Sensitive Groups
28.2,97.14277233563382,170,82,STABLE,Moderate
30.2,92.94580170481565,663,2916,STABLE,Unhealthy
33.10183206741158,97.63816117016468,3615,384,STABLE,Unhealthy
29.4,96.61542783558049,70,72,STABLE,Moderate
29.0,96.76274572282549,2498,765,STABLE,Unhealthy
32.3,94.86356348674524,51,91,STABLE,Good
29.3,97.62892637070293,75,82,STABLE,Moderate
31.5,98.01949825166226,1433,1124,STABLE,Unhealthy for Sensitive Groups
28.4,98.53067816589702,86,84,STABLE,Unhealthy for Sensitive Groups
27.8,96.18663252583889,415,2755,STABLE,Unhealthy
34.0,98.65402821352222,1114,1718,STABLE,Unhealthy for Sensitive Groups
29.4,98.67547165524446,67,76,STABLE,Moderate
33.7,97.45628627777155,968,1532,STABLE,Unhealthy for Sensitive Groups
29.5,97.71931402924373,1560,983,STABLE,Unhealthy for Sensitive Groups
26.9,99.3397193668207,423,588,STABLE,Moderate
33.9,97.95675969136929,250,183,STABLE,Good
28.3,97.09748755698814,84,70,STABLE,Moderate
31.1,98.99429640710811,2895,969,STABLE,Unhealthy
28.59195883,98.0629850883218,84,4095,STABLE,Unhealthy
25.5,97.24043799432157,2003,657,STABLE,Unhealthy
32.0,98.06477385598465,395,2368,STABLE,Unhealthy
24.9,96.21763907587628,710,526,STABLE,Moderate
26.6,95.48657176387779,561,572,STABLE,Moderate
26.1,97.33750746676192,2945,297,STABLE,Unhealthy
28.3,95.2166901418414,85,69,STABLE,Moderate
28.02522947,96.79560612117113,86,80,STABLE,Unhealthy for Sensitive Groups
24.3,98.07660404986734,874,989,STABLE,Moderate
29.8,99.02996204570857,68,86,STABLE,Moderate
28.8,96.14081630758994,626,583,STABLE,Moderate
30.1,92.52107617132593,727,806,STABLE,Unhealthy for Sensitive Groups
26.7,97.8090959282437,1777,1985,STABLE,Unhealthy for Sensitive Groups
30.64564748749383,96.06270414237189,4095,4095,STABLE,Unhealthy
29.4,96.02830187192137,67,76,STABLE,Moderate
29.9,98.16757819644681,66,80,VIBRATING,Moderate
28.57984031,97.46369397420567,51,124,STABLE,Unhealthy for Sensitive Groups
28.72300463,98.1930640474374,78,80,STABLE,Unhealthy
28.263496,95.78147040750777,86,76,STABLE,Unhealthy for Sensitive Groups
28.9,97.24894389815952,1108,1199,STABLE,Unhealthy for Sensitive Groups
29.3,97.75814507311124,548,820,STABLE,Moderate
26.1,98.60514957925577,1326,1039,VIBRATING,Unhealthy for Sensitive Groups
28.6,96.04611566348967,209,90,STABLE,Moderate
28.46686742,98.9216317039883,74,68,STABLE,Unhealthy for Sensitive Groups
28.0,95.07420498627657,131,34,STABLE,Good
27.0,96.4707453815347,624,277,STABLE,Moderate
28.3,97.8633960722759,2367,260,STABLE,Unhealthy
30.3,95.34711107093946,95,41,STABLE,Good
30.0,97.36363906792351,376,363,STABLE,Moderate
32.4,95.39818504063297,180,180,STABLE,Good
32.9,94.4599420511629,522,951,STABLE,Moderate
24.4,94.15219072659573,3963,3373,STABLE,Unhealthy
28.6,95.77177125672362,229,89,STABLE,Moderate
30.6,97.2639188322129,3147,2268,STABLE,Unhealthy
28.6,96.21080090193296,172,98,STABLE,Moderate
28.6,96.96541865756845,209,106,VIBRATING,Good
30.5,98.48894903620595,258,430,STABLE,Moderate
28.47355572,92.58548740107554,86,78,STABLE,Unhealthy
24.838387209201187,99.6886879952151,4066,587,STABLE,Unhealthy
24.6,97.92825186212907,124,244,STABLE,Good
31.2,97.59467925396685,3809,1867,STABLE,Unhealthy
32.8,96.44873153119343,736,1373,STABLE,Unhealthy for Sensitive Groups
26.7,98.26201001438015,4054,811,STABLE,Unhealthy
27.4,95.8823649186432,191,120,STABLE,Good
30.3,98.6959496987155,463,656,STABLE,Moderate
31.7,96.79388929836765,106,225,STABLE,Good
32.2,96.34172678914528,1152,1626,STABLE,Unhealthy for Sensitive Groups
24.5,96.53961621193218,199,196,VIBRATING,Good
28.8,94.28351737349287,120,33,STABLE,Good
31.5,96.01833601559447,87,60,STABLE,Good
33.6,95.43800046112604,555,454,VIBRATING,Moderate
28.4693362,96.3391760106658,50,122,STABLE,Unhealthy for Sensitive Groups
26.7,94.3913016449718,671,263,STABLE,Moderate
26.4,97.6928507820541,444,92,VIBRATING,Good
28.34596815,96.89632919110335,87,78,STABLE,Unhealthy for Sensitive Groups
30.3,96.98717087404668,75,249,STABLE,Good
30.9,93.94941054473301,750,980,STABLE,Moderate
27.3,98.37419839314903,1665,1458,STABLE,Unhealthy for Sensitive Groups
28.5,97.02147298912794,240,89,STABLE,Moderate
30.5,95.52172507293245,170,104,STABLE,Good
33.3,95.31442026453594,1918,328,STABLE,Unhealthy
30.1,93.21779332719635,3832,147,STABLE,Unhealthy
27.7,95.50835616293827,222,174,STABLE,Good
26.0,97.9496631139957,1307,1653,STABLE,Unhealthy for Sensitive Groups
26.3,97.16460433963685,237,3073,STABLE,Unhealthy
28.4,97.83692751376535,87,83,VIBRATING,Moderate
29.5,96.66863429059036,693,930,VIBRATING,Moderate
33.7,97.28093129721533,3227,59,STABLE,Unhealthy
30.4,98.38856922690802,264,358,STABLE,Moderate
24.2,96.95707320240284,158,194,STABLE,Good
28.5,98.93943486181412,86,82,VIBRATING,Unhealthy for Sensitive Groups
26.3,92.67462754082125,205,64,STABLE,Good
30.6,97.2082929018845,2848,514,STABLE,Unhealthy
25.6,95.13987969042671,103,175,STABLE,Good
29.09184547,98.27589430485054,46,87,STABLE,Unhealthy
26.6,95.35316532231381,113,92,STABLE,Good
26.5,95.48788795394064,783,561,STABLE,Moderate
25.2,96.57631795627924,325,691,STABLE,Moderate
25.79610532672835,96.72476761976493,4095,4095,STABLE,Unhealthy
27.0,95.67187763516539,248,3637,STABLE,Unhealthy
32.7,95.67143040070648,253,279,STABLE,Moderate
31.5,98.54522359071505,1771,1101,STABLE,Unhealthy for Sensitive Groups
28.28720698,93.03849591676918,84,83,STABLE,Unhealthy
27.9,96.88926484734336,65,227,STABLE,Good
24.1,93.78007193014061,747,415,STABLE,Moderate
26.6,95.92212375151101,1466,1338,STABLE,Unhealthy for Sensitive Groups
33.2,97.68928457981647,167,236,STABLE,Good
26.3,96.89479054069069,1653,701,STABLE,Unhealthy for Sensitive Groups
28.2,97.09785414517211,87,87,STABLE,Unhealthy
28.0,98.20367465903416,87,76,STABLE,Moderate
33.8,96.05991612717,907,2106,STABLE,Unhealthy
33.2,95.45219523251525,403,1196,STABLE,Moderate
25.1,96.17543492156246,306,893,STABLE,Moderate
31.9,98.43173367226481,50,60,STABLE,Good
26.9,99.50701059696175,607,2053,STABLE,Unhealthy
33.7,94.50388995243458,37,109,STABLE,Good
24.4,97.34574270503576,406,3905,STABLE,Unhealthy
32.7,99.47792239034484,247,121,STABLE,Good
30.3,95.76762466349584,91,159,STABLE,Good
30.7,96.84979347012896,567,2613,STABLE,Unhealthy
27.3,97.68523194041599,3055,322,STABLE,Unhealthy
28.7,98.51492435356363,94,32,VIBRATING,Good
27.3,94.2435580223591,72,36,STABLE,Good
30.5,98.2478610097808,718,659,VIBRATING,Moderate
29.9,94.62668309451001,68,85,VIBRATING,Moderate
33.3,96.39553055417754,2998,3156,STABLE,Unhealthy
27.8,93.96048901145285,161,83,STABLE,Good
30.4,98.29395420882298,876,420,STABLE,Moderate
27.3,96.97581229744839,498,3834,STABLE,Unhealthy
29.3,97.98747305380246,231,126,STABLE,Good
26.5,98.65952167003472,72,85,STABLE,Good
29.5,98.15891469412178,456,253,STABLE,Moderate
33.8,98.22592439692572,1327,1560,STABLE,Unhealthy for Sensitive Groups
29.1,97.46030983389308,41,77,STABLE,Moderate
25.930893428677606,96.16555855062172,293,4095,STABLE,Unhealthy
26.4,95.6169805846436,3098,3544,STABLE,Unhealthy
27.0,98.19318071133702,2001,664,STABLE,Unhealthy
26.1,94.54977026163718,3993,2018,STABLE,Unhealthy
24.1,98.46811328928683,88,202,STABLE,Good
31.6,95.45577503627554,300,3498,STABLE,Unhealthy
24.9,96.70201009470081,4069,3960,STABLE,Unhealthy
32.5,99.30637741287181,1364,1245,STABLE,Unhealthy for Sensitive Groups
26.3,97.71435158144072,987,3849,STABLE,Unhealthy
29.3,97.57786302264518,660,1172,STABLE,Moderate
24.1,97.53696194791561,2945,833,STABLE,Unhealthy
29.7,96.54382717031888,82,77,VIBRATING,Moderate
28.70460947,98.91938690989141,51,107,VIBRATING,Unhealthy
26.0,95.90000964764431,73,86,STABLE,Good
26.9,97.54781402275876,203,184,STABLE,Good
26.8,97.27522873242808,3971,810,STABLE,Unhealthy
29.0,96.33554331484146,86,71,STABLE,Moderate
24.5,96.44848013109119,851,693,STABLE,Moderate
28.38255871,98.96979144022929,86,79,STABLE,Unhealthy
33.1,97.18320559080945,2404,137,STABLE,Unhealthy
26.4,97.34405871409443,703,331,STABLE,Moderate
32.4,97.5332738701901,31,177,STABLE,Good
28.3,98.00699141506031,87,79,STABLE,Unhealthy for Sensitive Groups
27.7,97.02236538622674,108,46,STABLE,Good
24.1,91.63955968874178,832,478,VIBRATING,Moderate
28.6,96.39087359712423,85,68,STABLE,Moderate
30.06215569,94.90081413075177,68,80,STABLE,Unhealthy
32.4,98.98063280368712,1788,1299,STABLE,Unhealthy for Sensitive Groups
32.8,95.53705423392245,1726,1045,STABLE,Unhealthy for Sensitive Groups
30.5,96.99237128081894,2794,2520,STABLE,Unhealthy
29.3,97.88897959263278,3086,544,STABLE,Unhealthy
28.3,98.63281493763935,86,78,STABLE,Moderate
25.0,97.23471926489097,229,157,STABLE,Good
28.4,99.22575430093036,393,315,STABLE,Moderate
29.2,97.86371665816397,823,886,STABLE,Moderate
28.7,98.28358680757805,478,1173,STABLE,Moderate
27.4,96.50630840326343,611,644,STABLE,Moderate
30.3,97.01133513925345,1469,1559,VIBRATING,Unhealthy for Sensitive Groups
29.9,98.05572425572015,935,2182,STABLE,Unhealthy
29.5,99.43914951712706,188,183,STABLE,Good
31.9,99.41783218570998,102,94,STABLE,Good
33.7,96.30869743788719,3665,125,STABLE,Unhealthy
32.0,98.05844708820406,34,189,VIBRATING,Good
28.9,95.77406908184493,77,82,STABLE,Moderate
29.7,95.29313510558586,83,73,STABLE,Moderate
32.9,95.3219866925009,182,238,STABLE,Good
33.6,96.50132055101986,1561,1187,STABLE,Unhealthy for Sensitive Groups
25.5,98.96865421001517,66,90,STABLE,Good
25.0,94.04570237938468,604,2642,STABLE,Unhealthy
30.8,99.21796351164966,796,936,STABLE,Moderate
28.25573054,97.01671672255046,86,80,STABLE,Unhealthy for Sensitive Groups
29.9,98.43731438938777,71,78,STABLE,Unhealthy for Sensitive Groups
27.5,96.76013391336434,2538,2991,STABLE,Unhealthy
28.2,96.37453769204606,86,74,STABLE,Moderate
32.8,95.08498436720204,598,3220,STABLE,Unhealthy
25.9,95.64058635583386,641,607,STABLE,Moderate
33.2,97.20056284932446,879,342,STABLE,Moderate
28.9,98.27609754559035,181,83,STABLE,Good
25.5,96.83531281214142,181,159,STABLE,Good
33.5,95.80145019456322,1014,823,STABLE,Unhealthy for Sensitive Groups
29.09047385,93.33038111173221,47,92,STABLE,Unhealthy
32.0,98.11955280806316,2582,431,STABLE,Unhealthy
26.6,98.84059371531251,2835,2625,STABLE,Unhealthy
30.8,97.68879148746714,567,255,STABLE,Moderate
32.1,98.10241284902264,1106,800,STABLE,Unhealthy for Sensitive Groups
26.22888770898427,96.28462585589975,572,2557,STABLE,Unhealthy
32.0,96.44262815657841,1921,724,STABLE,Unhealthy
28.4,96.92325337184133,86,75,VIBRATING,Moderate
32.0,97.7112655797394,833,1070,STABLE,Moderate
32.5,92.87367106179892,1672,724,STABLE,Unhealthy for Sensitive Groups
29.49382828,98.65665844643368,69,79,STABLE,Unhealthy for Sensitive Groups
25.5,97.76632759778771,774,843,STABLE,Unhealthy for Sensitive Groups
27.0,96.98450803231987,984,2166,STABLE,Unhealthy
31.0,97.01659288381423,1914,744,STABLE,Unhealthy
33.5,97.09817996820315,1303,1889,STABLE,Unhealthy for Sensitive Groups
25.2,98.03755729916018,73,92,STABLE,Good
29.14666877,96.35774645066834,47,90,STABLE,Unhealthy
32.99081021,93.62287711974088,92,59,STABLE,Good
25.2,96.63048781249137,1528,1896,STABLE,Unhealthy for Sensitive Groups
31.7,98.18321339770674,271,745,STABLE,Moderate
31.7,98.67166651913806,1601,1384,STABLE,Unhealthy for Sensitive Groups
31.0,95.4539458253273,1510,1776,STABLE,Unhealthy for Sensitive Groups
30.1,96.70239704189535,667,3505,STABLE,Unhealthy
28.54800155,97.01568759761051,81,80,STABLE,Unhealthy
26.4,96.78269751982019,1412,933,STABLE,Unhealthy for Sensitive Groups
24.1,96.64427047775874,545,380,STABLE,Moderate
24.808015792750595,98.84585077349968,4095,340,STABLE,Unhealthy
25.7,95.78997961477232,496,1124,STABLE,Moderate
30.1,96.3045483539178,3760,1129,STABLE,Unhealthy
28.40559835,94.63974554331314,86,80,STABLE,Unhealthy for Sensitive Groups
28.4,97.51367298404253,531,672,STABLE,Moderate
24.5,97.87406708841341,59,113,STABLE,Good
25.8,95.79617843875343,3416,3048,STABLE,Unhealthy
31.9,97.03113044335177,77,61,STABLE,Good
30.1,95.82614353199307,67,82,STABLE,Moderate
28.7,96.6388624793977,79,94,STABLE,Moderate
25.4,97.0143954373043,65,89,STABLE,Good
24.6,99.60282104031839,470,3874,STABLE,Unhealthy
32.3,97.76006143936885,150,142,STABLE,Good
29.0270793,99.19666610918603,48,89,VIBRATING,Unhealthy
28.56028996,99.08393892041879,94,85,STABLE,Unhealthy for Sensitive Groups
28.66524114,98.80069692569462,86,82,VIBRATING,Unhealthy for Sensitive Groups
32.4,97.06089406515937,243,187,STABLE,Good
24.9,97.91129597420328,164,94,STABLE,Good
27.908291540781676,99.58241099591947,4095,4095,STABLE,Unhealthy
28.24809038,97.27589466559178,86,76,VIBRATING,Unhealthy for Sensitive Groups
32.680122360147266,97.51702051490909,965,4095,STABLE,Unhealthy
25.98611728,96.40288309000157,73,85,STABLE,Good
28.62700026,98.99672368854216,48,4095,STABLE,Unhealthy
28.9,97.64236474942638,721,429,STABLE,Moderate
33.7,97.65292161439373,3897,3327,STABLE,Unhealthy
32.6,97.84774656668928,2113,205,STABLE,Unhealthy
32.7,97.52066686433656,328,955,STABLE,Moderate
30.0,98.1211510046203,708,649,STABLE,Moderate
30.3,99.13084870921888,1608,1744,STABLE,Unhealthy for Sensitive Groups
28.31193601,96.93052251540045,86,82,VIBRATING,Unhealthy
24.1,97.20051657667851,214,3544,STABLE,Unhealthy
26.2,96.95695969152708,708,474,STABLE,Moderate
28.3,99.24977332642501,54,133,STABLE,Unhealthy for Sensitive Groups
28.40797617,93.97790860483417,85,4095,STABLE,Unhealthy
25.4,97.02869291197364,889,762,STABLE,Moderate
32.6,95.80650243621797,806,273,STABLE,Moderate
25.6,97.60569340103983,72,91,VIBRATING,Good
29.4,96.1231387721402,74,69,STABLE,Moderate
29.1,98.16403206063913,1565,1108,VIBRATING,Unhealthy for Sensitive Groups
28.46709826,98.73424983145189,86,77,STABLE,Unhealthy
28.31981714,93.79054215994215,86,84,VIBRATING,Unhealthy for Sensitive Groups
31.8,96.11250536275828,294,2847,STABLE,Unhealthy
32.2,91.80160716528401,1888,4086,STABLE,Unhealthy
27.73264399,96.23200193092971,103,4095,VIBRATING,Unhealthy
30.1,99.40296234266923,61,3344,STABLE,Unhealthy
25.6,98.10656353987129,1833,2323,VIBRATING,Unhealthy
30.6,97.18287580427223,2806,757,STABLE,Unhealthy
33.0,96.41725780009486,219,103,STABLE,Good
28.3,97.811709048029,85,80,STABLE,Unhealthy for Sensitive Groups
29.3,97.51169181118667,175,100,STABLE,Good
28.3,92.1762309837315,53,113,STABLE,Unhealthy for Sensitive Groups
29.17812921,95.00357367601711,71,72,STABLE,Unhealthy for Sensitive Groups
33.7,97.80734852763295,198,102,STABLE,Good
31.3,97.29142405645705,3387,812,STABLE,Unhealthy
30.5,94.72089174009716,64,8,STABLE,Moderate
29.9,94.08169541978901,1824,3971,STABLE,Unhealthy
30.8,95.60959262782616,3513,964,STABLE,Unhealthy
29.3,97.65840215084881,3367,2647,STABLE,Unhealthy
30.3,96.73846787730623,1584,1174,STABLE,Unhealthy for Sensitive Groups
33.7,96.43720969160061,1066,736,STABLE,Unhealthy for Sensitive Groups
31.8,97.23930792215074,489,659,STABLE,Moderate
32.2,99.2970500448236,4062,2560,STABLE,Unhealthy
25.0,95.79717801562806,309,1054,STABLE,Moderate
30.1,96.88464471613361,879,504,STABLE,Moderate
26.1,97.46624845272973,222,213,STABLE,Good
31.6,98.90540353460631,181,181,STABLE,Good
30.7,96.51937655366886,884,1290,STABLE,Unhealthy for Sensitive Groups
28.1,96.47050652684867,90,79,STABLE,Good
26.7,93.24769599923343,1230,1148,STABLE,Unhealthy for Sensitive Groups
25.53482179,97.65228235555027,72,85,VIBRATING,Good
26.6,94.2971795722452,44,93,STABLE,Good
25.3,95.75106986019595,941,2202,STABLE,Unhealthy
28.5,97.76267360484432,86,68,STABLE,Moderate
30.8,99.0267066044608,2257,92,STABLE,Unhealthy
28.4,96.12914218338281,317,946,STABLE,Moderate
24.2,98.12512453036399,3689,2957,STABLE,Unhealthy
28.6,97.47377053011655,952,1406,STABLE,Unhealthy for Sensitive Groups
24.7,93.61812240458543,145,147,VIBRATING,Good
27.1,96.45859301573891,945,1170,STABLE,Unhealthy for Sensitive Groups
29.76381221,96.73776061398743,68,75,STABLE,Unhealthy
29.04111596,99.06924696136278,46,87,STABLE,Unhealthy for Sensitive Groups
30.4,98.18155846854549,67,82,VIBRATING,Moderate
30.1,97.55438123241356,3503,899,STABLE,Unhealthy
27.5,96.65672621966499,593,1116,STABLE,Moderate
30.2,98.73532567289156,70,77,STABLE,Moderate
29.14053102,98.40555505734272,47,95,STABLE,Unhealthy
27.7,96.7647213387532,154,197,STABLE,Good
26.6,96.17586474061665,3677,925,STABLE,Unhealthy
28.87764572,95.18615964634638,80,82,VIBRATING,Unhealthy for Sensitive Groups
28.3,99.11551113940112,1128,1364,STABLE,Unhealthy for Sensitive Groups
28.0,99.1532708915618,3656,3480,STABLE,Unhealthy
27.84551792,98.56305010291481,95,4095,VIBRATING,Unhealthy
29.9,95.7970316366931,296,927,STABLE,Moderate
28.9,92.47601657876173,107,87,STABLE,Moderate
28.32423569,96.30918658593713,86,81,STABLE,Unhealthy
25.3,99.29347537113595,899,543,STABLE,Moderate
28.44275722,97.20955750614175,85,4095,STABLE,Unhealthy
24.5,97.79120957026187,2223,715,STABLE,Unhealthy
32.7,95.77181245206042,856,1128,STABLE,Moderate
28.1,98.57450237521181,173,94,STABLE,Moderate
32.8,94.69826614764987,3563,643,STABLE,Unhealthy
28.68902348,98.07998420846434,86,83,STABLE,Unhealthy for Sensitive Groups
30.324399543496074,97.70183978229011,712,3052,STABLE,Unhealthy
31.0,95.97893092008515,528,2566,STABLE,Unhealthy
25.6,97.82612368666415,4088,796,STABLE,Unhealthy
24.9,99.33634501548768,1461,989,STABLE,Unhealthy for Sensitive Groups
25.8,96.1793497501019,698,617,STABLE,Moderate
33.7,96.30259388996308,102,185,STABLE,Good
31.5,97.82721953327123,67,135,STABLE,Good
33.3,95.40298230525624,774,911,STABLE,Moderate
29.9,97.21131186510821,70,95,STABLE,Moderate
26.6,97.64633134847307,420,2884,STABLE,Unhealthy
33.4,98.85278933243973,960,1205,STABLE,Unhealthy for Sensitive Groups
26.266378808157015,99.3340014829842,584,4095,STABLE,Unhealthy
33.3,98.8038486013011,96,59,STABLE,Good
28.9,97.27057714854972,54,98,STABLE,Good
25.6,94.5228711608501,572,409,STABLE,Moderate
28.5,97.72728181085593,1667,1822,STABLE,Unhealthy for Sensitive Groups
32.8,97.30077743204323,92,59,STABLE,Good
32.8,99.27277132421031,1000,1198,STABLE,Unhealthy for Sensitive Groups
29.4,95.23594314472862,764,3844,STABLE,Unhealthy
29.6,95.08568823920817,53,122,STABLE,Good
28.8,95.74729639448996,3728,1432,STABLE,Unhealthy
26.8,94.90550839569465,3956,959,STABLE,Unhealthy
29.2,95.79523110337195,201,88,VIBRATING,Moderate
31.9,98.10497358744433,1492,823,STABLE,Unhealthy for Sensitive Groups
26.7,96.18091747600923,152,81,STABLE,Good
29.0,95.96444876650344,3191,2080,STABLE,Unhealthy
26.3,97.91769598213,159,128,STABLE,Good
26.6,97.91270133676942,227,177,STABLE,Good
31.8,99.31958412161293,400,810,STABLE,Moderate
30.6,94.63633991998911,1175,1117,STABLE,Unhealthy for Sensitive Groups
27.5,97.87323625322868,89,77,STABLE,Moderate
30.2,97.57384362017282,67,86,STABLE,Unhealthy
29.01883491,97.7743679814857,48,93,VIBRATING,Unhealthy
30.1,97.05454402812404,445,3057,STABLE,Unhealthy
31.4,96.9243012655115,716,582,VIBRATING,Moderate
27.8,92.55225882754904,725,2309,STABLE,Unhealthy
28.53094398,99.23766516352859,85,84,STABLE,Unhealthy for Sensitive Groups
30.3,93.38560685335136,2752,4083,STABLE,Unhealthy
28.8,96.78751798432793,83,69,STABLE,Moderate
30.7,98.69618457660997,2066,636,STABLE,Unhealthy
28.39706056,97.66183624717867,73,71,STABLE,Unhealthy for Sensitive Groups
29.2,96.43524653908831,702,284,STABLE,Moderate
29.0,99.43802707551751,47,90,STABLE,Unhealthy
25.6,99.04889581704725,3620,333,STABLE,Unhealthy
33.8,98.99628723558115,174,49,STABLE,Good
28.9,96.50878215279258,69,89,STABLE,Good
27.0,95.35382882341466,207,174,STABLE,Good
26.2,96.94577254621538,1110,1180,STABLE,Unhealthy for Sensitive Groups
31.3,93.93587460209532,534,688,STABLE,Moderate
28.5,98.51178696870448,441,404,STABLE,Moderate
32.7,98.30043737841719,3917,2734,STABLE,Unhealthy
34.0,98.49613675426662,143,211,STABLE,Good
28.5,96.98588623412292,86,82,STABLE,Moderate
28.3,95.82820989815947,179,101,STABLE,Moderate
25.7,98.96828421162597,240,171,STABLE,Good
28.3,98.09104510188965,85,75,STABLE,Unhealthy for Sensitive Groups
28.29229256,97.50496509035742,86,81,STABLE,Unhealthy for Sensitive Groups
25.96432882,96.40601215006124,72,86,STABLE,Good
27.7,99.68052633396574,247,137,VIBRATING,Good
28.3,94.44150858323428,86,75,VIBRATING,Unhealthy
32.4,94.04924854081925,769,1826,STABLE,Unhealthy for Sensitive Groups
28.7,95.93932188143837,748,1684,STABLE,Unhealthy for Sensitive Groups
25.9,94.40658044415909,887,485,VIBRATING,Moderate
27.6,94.7805725977301,161,172,STABLE,Good
28.41188142,95.04271166940617,86,83,STABLE,Unhealthy for Sensitive Groups
27.6,99.25769257133712,335,1072,VIBRATING,Moderate
32.6,99.71809052160242,339,426,STABLE,Moderate
32.0,94.63367605440882,987,2527,STABLE,Unhealthy
28.4,96.98581452104625,2217,741,STABLE,Unhealthy
27.3,99.4213238237185,120,211,STABLE,Good
32.1,95.85004926782737,57,86,STABLE,Good
33.5,99.06704638460938,1200,1292,STABLE,Unhealthy for Sensitive Groups
34.0,98.95539632070431,97,59,STABLE,Good
26.75536476,96.73124800535082,151,4095,STABLE,Unhealthy
32.7,96.3577314673983,1263,1934,STABLE,Unhealthy for Sensitive Groups
32.8,97.8933859721852,3879,3571,STABLE,Unhealthy
26.4,97.44636601003927,3803,3883,STABLE,Unhealthy
26.6,99.58868276712651,1683,1953,STABLE,Unhealthy for Sensitive Groups
27.7,97.9695341196111,422,2542,STABLE,Unhealthy
29.3,98.46563759672641,60,149,STABLE,Good
29.60890728,98.96993814209002,94,78,STABLE,Good
28.5,98.19810329970497,1181,1490,STABLE,Unhealthy for Sensitive Groups
28.2,96.01658059905897,4011,3785,STABLE,Unhealthy
28.20225424,97.69287261934615,86,75,STABLE,Unhealthy for Sensitive Groups
26.7,95.49780636248755,943,1789,STABLE,Unhealthy for Sensitive Groups
29.4,97.39537280859948,94,79,STABLE,Good
26.4,97.23965318105483,219,53,STABLE,Good
33.8,98.63028380921186,761,966,STABLE,Moderate
28.7,94.983892587511,190,82,STABLE,Moderate
28.3,96.37879787493004,284,3697,STABLE,Unhealthy
29.5,96.2291558176981,3162,40,STABLE,Unhealthy
24.2,96.4876641786553,3383,682,STABLE,Unhealthy
28.3,94.71883146830702,3820,111,STABLE,Unhealthy
31.0,97.25412692363716,219,3796,STABLE,Unhealthy
28.5,98.41860030795914,85,82,STABLE,Moderate
30.09414648,99.20946651330519,96,58,VIBRATING,Good
28.1,95.33721475467674,339,524,STABLE,Moderate
32.8,96.35145872077733,665,4052,STABLE,Unhealthy
29.3,97.99524331605004,839,2170,STABLE,Unhealthy
27.385792239404076,99.53760685945788,4095,72,STABLE,Unhealthy
28.34718121,96.80049283687056,86,76,STABLE,Unhealthy
28.2,99.28910043688079,1423,1257,STABLE,Unhealthy for Sensitive Groups
27.7,96.70854525293142,34,205,VIBRATING,Good
26.8,97.11756736457608,1475,1403,STABLE,Unhealthy for Sensitive Groups
33.6,97.54787257681267,129,214,STABLE,Good
30.0,96.74577585448229,3413,295,STABLE,Unhealthy
26.6,97.09178136516505,64,94,STABLE,Good
31.5,97.89749509527736,1098,1617,STABLE,Unhealthy for Sensitive Groups
27.8,94.47080209034779,416,1144,STABLE,Moderate
33.4,98.66083348076313,78,194,STABLE,Good
29.3971452,99.32020279025855,53,91,STABLE,Unhealthy
27.6,96.79790652172623,1770,1120,STABLE,Unhealthy for Sensitive Groups
32.9,95.27172880644859,751,2304,STABLE,Unhealthy
28.3,97.18592195564561,80,78,STABLE,Moderate
28.4,96.65545586425249,83,77,STABLE,Moderate
28.3,94.71708039775173,3294,537,STABLE,Unhealthy
29.4,95.44282472734758,94,79,STABLE,Good
30.6,97.89645472724409,63,3,VIBRATING,Moderate
28.54183998,93.59156222970866,86,81,STABLE,Unhealthy
32.0,98.61822860228075,85,127,STABLE,Good
33.8,94.78661490008788,247,100,STABLE,Good
29.09786313,98.18982437367742,46,92,STABLE,Unhealthy
28.3,98.35000763950708,173,93,STABLE,Moderate
29.6,97.09955846680413,67,76,STABLE,Moderate
27.6,96.09934605198973,429,2019,STABLE,Unhealthy
29.6,97.82562771263224,1471,1889,STABLE,Unhealthy for Sensitive Groups
32.6,98.66131514824849,843,1082,STABLE,Unhealthy for Sensitive Groups
28.98407126,94.03034758861807,46,88,STABLE,Unhealthy
26.9,95.97099000356172,1482,1907,VIBRATING,Unhealthy for Sensitive Groups
33.9,97.8733346592758,1076,1142,STABLE,Unhealthy for Sensitive Groups
28.35198415,92.62991350270393,86,83,STABLE,Unhealthy for Sensitive Groups
28.3,97.60800212745153,3669,2932,STABLE,Unhealthy
24.7,98.67653846301513,619,317,STABLE,Moderate
28.3,96.79040449407817,73,70,STABLE,Unhealthy for Sensitive Groups
29.96722795,97.17151473201068,67,82,STABLE,Unhealthy
29.6,98.89884264193512,3329,416,STABLE,Unhealthy
26.25073819,97.87941321445325,63,94,VIBRATING,Good
29.2,97.85960453324492,3970,1056,STABLE,Unhealthy
29.0,97.06443670849903,40,80,STABLE,Moderate
26.6,97.8101580482572,753,579,STABLE,Moderate
32.9,96.2436695872452,76,3582,STABLE,Unhealthy
28.6,96.11405462276218,216,3682,STABLE,Unhealthy
26.9,97.64790740735478,3575,3239,STABLE,Unhealthy
33.6,97.35373629395271,127,130,STABLE,Good
28.11360199,98.48998800498902,86,83,VIBRATING,Unhealthy for Sensitive Groups
29.3,98.19549518475458,659,387,STABLE,Moderate
30.1,96.23585602343054,161,218,STABLE,Good
29.1,99.18977891817096,841,1143,STABLE,Moderate
25.5,99.55820218161554,210,42,STABLE,Good
25.621053425750763,99.7108670972484,4095,4095,STABLE,Unhealthy
25.9,94.4154239968279,3928,134,STABLE,Unhealthy
29.2,95.59765711710271,88,75,STABLE,Moderate
28.9,96.69079838166259,47,91,STABLE,Unhealthy
26.2,95.3114406544928,822,3051,STABLE,Unhealthy
28.32563329,98.4054694522714,87,85,STABLE,Unhealthy for Sensitive Groups
25.3,96.94427484266122,88,161,STABLE,Good
27.142492242438117,96.3708028928242,3591,954,STABLE,Unhealthy
33.5,96.60954948713436,2905,149,STABLE,Unhealthy
24.6,94.76341853621611,179,2200,VIBRATING,Unhealthy
34.0,95.72730814882769,97,59,STABLE,Good
29.4,96.0692145590878,76,70,STABLE,Moderate
31.5,98.07234551630387,1508,1583,STABLE,Unhealthy for Sensitive Groups
26.7,94.94706493014675,1346,1989,STABLE,Unhealthy for Sensitive Groups
30.398252038233387,96.52897854585773,3813,610,STABLE,Unhealthy
30.1,94.25572907093452,56,4090,STABLE,Unhealthy
30.6,98.51484324383645,2433,2732,STABLE,Unhealthy
25.3,94.9143745735157,537,741,STABLE,Moderate
27.5,99.52289289865256,3805,3676,STABLE,Unhealthy
27.8,98.5358376520759,723,1965,STABLE,Unhealthy for Sensitive Groups
24.000382375753688,97.78838598218424,806,4095,STABLE,Unhealthy
30.7,97.37076773167088,823,356,STABLE,Moderate
28.4,96.24775715639872,3268,836,STABLE,Unhealthy
27.4,97.37541313590812,1366,1124,STABLE,Unhealthy for Sensitive Groups
28.8,98.1480361733686,83,67,STABLE,Moderate
28.45938831,97.37208593547476,85,81,STABLE,Unhealthy
30.1,96.66337378293915,96,58,VIBRATING,Good
29.1,98.37027680656314,3475,849,STABLE,Unhealthy
29.0,96.851724005938,47,87,STABLE,Unhealthy for Sensitive Groups
32.1,98.20296234135014,208,190,STABLE,Good
26.8,98.84444985757385,38,93,STABLE,Good
29.1,96.82064460697414,47,93,STABLE,Unhealthy
33.1,97.4247318674257,455,1020,STABLE,Moderate
24.2,98.1805681748266,2998,2462,VIBRATING,Unhealthy
25.6,98.91372617240468,66,89,STABLE,Good
28.4436098,98.36265320801645,53,132,VIBRATING,Unhealthy for Sensitive Groups
25.77179654,95.35390707665864,72,85,STABLE,Good
31.0,94.42653441836589,1654,1622,STABLE,Unhealthy for Sensitive Groups
29.0,96.71782224136918,79,83,STABLE,Moderate
24.2,97.74953875824401,1853,768,STABLE,Unhealthy
28.7,95.77736065107372,859,1091,STABLE,Moderate
27.0,97.37039126196917,1050,1488,STABLE,Unhealthy for Sensitive Groups
33.6,98.23673548637318,209,2565,STABLE,Unhealthy
25.39151623,98.2920780233229,65,89,STABLE,Good
32.4,97.44538425310506,202,53,STABLE,Good
26.8,98.14609942512334,2947,2650,STABLE,Unhealthy
24.1,98.00725812259762,126,197,STABLE,Good
31.1,96.76705591899274,2651,775,STABLE,Unhealthy
32.7,94.94458445637315,120,105,STABLE,Good
29.6,96.52488865752228,332,2147,STABLE,Unhealthy
25.1,94.77349459995226,802,2526,STABLE,Unhealthy
30.9,97.94120255193582,108,65,STABLE,Good
28.44510803,94.32089244877491,86,81,STABLE,Unhealthy
26.6,97.92935025617898,2328,868,STABLE,Unhealthy
31.4,95.70489806877845,272,1015,STABLE,Moderate
32.4,99.24418058771676,106,217,STABLE,Good
28.4,96.75324508799628,86,76,STABLE,Unhealthy
32.0,95.5554629339279,2917,235,STABLE,Unhealthy
32.0,97.65119015160866,82,208,STABLE,Good
27.2,92.42589057413971,1402,877,STABLE,Unhealthy for Sensitive Groups
33.2,97.07508391454634,114,202,STABLE,Good
29.0,95.7125089096266,47,87,VIBRATING,Unhealthy
29.9,96.03972758217182,2527,2391,STABLE,Unhealthy
31.6,96.77801050054276,2914,498,STABLE,Unhealthy
28.8,97.16982669116648,213,3309,STABLE,Unhealthy
27.2,98.10450966512839,1971,234,STABLE,Unhealthy
32.4,99.7163419028567,1141,1440,STABLE,Unhealthy for Sensitive Groups
32.2,96.71358873567367,1630,1845,STABLE,Unhealthy for Sensitive Groups
26.7,95.4607004196712,712,980,STABLE,Moderate
30.0,96.33304563885721,1557,1221,STABLE,Unhealthy for Sensitive Groups
25.2,96.6923921787531,1168,810,STABLE,Unhealthy for Sensitive Groups
30.23793057,96.04648231510355,69,111,STABLE,Unhealthy for Sensitive Groups
32.2,99.27620212492185,2036,625,STABLE,Unhealthy
28.4,97.84556948266865,1333,1687,STABLE,Unhealthy for Sensitive Groups
28.4,98.55493992084762,181,102,STABLE,Moderate
32.3,98.78596630462448,205,197,STABLE,Good
34.0,99.2180525723674,3213,238,STABLE,Unhealthy
33.0,97.72227189715713,38,236,STABLE,Good
30.4,94.49398620695945,2129,508,STABLE,Unhealthy
32.8,97.0671871365493,160,236,STABLE,Good
28.3672001,98.73070322706945,83,81,STABLE,Unhealthy
29.5,99.55207876632738,67,77,STABLE,Good
29.0,94.83548996555582,4052,1730,STABLE,Unhealthy
29.1,97.73783677077387,560,2722,STABLE,Unhealthy
29.6,96.64395476161101,1527,1455,STABLE,Unhealthy for Sensitive Groups
26.50241479,98.70109744001917,44,92,STABLE,Good
33.8,97.11488534345555,85,2998,STABLE,Unhealthy
32.7,94.92995274375406,97,108,STABLE,Good
25.7,99.27169960164677,91,2036,STABLE,Unhealthy
29.8,96.75392314621799,66,80,STABLE,Moderate
30.7,98.06394740107207,3900,2741,STABLE,Unhealthy
24.6,98.58105464796229,1725,1414,STABLE,Unhealthy for Sensitive Groups
27.2,95.77240441742285,209,218,VIBRATING,Good
25.6,96.58830246924805,3489,785,STABLE,Unhealthy
30.3,97.70342820052258,67,82,STABLE,Moderate
29.0,96.62154012632159,2410,2889,STABLE,Unhealthy
29.357129712858168,96.74673248562846,4095,4095,STABLE,Unhealthy
24.4,95.03618192249841,246,62,STABLE,Good
24.9,97.7951816439513,196,228,STABLE,Good
26.9,98.75569953026105,33,30,STABLE,Good
29.7,97.62226841905026,66,77,STABLE,Moderate
27.1,97.8580920614255,363,989,STABLE,Moderate
30.3,97.22749981123164,3019,3982,STABLE,Unhealthy
29.8,96.0227810459734,66,77,VIBRATING,Moderate
25.3,93.82215563614307,1617,1299,STABLE,Unhealthy for Sensitive Groups
31.0,94.99575286466904,3439,4044,STABLE,Unhealthy
29.0,99.22459491326288,104,117,STABLE,Good
31.9,98.66864551584506,115,198,STABLE,Good
31.9,97.48431424577268,168,204,STABLE,Good
33.75065731850519,96.82812126189582,277,4095,STABLE,Unhealthy
27.9,96.62565633792792,90,79,STABLE,Moderate
32.8,97.1147931906659,111,162,STABLE,Good
31.1,95.23906534267854,470,264,STABLE,Moderate
28.70361434,98.71924264248403,83,4095,VIBRATING,Unhealthy
27.8,99.578377401916,1621,1762,STABLE,Unhealthy for Sensitive Groups
28.7,94.06982973527688,1566,1730,STABLE,Unhealthy for Sensitive Groups
27.7,97.34786407646567,599,744,STABLE,Moderate
27.6,97.07534307885997,3672,2037,STABLE,Unhealthy
30.1,97.61385819114457,340,640,STABLE,Moderate
29.19277845,96.9071440530645,112,83,VIBRATING,Unhealthy for Sensitive Groups
32.9,95.64944748232186,724,1120,STABLE,Moderate
30.5,95.83628282150956,3317,180,STABLE,Unhealthy
28.4,98.49158818041671,117,183,STABLE,Good
25.6,99.59042730368401,1434,738,STABLE,Unhealthy for Sensitive Groups
29.4,97.43670582805599,1608,1544,STABLE,Unhealthy for Sensitive Groups
28.30332522,97.14033165569239,86,84,STABLE,Unhealthy for Sensitive Groups
28.6,97.35567631389816,81,97,VIBRATING,Moderate
31.2,99.0647297917741,893,1160,STABLE,Moderate
28.33836123,94.36872943624223,86,84,STABLE,Unhealthy for Sensitive Groups
28.0,96.92177186138923,496,946,STABLE,Moderate
24.0,95.96774000370209,3584,430,STABLE,Unhealthy
29.1,96.73839585185394,1100,1626,STABLE,Unhealthy for Sensitive Groups
28.63883876,94.03268103124597,68,84,STABLE,Unhealthy
28.3,97.40720808618396,76,70,VIBRATING,Moderate
29.8,94.52981384559511,70,72,STABLE,Moderate
31.3,97.38778766280406,87,60,VIBRATING,Good
30.8,98.53690552660723,2556,3082,STABLE,Unhealthy
32.8,94.82908586062125,378,347,STABLE,Moderate
31.3,95.57262234410784,96,45,STABLE,Good
29.83423871,97.18340832324942,94,78,STABLE,Good
33.8,96.94496958316856,912,733,STABLE,Unhealthy for Sensitive Groups
28.5,96.96920525083404,184,81,STABLE,Moderate
28.0,95.8784536278075,151,96,STABLE,Moderate
29.0,97.11191854163246,46,87,STABLE,Unhealthy for Sensitive Groups
25.5,98.91863866901909,3759,3139,STABLE,Unhealthy
33.7,97.2237050860313,621,937,STABLE,Moderate
26.0,96.67816557431203,71,90,VIBRATING,Good
24.8,97.93478028073007,2250,2451,STABLE,Unhealthy
30.3,98.03085944575649,1630,1253,VIBRATING,Unhealthy for Sensitive Groups
32.1,98.00995442184853,1516,999,STABLE,Unhealthy for Sensitive Groups
28.9,98.73926510121369,2351,927,STABLE,Unhealthy
33.2,97.45259877471662,155,64,STABLE,Good
27.1,95.99323363675327,1272,1527,VIBRATING,Unhealthy for Sensitive Groups
33.0,94.95954897983225,166,250,STABLE,Good
25.9,98.27575881296218,973,1731,STABLE,Unhealthy for Sensitive Groups
28.9,94.67025977542997,106,92,STABLE,Moderate
33.9,95.66398383039618,98,60,VIBRATING,Good
32.0,99.40563598129958,890,419,STABLE,Moderate
26.5,94.97353696788535,3642,667,STABLE,Unhealthy
32.2,95.8856919458095,1034,1715,STABLE,Unhealthy for Sensitive Groups
33.2,97.62733338348322,96,59,STABLE,Good
28.7,96.54084387961173,138,186,STABLE,Good
27.2,96.75479187289503,708,404,STABLE,Moderate
33.7,96.90274653575416,479,354,STABLE,Moderate
28.5,97.94605694181644,85,84,STABLE,Unhealthy for Sensitive Groups
27.7,96.279245705606,3975,1220,STABLE,Unhealthy
32.6,98.31225162970493,935,2773,STABLE,Unhealthy
33.5,97.83214878789146,270,863,STABLE,Moderate
30.7,95.6296448693298,365,537,STABLE,Moderate
32.5,95.66094708151351,1302,1797,STABLE,Unhealthy for Sensitive Groups
27.2,98.72037056854025,3841,1768,STABLE,Unhealthy
28.2,94.07162168995212,641,637,STABLE,Moderate
28.4,96.84230756615736,76,72,STABLE,Moderate
29.5,96.57110932147778,67,78,STABLE,Good
28.3,97.83729705498867,81,80,STABLE,Moderate
30.5,98.36061989073359,548,2116,STABLE,Unhealthy
29.4,95.00448456059154,924,3600,STABLE,Unhealthy
24.6,94.1285564854361,194,115,STABLE,Good
27.7,95.55711780418967,1679,1718,STABLE,Unhealthy for Sensitive Groups
30.4,95.82916033854445,1582,1045,STABLE,Unhealthy for Sensitive Groups
25.7,94.62865210376292,127,2824,STABLE,Unhealthy
31.9,96.8033104112348,563,781,STABLE,Moderate
28.52515058,98.03356168918789,51,4095,VIBRATING,Unhealthy
33.2,96.65893580615216,297,2584,STABLE,Unhealthy
24.7,97.07614479834585,2847,595,VIBRATING,Unhealthy
27.6,97.58120379151323,245,36,STABLE,Good
29.1,98.84002519956195,47,93,STABLE,Unhealthy
31.5,97.82441690596431,950,2409,STABLE,Unhealthy
26.8,95.72361423828409,118,184,STABLE,Good
26.1,97.89222629854801,3281,803,STABLE,Unhealthy
34.0,98.81743107437015,3524,4067,STABLE,Unhealthy
30.5,96.95049411093171,3778,3854,STABLE,Unhealthy
31.8,99.37971347195588,255,869,STABLE,Moderate
31.5,97.69114072823015,3470,308,STABLE,Unhealthy
26.2,97.69075122747759,72,86,STABLE,Good
24.8,98.8618792566202,921,1858,STABLE,Unhealthy for Sensitive Groups
26.3,94.46229975672524,48,2560,STABLE,Unhealthy
31.2,96.39453009935094,3513,824,STABLE,Unhealthy
30.9,98.27997398223326,2415,3726,STABLE,Unhealthy
25.5,93.5483738081549,1786,1546,STABLE,Unhealthy for Sensitive Groups
33.3,98.6306934988895,96,86,STABLE,Good
31.6,97.11634386845898,1724,1612,STABLE,Unhealthy for Sensitive Groups
26.0,95.33084762110667,2854,3885,STABLE,Unhealthy
31.9,95.24998161010444,3583,812,STABLE,Unhealthy
25.0,97.78597547009306,931,787,STABLE,Unhealthy for Sensitive Groups
28.33011541,98.98814521828574,85,75,STABLE,Unhealthy
24.2,95.88132795012092,3397,860,STABLE,Unhealthy
31.3,96.6728646284787,3737,2007,STABLE,Unhealthy
24.5,98.37311085280702,673,609,STABLE,Moderate
27.822930818504226,96.0255086303744,941,2116,STABLE,Unhealthy
33.6,96.20606974120032,270,569,STABLE,Moderate
33.3,97.98896510753862,3189,3068,STABLE,Unhealthy
29.4,93.4845911696552,929,2919,STABLE,Unhealthy
27.7,97.30576783838752,129,2669,STABLE,Unhealthy
32.0,97.12563361576593,340,893,STABLE,Moderate
26.4,97.94911274660879,739,1697,STABLE,Unhealthy for Sensitive Groups
33.6,99.15860745676716,1592,1707,STABLE,Unhealthy for Sensitive Groups
32.9,95.54621392655967,221,205,STABLE,Good
29.4,96.49666686800117,1719,1955,STABLE,Unhealthy for Sensitive Groups
24.8,98.81637954933885,762,1031,STABLE,Moderate
27.2,96.56910375938973,124,186,VIBRATING,Good
32.8,99.0058567560255,1780,1815,STABLE,Unhealthy for Sensitive Groups
28.76549561581281,99.15918899255712,463,4095,STABLE,Unhealthy
27.9,99.5653047076651,842,799,STABLE,Moderate
29.5,97.96790839222741,2393,174,STABLE,Unhealthy
30.24657578,96.36997558603602,70,112,STABLE,Unhealthy for Sensitive Groups
29.5,94.5625535190823,73,82,VIBRATING,Moderate
28.8,98.3661746245649,3970,980,VIBRATING,Unhealthy
30.2,98.71904700352975,3881,493,STABLE,Unhealthy
29.5,94.90444895838428,3421,2482,STABLE,Unhealthy
31.1,97.68346895024229,115,197,STABLE,Good
33.6,96.03236762646412,98,59,STABLE,Good
29.2,91.96503547876301,834,3350,STABLE,Unhealthy
28.4,98.34875505803952,1773,1100,STABLE,Unhealthy for Sensitive Groups
30.90625008162029,96.70130076076735,110,4095,STABLE,Unhealthy
28.9,95.53090032097512,2070,46,STABLE,Unhealthy
32.2,97.92085983097257,2813,2610,STABLE,Unhealthy
28.0,95.61367884856617,220,134,STABLE,Good
26.9,96.33603528176627,40,235,STABLE,Good
29.8,96.9903458849874,1763,1418,STABLE,Unhealthy for Sensitive Groups
33.1,94.86766319223169,788,1199,STABLE,Moderate
28.0,96.71316023730544,66,131,STABLE,Good
29.0,97.30278804263088,46,88,STABLE,Unhealthy
26.5,96.83894348491326,44,92,STABLE,Good
28.33027344,97.94381418746565,86,80,STABLE,Unhealthy
29.1,96.92523447243683,59,149,STABLE,Good
29.3,96.78534637800799,155,86,VIBRATING,Moderate
28.54432638,94.99525372040024,86,83,STABLE,Unhealthy for Sensitive Groups
33.1,98.73896572919912,1421,864,STABLE,Unhealthy for Sensitive Groups
31.778002922965772,99.66750184613275,2692,965,STABLE,Unhealthy
26.8,93.58959008184732,177,98,STABLE,Good
32.5,97.93067358417548,231,2319,STABLE,Unhealthy
32.8,98.88884767326238,197,211,STABLE,Good
32.0,98.94904491615446,939,797,STABLE,Unhealthy for Sensitive Groups
30.16408747,97.30974703569066,96,57,STABLE,Good
30.2,97.14570704514918,1517,1856,STABLE,Unhealthy for Sensitive Groups
28.6,95.91415267387836,571,452,STABLE,Moderate
28.3,95.43549665128124,87,76,STABLE,Moderate
30.0,94.22858663728174,3077,682,STABLE,Unhealthy
27.1,95.37539246892965,3600,2036,STABLE,Unhealthy
33.7,97.55677445996493,30,190,STABLE,Good
30.3,96.15800347751573,766,685,STABLE,Moderate
24.7,96.26487529051245,59,114,STABLE,Good
26.5,96.43889746412322,214,72,STABLE,Good
29.1,94.21184756887779,383,349,STABLE,Moderate
27.5,98.67377998228464,709,1647,STABLE,Unhealthy for Sensitive Groups
34.12454571,93.36332670086286,96,59,VIBRATING,Good
26.6,92.53572305998492,1414,1077,STABLE,Unhealthy for Sensitive Groups
24.6,97.95689401469791,727,703,STABLE,Moderate
31.5,97.17891239611748,40,83,STABLE,Good
25.3,95.56355707338027,233,205,STABLE,Good
32.8,95.1938699706916,683,758,STABLE,Moderate
33.5,96.61323422447852,199,238,STABLE,Good
24.5,98.82835141410561,33,154,STABLE,Good
26.6,95.80063637490223,443,93,STABLE,Good
27.1,98.39452633919991,32,94,STABLE,Good
31.7,98.35259239521167,1439,1217,STABLE,Unhealthy for Sensitive Groups
32.5,98.64311769793449,1235,1599,STABLE,Unhealthy for Sensitive Groups
30.7,96.77379466887511,302,942,STABLE,Moderate
28.3,97.11350303385713,512,1154,STABLE,Moderate
28.41555942,93.90973633298806,80,76,STABLE,Unhealthy for Sensitive Groups
32.7,94.79923888875982,369,3474,STABLE,Unhealthy
30.8,95.57681046546857,239,62,STABLE,Good
27.7,95.29302155411219,91,2827,STABLE,Unhealthy
24.3,99.32149130600035,32,113,STABLE,Good
26.3,96.93340714090492,148,2580,STABLE,Unhealthy
28.7,95.9958255288538,211,92,VIBRATING,Moderate
33.3,99.29459174954104,851,342,STABLE,Moderate
26.4,95.20194242885741,44,93,STABLE,Good
31.3,97.48731496637018,1330,1165,STABLE,Unhealthy for Sensitive Groups
26.1,98.92909708459553,3926,734,STABLE,Unhealthy
29.2,97.09787365785975,62,34,STABLE,Good
31.44246985,99.06003202208568,86,60,STABLE,Good
29.6,96.38579324090088,52,201,STABLE,Good
30.9,97.99935643480853,1400,801,STABLE,Unhealthy for Sensitive Groups
31.2,96.28582813295374,1973,854,STABLE,Unhealthy
32.6,96.02616310912873,835,1026,STABLE,Moderate
26.0,96.30931521893356,752,753,STABLE,Moderate
31.6,97.00848424245254,720,1332,STABLE,Unhealthy for Sensitive Groups
30.3,95.45975461508054,67,80,STABLE,Moderate
25.0,99.25628363811035,67,44,STABLE,Good
26.5,96.55836186237514,2523,188,STABLE,Unhealthy
28.0,97.37391788089707,72,221,STABLE,Good
28.0,97.21896174717433,597,3291,STABLE,Unhealthy
29.0,96.92788266338533,889,1460,STABLE,Unhealthy for Sensitive Groups
28.2,97.29938783748283,52,118,STABLE,Unhealthy
30.2,94.49150886038022,866,866,STABLE,Moderate
34.0,98.74250999765442,817,2275,STABLE,Unhealthy
29.9,98.91695896359964,1906,3869,VIBRATING,Unhealthy
24.9,97.67708701285268,168,56,STABLE,Good
32.5,96.37772750146362,3159,881,STABLE,Unhealthy
28.3,96.66919201894866,281,3881,STABLE,Unhealthy
29.1,96.56903190057083,56,94,STABLE,Moderate
25.3,96.21065307134458,1275,1821,VIBRATING,Unhealthy for Sensitive Groups
24.8,92.88601532062546,400,322,STABLE,Moderate
26.1,99.4491661591439,389,569,STABLE,Moderate
31.0,99.36174064758077,645,667,STABLE,Moderate
29.4769436,95.06803038670344,75,82,STABLE,Unhealthy for Sensitive Groups
31.3,96.92144652417142,129,240,STABLE,Good
28.44544745,99.54540958855756,60,4095,STABLE,Unhealthy
29.0,94.42004192310873,2404,329,STABLE,Unhealthy
31.6,95.34371981638861,322,973,STABLE,Moderate
29.9,97.2055347013362,1084,729,STABLE,Unhealthy for Sensitive Groups
25.8,93.36758116840274,71,91,STABLE,Good
25.3,97.5658471304737,757,1138,STABLE,Moderate
27.7,94.72577368094073,830,1653,STABLE,Unhealthy for Sensitive Groups
30.7,98.4170318768865,191,2274,STABLE,Unhealthy
32.9,95.01431289268614,1686,1813,STABLE,Unhealthy for Sensitive Groups
29.94096586,97.49074043595314,83,127,STABLE,Unhealthy
24.9,97.05502040158606,656,3309,STABLE,Unhealthy
28.2,97.89922808168033,1882,4001,STABLE,Unhealthy
31.9,98.55537762663401,4044,2679,STABLE,Unhealthy
30.3,98.97716838098549,1288,1522,STABLE,Unhealthy for Sensitive Groups
27.2,95.26169119630602,1774,1381,STABLE,Unhealthy for Sensitive Groups
30.1,95.3858800040656,95,59,VIBRATING,Good
32.6,93.20335828471035,1424,1632,STABLE,Unhealthy for Sensitive Groups
32.7,95.80512678290067,587,2791,STABLE,Unhealthy
27.6,97.95980010655275,128,97,VIBRATING,Good
28.0,98.42125443639272,878,2968,STABLE,Unhealthy
29.9,99.03625864498115,3762,3398,STABLE,Unhealthy
25.6,98.47858069070614,1123,1635,STABLE,Unhealthy for Sensitive Groups
28.1316103,97.43639350185789,86,80,VIBRATING,Unhealthy for Sensitive Groups
27.8,96.65606143417314,1088,1670,STABLE,Unhealthy for Sensitive Groups
27.4,95.88636392220532,899,731,STABLE,Unhealthy for Sensitive Groups
31.8,95.78069494614367,117,249,STABLE,Good
25.6,98.47108277816702,328,2549,STABLE,Unhealthy
32.038886724321955,97.83589036947077,921,4095,STABLE,Unhealthy
30.2,96.9260183949043,68,115,STABLE,Unhealthy for Sensitive Groups
25.1,97.49502126476656,376,707,STABLE,Moderate
32.9,96.55313987055114,1412,1247,STABLE,Unhealthy for Sensitive Groups
28.4,97.49894841517094,83,73,STABLE,Moderate
30.0,98.19807573809862,529,3112,STABLE,Unhealthy
28.9,96.82364413396178,69,90,STABLE,Good
24.8,96.2646377407587,787,3997,STABLE,Unhealthy
27.7,98.64337460599785,800,1118,STABLE,Moderate
28.3,96.28655643323432,78,76,STABLE,Unhealthy for Sensitive Groups
26.4,99.31481832784905,43,92,STABLE,Good
28.42319534,97.63755636145436,85,83,VIBRATING,Unhealthy for Sensitive Groups
28.0,97.5067924426903,246,72,STABLE,Good
30.5,93.09985754502405,1030,1171,STABLE,Unhealthy for Sensitive Groups
31.4,94.81019757796211,534,3850,STABLE,Unhealthy
28.6,97.68978461615873,80,146,STABLE,Good
24.1,97.16657944378733,812,1063,STABLE,Moderate
26.1,96.78825751276851,818,3360,STABLE,Unhealthy
34.0,97.24417576241756,1512,1876,STABLE,Unhealthy for Sensitive Groups
29.1,96.03106876734464,47,93,VIBRATING,Unhealthy
25.3,96.24398734235812,71,99,STABLE,Good
33.2,97.97641593302191,1653,1444,STABLE,Unhealthy for Sensitive Groups
27.6,97.0179673165735,200,223,STABLE,Good
30.3,96.57182573114208,755,1060,STABLE,Unhealthy for Sensitive Groups
31.9,96.64768071872149,355,716,STABLE,Moderate
28.6,92.90178031504588,86,81,STABLE,Unhealthy
33.3,93.14799398898992,454,457,STABLE,Moderate
28.31961131,98.26318271143023,86,82,STABLE,Unhealthy for Sensitive Groups
24.6,99.34815187892818,75,95,VIBRATING,Good
29.0,98.0952308417398,96,82,VIBRATING,Good
28.4,98.49525869963924,879,915,STABLE,Moderate
28.8,96.67670323466491,74,2113,VIBRATING,Unhealthy
28.41340477,98.22099114154658,96,87,STABLE,Unhealthy
30.2,94.84076910914894,1667,1628,VIBRATING,Unhealthy for Sensitive Groups
31.9,97.64169594635811,1329,1966,STABLE,Unhealthy for Sensitive Groups
24.4,97.43044140430297,121,193,STABLE,Good
28.62026495,97.85080445626268,62,164,STABLE,Unhealthy for Sensitive Groups
28.2,95.98002201159152,171,90,STABLE,Moderate
29.4,97.12395365230304,94,80,STABLE,Good
28.9,98.57877088127344,68,89,STABLE,Good
30.7,98.80599665650367,1692,1517,STABLE,Unhealthy for Sensitive Groups
26.4,99.11573382093151,1908,3367,STABLE,Unhealthy
27.6,98.24993527560778,105,42,VIBRATING,Good
28.2,98.2925331564268,53,115,STABLE,Unhealthy
24.7,96.40181034978117,797,1846,STABLE,Unhealthy for Sensitive Groups
28.7,98.21083648778708,67,217,STABLE,Unhealthy for Sensitive Groups
29.1,95.43130433460543,3417,597,STABLE,Unhealthy
31.4,97.99689227346452,65,186,STABLE,Good
26.8,94.99956791748279,151,4095,STABLE,Unhealthy
27.8,98.49530328559608,201,132,STABLE,Good
33.8,97.01945103920897,252,438,STABLE,Moderate
32.8,93.1366751182179,46,129,STABLE,Good
28.6,99.3970254826354,95,49,VIBRATING,Good
28.5,99.12063196803909,74,86,STABLE,Good
27.9,97.67833604661702,2674,966,STABLE,Unhealthy
31.2,96.08855098619843,858,434,STABLE,Moderate
26.8,96.46264398473117,1241,1468,STABLE,Unhealthy for Sensitive Groups
31.4,96.54220153635458,244,153,STABLE,Good
26.3,98.67010306196346,72,85,STABLE,Good
29.45610949,99.58561801175924,55,90,STABLE,Unhealthy
31.4,99.5553238275588,551,1111,STABLE,Moderate
33.1,95.72461765248272,95,60,STABLE,Good
25.2,93.88345174149812,1649,720,STABLE,Unhealthy for Sensitive Groups
24.4,96.08012509784223,178,166,STABLE,Good
30.3,97.77749814105795,369,2180,STABLE,Unhealthy
26.0,95.88685552115956,3391,2923,STABLE,Unhealthy
29.2,97.10663795520426,105,162,STABLE,Good
28.41331169,93.1487712954558,85,4095,STABLE,Unhealthy
32.9,94.77919148339235,226,185,STABLE,Good
24.6,97.13550911229935,1125,1060,VIBRATING,Unhealthy for Sensitive Groups
29.1,95.87729390360019,3348,943,STABLE,Unhealthy
28.2,96.31656698414125,86,83,VIBRATING,Unhealthy
26.6,96.2574317003687,477,1169,STABLE,Moderate
30.4,94.75620826815596,67,83,VIBRATING,Moderate
26.7,95.9462959382839,689,1089,STABLE,Moderate
33.0,97.36183904643187,853,357,STABLE,Moderate
27.2,95.88368719116393,1383,1827,STABLE,Unhealthy for Sensitive Groups
28.3,98.71397534121579,54,132,VIBRATING,Unhealthy for Sensitive Groups
30.9,96.48533597511204,202,239,STABLE,Good
33.2,98.76734135238831,3836,660,STABLE,Unhealthy
24.5,95.73871447118267,3816,1072,STABLE,Unhealthy
26.2,93.44728323993142,316,493,STABLE,Moderate
28.66415307,93.888357014252,63,168,STABLE,Unhealthy for Sensitive Groups
30.5,98.35271587438652,4055,967,STABLE,Unhealthy
25.0,96.74951584483068,218,122,STABLE,Good
28.2,95.86444924135299,1700,957,STABLE,Unhealthy for Sensitive Groups
26.4,97.85904377032853,354,443,STABLE,Moderate
29.5,94.23875985568097,95,78,VIBRATING,Good
25.683315000810886,97.16326347641234,3604,574,STABLE,Unhealthy
28.9,95.97566708287493,105,84,STABLE,Moderate
28.2,96.09294395528691,918,1219,STABLE,Unhealthy for Sensitive Groups
24.3,97.3641292364557,167,41,STABLE,Good
32.5,98.29536553266844,64,133,STABLE,Good
32.0,98.91125020596218,808,1160,STABLE,Moderate
28.7,96.87694367821015,651,447,STABLE,Moderate
29.2,99.20387415389138,47,94,STABLE,Unhealthy
33.3,98.11937002974828,1437,738,STABLE,Unhealthy for Sensitive Groups
29.8,98.4036249930718,150,189,STABLE,Good
30.7,96.41923137489115,1116,1142,STABLE,Unhealthy for Sensitive Groups
27.1,97.64889883427458,380,3685,STABLE,Unhealthy
32.7,94.73162936000585,848,1569,STABLE,Unhealthy for Sensitive Groups
29.4,97.50951216644737,74,80,VIBRATING,Moderate
25.5,95.25889505571436,72,85,STABLE,Good
25.9,98.38238082698118,234,105,STABLE,Good
28.1,94.9290424099417,183,32,STABLE,Good
28.9,95.53056140759307,732,379,STABLE,Moderate
26.7,96.97199631391695,735,1025,STABLE,Moderate
29.8,99.70631381522576,764,1118,STABLE,Moderate
28.9,96.87823629058244,780,1355,STABLE,Unhealthy for Sensitive Groups
28.85374032,96.77874225075178,86,74,STABLE,Unhealthy for Sensitive Groups
25.9,98.24153268348871,1200,1051,STABLE,Unhealthy for Sensitive Groups
26.6,95.52535379156816,72,85,STABLE,Good
33.6,95.98306262121037,50,201,STABLE,Good
28.48258067,97.90592229859291,86,77,STABLE,Unhealthy
28.4,93.25386572319347,82,77,STABLE,Moderate
27.8,95.76736768819025,1090,1265,STABLE,Unhealthy for Sensitive Groups
28.25609914,97.49363610517439,85,75,STABLE,Unhealthy for Sensitive Groups
30.1,95.90130095299618,399,2817,STABLE,Unhealthy
31.5,98.83101316868148,406,4071,STABLE,Unhealthy
30.0,97.72743094217041,68,80,VIBRATING,Moderate
33.0,96.7884949348529,2637,657,STABLE,Unhealthy
28.9,94.40264671005582,107,249,STABLE,Good
32.4,97.64684750413389,959,2017,STABLE,Unhealthy
29.2,96.79029559221676,1116,1769,STABLE,Unhealthy for Sensitive Groups
31.7,96.6871042206779,138,198,STABLE,Good
28.7,93.91871013847997,189,83,STABLE,Moderate
31.7,97.4963984083498,534,1170,STABLE,Moderate
28.7,99.68899963760235,200,226,STABLE,Good
28.1,96.18545390226733,486,1153,STABLE,Moderate
30.2,96.14691478030151,96,57,STABLE,Good
31.0,98.22877844868938,3536,343,STABLE,Unhealthy
31.8,97.94935673649147,2974,3779,STABLE,Unhealthy
29.2,96.83264499953387,47,93,STABLE,Unhealthy
30.1,98.54283761085046,96,58,STABLE,Good
27.6,97.09507549685489,56,93,STABLE,Good
30.9,95.14108175086915,150,3831,STABLE,Unhealthy
33.5,96.9338934857494,602,469,STABLE,Moderate
25.1,99.03330646118442,340,789,STABLE,Moderate
24.5,95.14197438429724,237,173,STABLE,Good
26.5,97.68208603431714,3679,72,STABLE,Unhealthy
29.3,97.50349796082334,3761,515,STABLE,Unhealthy
27.5,98.27439971284218,2326,130,STABLE,Unhealthy
27.1,98.84785871590509,163,131,STABLE,Good
33.9,95.91852931662883,463,967,STABLE,Moderate
29.4,95.67707335498314,67,75,STABLE,Moderate
25.0,96.59379818002296,400,4082,STABLE,Unhealthy
28.2,94.14696407551557,433,1152,STABLE,Moderate
30.0,98.83035985172705,71,78,VIBRATING,Moderate
28.25880894,98.39517628048873,86,81,STABLE,Unhealthy for Sensitive Groups
25.1,94.26578558152171,1202,1253,STABLE,Unhealthy for Sensitive Groups
27.5,94.8856792127286,3637,337,STABLE,Unhealthy
29.8,99.39030483515472,67,85,STABLE,Unhealthy
28.3,98.33923182090548,86,84,VIBRATING,Unhealthy for Sensitive Groups
32.0,96.95655366156439,205,183,STABLE,Good
26.0,98.01401407126613,73,66,STABLE,Good
34.0,96.68883282157958,2535,515,STABLE,Unhealthy
26.9,98.65374580590641,425,2173,STABLE,Unhealthy
32.5,97.55684792135409,717,1067,STABLE,Unhealthy for Sensitive Groups
33.2,99.09013483368132,3934,896,STABLE,Unhealthy
28.3,98.00842072051452,3545,3028,STABLE,Unhealthy
26.6,94.87435470394523,3269,278,STABLE,Unhealthy
32.8,95.83421948185027,548,3884,STABLE,Unhealthy
33.4,94.17249393203478,37,238,STABLE,Good
27.5,96.15220323677448,88,81,STABLE,Moderate
28.4,96.09490543355602,797,966,STABLE,Moderate
30.7,95.47952904066119,516,2476,STABLE,Unhealthy
27.1,97.46939513521869,907,1930,STABLE,Unhealthy for Sensitive Groups
30.9,94.55804153434613,703,1620,STABLE,Unhealthy for Sensitive Groups
26.7,97.14353277327952,647,4077,STABLE,Unhealthy
29.0,98.87756499608733,630,3897,STABLE,Unhealthy
28.0,97.76464448890285,2382,3156,STABLE,Unhealthy
24.64757938,96.21216150596466,59,112,STABLE,Good
29.3,95.1850507288274,47,90,STABLE,Unhealthy
33.9,96.4378891059063,2247,148,STABLE,Unhealthy
29.79223144,96.84574297886913,67,79,VIBRATING,Unhealthy
30.0,97.41857275179412,3747,3514,STABLE,Unhealthy
30.7,98.38262402387072,137,70,STABLE,Good
33.1,99.26196055922084,667,976,STABLE,Moderate
30.84365436481557,98.83475040509407,4095,4095,STABLE,Unhealthy
26.2,96.12151833438736,76,91,STABLE,Good
26.8,97.23866023939995,44,93,STABLE,Good
28.8,98.80565385275591,755,565,STABLE,Moderate
32.7,97.17309253371135,1549,740,STABLE,Unhealthy for Sensitive Groups
29.4,94.08566654047836,73,81,STABLE,Moderate
29.1,97.63417102077459,1095,1738,STABLE,Unhealthy for Sensitive Groups
30.8,95.01012059997143,931,1983,STABLE,Unhealthy for Sensitive Groups
33.9,98.20225405129904,97,59,STABLE,Good
26.3,98.84427893352124,67,96,VIBRATING,Good
30.4,97.7447055407265,679,576,STABLE,Moderate
32.7,96.69968591773863,2492,947,STABLE,Unhealthy
28.4,94.17048711670584,90,76,STABLE,Moderate
26.9,98.75766369514652,151,81,STABLE,Good
26.8,97.15178875935719,151,43,STABLE,Good
27.8,97.33911057946959,2105,294,STABLE,Unhealthy
28.5,97.62656110267218,592,352,STABLE,Moderate
26.3,95.88932605291373,1852,3429,STABLE,Unhealthy
29.5,98.40467830878316,69,215,STABLE,Good
30.8,97.73524852405384,401,559,STABLE,Moderate
29.7,99.26266892988919,67,76,STABLE,Moderate
28.4,95.98341770593218,33,240,STABLE,Good
32.8,95.90101288271701,559,2908,STABLE,Unhealthy
31.9,94.78036729549298,338,539,STABLE,Moderate
24.0,97.98232040800096,310,1034,STABLE,Moderate
28.3,97.7104843356503,75,72,STABLE,Unhealthy for Sensitive Groups
27.5,95.27491809645099,740,846,STABLE,Moderate
27.6,95.88105271349592,1992,507,STABLE,Unhealthy
24.1,96.5000199233585,1254,1869,STABLE,Unhealthy for Sensitive Groups
26.7,97.99356301399949,868,1274,STABLE,Unhealthy for Sensitive Groups
24.5,99.16003146178402,1549,1240,STABLE,Unhealthy for Sensitive Groups
27.04457909,94.7582933151335,148,4095,STABLE,Unhealthy
32.2,96.27911168115295,3565,2961,STABLE,Unhealthy
28.1,97.06980558487345,447,2556,STABLE,Unhealthy
27.8,96.12005601186424,2978,875,STABLE,Unhealthy
24.1,95.13674146083659,310,1090,STABLE,Moderate
28.3,98.15057085253538,86,76,STABLE,Unhealthy
29.3,98.11661357602134,3330,525,STABLE,Unhealthy
33.1,98.36609425105613,1434,1537,STABLE,Unhealthy for Sensitive Groups
29.8,96.7485370051494,43,199,STABLE,Good
33.2,96.1592542556339,712,757,STABLE,Moderate
28.9,97.87935629678708,105,92,STABLE,Moderate
29.1,98.50620788303652,771,1495,STABLE,Unhealthy for Sensitive Groups
26.3,93.10476100211555,3644,3670,STABLE,Unhealthy
29.8,96.43563454148625,534,469,STABLE,Moderate
27.2,97.34857018963613,149,148,STABLE,Good
32.7,96.57480035161939,299,911,STABLE,Moderate
28.1,99.12361121550053,91,80,STABLE,Moderate
27.5,98.85242682160009,44,2467,VIBRATING,Unhealthy
27.0,97.3839408294037,80,34,STABLE,Good
28.2,97.88326219792107,87,86,VIBRATING,Unhealthy
29.8,95.17870479940758,67,77,STABLE,Moderate
24.0,97.79587024155155,478,1189,STABLE,Moderate
30.2,97.4438590071578,69,113,STABLE,Unhealthy for Sensitive Groups
28.50839437,98.18580358238117,100,87,STABLE,Unhealthy
28.1,97.02192414002357,112,110,STABLE,Good
29.0,96.85454090516816,1509,1338,STABLE,Unhealthy for Sensitive Groups
30.1,95.39829335958525,738,1333,STABLE,Unhealthy for Sensitive Groups
24.2,97.0270559156502,2106,55,STABLE,Unhealthy
29.3,97.21727400831261,102,82,STABLE,Moderate
24.7,97.07020094613179,700,1039,STABLE,Moderate
30.6,97.17307242952086,507,3570,STABLE,Unhealthy
33.1,97.59470494641492,58,88,STABLE,Good
24.3,94.41560262794161,706,420,STABLE,Moderate
28.5,98.1696838893899,87,82,STABLE,Unhealthy for Sensitive Groups
30.4,95.0796662006279,657,424,STABLE,Moderate
29.2,95.62764425696419,75,82,STABLE,Moderate
24.5,99.21752780095936,2356,2224,STABLE,Unhealthy
26.8,96.29102828213234,586,2236,STABLE,Unhealthy
30.7,94.740949464735,835,988,STABLE,Moderate
28.3,99.02640512521181,81,78,STABLE,Moderate
26.482777721859726,99.79341310959484,4095,283,STABLE,Unhealthy
29.9,98.29015300983014,70,70,STABLE,Moderate
29.1,98.65912777986298,3577,3106,STABLE,Unhealthy
28.2,95.96440174645436,620,3322,STABLE,Unhealthy
30.8,97.27212783063162,794,2679,STABLE,Unhealthy
24.3,97.77461012508024,1062,1165,STABLE,Unhealthy for Sensitive Groups
28.7,98.01655008482903,664,2451,STABLE,Unhealthy
26.6,95.51633902137333,64,94,STABLE,Good
28.5,98.46191881873851,786,932,STABLE,Moderate
30.5,93.94114559225387,1615,1671,STABLE,Unhealthy for Sensitive Groups
29.1,93.93722932614797,604,871,STABLE,Moderate
29.05882638,97.78253991452506,47,93,STABLE,Unhealthy
31.3,99.27849187832163,3820,129,STABLE,Unhealthy
29.3,98.23433216272151,75,83,STABLE,Moderate
33.0,97.56876023187515,310,2153,STABLE,Unhealthy
29.3,93.73361360320695,75,81,STABLE,Moderate
26.1,97.68333512024748,1661,1348,STABLE,Unhealthy for Sensitive Groups
30.0,95.36953912991649,665,519,STABLE,Moderate
33.1,98.4998573839269,34,137,STABLE,Good
27.2,96.54151651284842,2292,3851,STABLE,Unhealthy
24.8,94.74427332286592,228,209,STABLE,Good
30.7,95.3091904977856,3979,341,STABLE,Unhealthy
32.9,99.1512488982141,1626,1242,STABLE,Unhealthy for Sensitive Groups
24.4156437,98.55639971231442,59,111,STABLE,Good
26.8,97.63475804334878,935,1579,STABLE,Unhealthy for Sensitive Groups
33.5,96.454519311347,45,130,STABLE,Good
30.5,99.47999765311998,178,158,STABLE,Good
26.8,96.82349085960502,44,93,STABLE,Good
31.2,97.20766557254791,582,1005,VIBRATING,Moderate
33.97662096712693,96.39854831476475,526,3011,STABLE,Unhealthy
24.1,97.31155895725124,69,178,STABLE,Good
24.3,97.8901810793976,3088,735,VIBRATING,Unhealthy
28.76744543,97.26640750566136,75,206,STABLE,Unhealthy
27.7,96.79834182660008,782,3615,STABLE,Unhealthy
31.7,99.56737839790323,1425,1516,STABLE,Unhealthy for Sensitive Groups
33.9,99.10902920598924,4090,143,STABLE,Unhealthy
31.2,97.86340439255007,1191,1020,STABLE,Unhealthy for Sensitive Groups
26.9,98.50365001334417,94,3285,STABLE,Unhealthy
28.432459776896174,98.22008960674675,617,3299,STABLE,Unhealthy
27.2,95.8002034573095,1789,1074,STABLE,Unhealthy for Sensitive Groups
30.4,97.69816518103379,1341,1063,STABLE,Unhealthy for Sensitive Groups
28.76708302,94.23926290905837,103,85,STABLE,Unhealthy for Sensitive Groups
32.6,99.6270171282721,2047,512,STABLE,Unhealthy
27.7,95.49546379747055,154,234,STABLE,Good
28.3,96.03144043953739,42,48,STABLE,Good
26.9,96.63708781356225,782,2103,VIBRATING,Unhealthy
28.4,96.8160297728773,86,81,STABLE,Unhealthy for Sensitive Groups
26.3,98.39596719595968,4028,2227,STABLE,Unhealthy
28.25180555,98.85773862740682,86,82,STABLE,Unhealthy
27.6,96.62542433150206,1715,776,STABLE,Unhealthy for Sensitive Groups
28.5,99.0840944333279,491,2502,STABLE,Unhealthy
26.1,97.44036108660329,2243,842,STABLE,Unhealthy
32.6,98.03301331778405,153,171,STABLE,Good
26.4,97.61427226554076,63,93,STABLE,Good
33.5,97.63090982561914,72,3416,STABLE,Unhealthy
32.7,93.94666147245879,227,183,STABLE,Good
31.2,94.94443934457787,1205,853,STABLE,Unhealthy for Sensitive Groups
25.4,94.86119661331026,1161,1375,STABLE,Unhealthy for Sensitive Groups
33.3,98.06285717039374,180,48,STABLE,Good
28.9,98.70911286408995,181,97,STABLE,Moderate
25.7,97.69819276604389,2500,755,STABLE,Unhealthy
32.8,99.520673671976,323,501,STABLE,Moderate
29.9,99.07279557974283,246,2083,STABLE,Unhealthy
27.4,97.81797453881616,593,380,STABLE,Moderate
25.8,97.73599414005788,71,90,STABLE,Good
33.23748706,97.46265772540823,99,59,VIBRATING,Good
28.3,98.45012376350715,87,78,STABLE,Moderate
29.2,97.20423709244909,247,3242,STABLE,Unhealthy
30.4,98.14396501504211,184,122,STABLE,Good
30.4,99.3351368828533,1771,1943,STABLE,Unhealthy for Sensitive Groups
28.1,98.09515199147036,83,78,VIBRATING,Moderate
29.0,95.01136228437029,95,86,STABLE,Good
30.18529265,95.11211676366018,96,57,STABLE,Good
32.4,94.10965321493735,794,357,STABLE,Moderate
27.1,98.24272121104273,3286,429,STABLE,Unhealthy
30.5,93.68060674566416,3257,492,STABLE,Unhealthy
27.2,93.45342114514123,199,188,VIBRATING,Good
24.1,96.96771313519493,312,665,STABLE,Moderate
29.6,96.78801017181152,67,77,STABLE,Moderate
33.5,96.73320175097206,3686,792,STABLE,Unhealthy
29.56120641,97.809587260281,62,81,STABLE,Unhealthy
32.3,98.38927856995113,312,345,STABLE,Moderate
34.0,94.07935142842149,668,1070,STABLE,Moderate
28.3,98.11742914305708,87,78,STABLE,Unhealthy for Sensitive Groups
28.9,95.15630872750006,68,89,STABLE,Good
26.4,98.29328837740808,1171,941,STABLE,Unhealthy for Sensitive Groups
33.7,92.32246183626874,1955,955,STABLE,Unhealthy
27.058199394562294,98.17196868080238,4095,4095,STABLE,Unhealthy
27.5,96.96334592407284,360,1094,STABLE,Moderate
28.8554291,94.91563244448038,61,94,VIBRATING,Unhealthy
25.1,98.6822470585631,1237,1315,STABLE,Unhealthy for Sensitive Groups
29.2,95.72094855939343,46,92,VIBRATING,Unhealthy
28.44315281,94.62804023047238,85,81,STABLE,Unhealthy
33.4,97.60807155917544,145,165,STABLE,Good
28.2,97.94094800247082,181,83,STABLE,Moderate
25.5,99.04849874299336,1737,752,STABLE,Unhealthy for Sensitive Groups
31.8,98.49125330329684,850,1016,STABLE,Moderate
31.6,99.22786245783458,136,132,STABLE,Good
28.39948548,95.18031895916515,73,70,STABLE,Unhealthy for Sensitive Groups
29.3,99.17239419346822,38,76,STABLE,Moderate
27.0,97.8116610435892,870,3730,STABLE,Unhealthy
28.32784034,98.7647800434496,85,75,STABLE,Unhealthy
31.6,96.90872651621348,344,3472,STABLE,Unhealthy
32.4,96.80748681115378,543,721,STABLE,Moderate
32.0,94.66596395351591,686,3416,STABLE,Unhealthy
28.7,97.39601027769243,1809,3219,STABLE,Unhealthy
33.978941286911365,98.48624415778797,993,4095,STABLE,Unhealthy
33.6,97.6487156221189,97,59,STABLE,Good
33.6,95.7998718690214,834,4028,STABLE,Unhealthy
32.1,98.93073678800508,401,555,STABLE,Moderate
30.8,97.14781333206363,165,101,STABLE,Good
26.8,98.07293671698646,2012,4016,VIBRATING,Unhealthy
28.3,98.09411779280013,85,83,STABLE,Unhealthy for Sensitive Groups
28.5,97.27569569621387,547,739,STABLE,Moderate
33.8,95.67177198158129,459,719,STABLE,Moderate
27.4,95.19183740505906,94,235,STABLE,Good
27.2,98.23117812032963,832,2459,STABLE,Unhealthy
24.1,98.0046414511149,698,637,STABLE,Moderate
32.3,98.45693682121075,310,410,STABLE,Moderate
27.0,95.99549024313735,160,250,STABLE,Good
32.2,98.8763228310504,213,197,STABLE,Good
29.00075344,95.45742783024464,47,90,VIBRATING,Unhealthy
31.0,98.247511757687,90,60,VIBRATING,Good
28.2,98.03433939716255,85,80,STABLE,Moderate
30.4,98.84745624046606,67,83,STABLE,Moderate
27.2,98.75615611003677,900,574,STABLE,Moderate
29.6,97.36224224960624,725,1036,STABLE,Moderate
28.2,98.41660239180226,891,1186,STABLE,Unhealthy for Sensitive Groups
28.8,97.99819589439782,83,69,STABLE,Moderate
29.2,98.06782974281032,187,84,STABLE,Moderate
29.1,98.12645439284861,1237,1835,STABLE,Unhealthy for Sensitive Groups
28.57868425,97.44754658405581,86,83,STABLE,Unhealthy for Sensitive Groups
24.8,96.32934163180033,1068,1088,STABLE,Unhealthy for Sensitive Groups
27.7,94.96177699613831,657,574,STABLE,Moderate
29.08124027,98.03890171668797,71,78,STABLE,Unhealthy for Sensitive Groups
28.34823564,98.14300205129217,86,75,STABLE,Unhealthy for Sensitive Groups
33.5,97.11969603606623,1201,958,STABLE,Unhealthy for Sensitive Groups
27.1,94.85484814285662,1087,1530,STABLE,Unhealthy for Sensitive Groups
25.0,99.39960614063602,371,1085,STABLE,Moderate
32.2,99.28869730756121,192,205,STABLE,Good
28.17975534,97.93354113548428,86,81,STABLE,Unhealthy for Sensitive Groups
28.3,95.11419075256603,2622,852,STABLE,Unhealthy
28.3,97.09243525279423,86,78,STABLE,Unhealthy for Sensitive Groups
30.3,98.3526908998769,385,2946,STABLE,Unhealthy
33.8,97.34697056992269,181,182,STABLE,Good
25.6,97.73051010990183,1663,1266,VIBRATING,Unhealthy for Sensitive Groups
27.9,94.08317428778808,884,964,STABLE,Moderate
26.9,98.67234293429169,1828,621,STABLE,Unhealthy
33.4,95.334604877698,939,2846,STABLE,Unhealthy
28.7,97.25859922211573,717,685,STABLE,Moderate
32.8,97.45234032531035,3769,654,STABLE,Unhealthy
31.5,98.48661298672349,1319,1928,VIBRATING,Unhealthy for Sensitive Groups
25.4,95.88588421008842,73,85,STABLE,Good
24.7,98.97350950277789,191,134,STABLE,Good
32.8,97.08367839072426,606,407,STABLE,Moderate
26.577223261597005,98.0699577467737,4095,822,STABLE,Unhealthy
32.9,98.57044286917062,3817,54,STABLE,Unhealthy
27.8,98.53746431080086,691,1001,VIBRATING,Moderate
32.2,99.14977573908106,1243,1986,STABLE,Unhealthy for Sensitive Groups
26.9,98.41319589390677,3182,143,STABLE,Unhealthy
30.3,95.39168324555371,587,810,STABLE,Moderate
32.2,95.48026820809922,916,1371,VIBRATING,Unhealthy for Sensitive Groups
33.8,98.09944810825822,3872,2255,STABLE,Unhealthy
30.4,96.57235374563561,45,155,STABLE,Good
33.9,97.05480568438661,1754,1157,STABLE,Unhealthy for Sensitive Groups
32.7,96.1675040377128,154,3725,STABLE,Unhealthy
29.2,97.5745670719557,56,34,STABLE,Good
32.1,96.13888150076386,241,2622,STABLE,Unhealthy
33.6,98.11503607085356,3467,52,STABLE,Unhealthy
33.0,99.47696444692659,3586,4044,STABLE,Unhealthy
33.3,96.39611215868432,240,148,STABLE,Good
28.7,98.16730069906008,81,96,STABLE,Moderate
26.2,96.66597147011922,72,86,STABLE,Good
25.2,97.93473168288806,1920,710,STABLE,Unhealthy
26.4,98.3554101665861,1720,754,STABLE,Unhealthy for Sensitive Groups
29.69013312,95.48390179663504,70,145,STABLE,Unhealthy
26.1,97.92194000614799,2007,990,STABLE,Unhealthy
25.1,94.37571710887877,1660,1387,STABLE,Unhealthy for Sensitive Groups
27.8,98.6437511806535,762,916,STABLE,Unhealthy for Sensitive Groups
31.1,95.41912858630904,723,865,STABLE,Moderate
29.2,96.16062257963644,161,162,STABLE,Good
29.7,98.99533762346572,47,111,STABLE,Good
30.3,96.86544267835068,30,246,STABLE,Good
24.7,97.11690522898657,54,144,STABLE,Good
32.8,99.2120964212295,59,52,STABLE,Good
30.7,97.84506475811618,762,4055,VIBRATING,Unhealthy
24.5,98.50335862072012,787,957,VIBRATING,Unhealthy for Sensitive Groups
29.3,97.91678580004886,443,600,STABLE,Moderate
29.0,99.15338486905462,3745,258,STABLE,Unhealthy
26.0,98.3193843852451,1452,1015,STABLE,Unhealthy for Sensitive Groups
24.7,97.19920562911523,72,115,STABLE,Good
25.8,97.36742728854483,571,858,STABLE,Moderate
28.6,97.77761557984064,369,2258,STABLE,Unhealthy
28.7,93.74992974204235,1807,3766,STABLE,Unhealthy
28.35666859,98.3563327782007,86,81,STABLE,Unhealthy for Sensitive Groups
32.1,93.14361050183751,2401,302,STABLE,Unhealthy
31.6,98.29797432375213,3339,3133,STABLE,Unhealthy
29.63688614,97.58185307591057,94,78,STABLE,Good
25.6,93.09881091642565,1714,876,STABLE,Unhealthy for Sensitive Groups
24.9,94.6769215447406,220,3820,STABLE,Unhealthy
30.6,95.94704049031373,201,238,STABLE,Good
26.3,96.08793677427194,181,228,STABLE,Good
28.9,99.12339551538203,638,330,STABLE,Moderate
29.10593234,98.94610703621815,47,89,VIBRATING,Unhealthy for Sensitive Groups
28.3,95.60517927324094,86,77,STABLE,Moderate
28.5,97.64150163512372,449,289,STABLE,Moderate
27.13210650668893,98.30296467175211,508,2027,STABLE,Unhealthy
28.27395825,98.38365321810994,85,81,STABLE,Unhealthy for Sensitive Groups
24.9,95.80708928793149,341,3042,STABLE,Unhealthy
29.4,98.03938778280337,845,265,STABLE,Moderate
32.0,96.26150721966586,3534,3614,STABLE,Unhealthy
27.5,97.44049704045013,1571,1473,STABLE,Unhealthy for Sensitive Groups
26.5,93.5090960883584,1309,705,STABLE,Unhealthy for Sensitive Groups
26.4,97.16914214852758,912,885,STABLE,Unhealthy for Sensitive Groups
26.7,94.940143222471,243,210,STABLE,Good
29.6,98.55907054974735,67,75,STABLE,Moderate
24.7,96.33895324338873,772,1929,STABLE,Unhealthy for Sensitive Groups
27.5,97.41842984023367,396,555,STABLE,Moderate
33.8,97.29151912968113,103,2488,STABLE,Unhealthy
33.7,97.1070188696023,3796,579,STABLE,Unhealthy
28.9132472,98.71508954284569,47,91,VIBRATING,Unhealthy
27.7,98.74423816384535,551,1177,STABLE,Moderate
28.45511715,98.17236005707056,86,80,STABLE,Unhealthy for Sensitive Groups
24.2,95.03721796308072,587,3130,STABLE,Unhealthy
28.3,98.93767987012498,77,77,STABLE,Moderate
32.7,99.32253027867716,420,255,STABLE,Moderate
32.1,99.06041224786702,839,1067,STABLE,Unhealthy for Sensitive Groups
24.0,95.0120896893584,91,150,STABLE,Good
29.7,93.82847044710681,1305,1293,STABLE,Unhealthy for Sensitive Groups
32.0,95.8578772749098,765,3744,STABLE,Unhealthy
26.9,96.73220533714964,140,116,STABLE,Good
31.0,95.77108584712468,719,780,STABLE,Unhealthy for Sensitive Groups
24.9,97.73730794600799,1541,1881,STABLE,Unhealthy for Sensitive Groups
30.7,98.89789412828065,1779,1117,STABLE,Unhealthy for Sensitive Groups
25.137983587526975,97.06169470849825,4095,987,VIBRATING,Unhealthy
32.7,96.33272612560782,667,401,STABLE,Moderate
29.7,97.70452850956943,1724,1551,STABLE,Unhealthy for Sensitive Groups
31.2,99.02349628881666,1340,1300,STABLE,Unhealthy for Sensitive Groups
28.346437284545836,98.31377721646857,4095,315,STABLE,Unhealthy
29.3,98.1115494280344,3750,1537,STABLE,Unhealthy
33.4,97.30291242491664,77,138,STABLE,Good
25.4,97.89979558393466,179,226,STABLE,Good
24.1,96.9033337727333,859,2335,STABLE,Unhealthy
28.26557237,97.40832141828069,86,76,STABLE,Unhealthy for Sensitive Groups
33.2,98.62693921219052,1509,1403,STABLE,Unhealthy for Sensitive Groups
26.6,96.77554375273304,64,94,STABLE,Good
25.9,98.19475487164263,2529,46,STABLE,Unhealthy
27.0,97.22305619293425,3739,194,STABLE,Unhealthy
28.8,96.22785570482174,2621,3142,STABLE,Unhealthy
24.060390000215556,96.77345745921787,4095,4095,STABLE,Unhealthy
24.4,99.00682116719938,76,99,STABLE,Good
28.5,96.15558519759071,187,89,STABLE,Moderate
26.9,98.93474626517596,1599,1289,STABLE,Unhealthy for Sensitive Groups
30.8,99.13992495883235,56,2047,STABLE,Unhealthy
30.7,98.96817863028313,554,743,STABLE,Moderate
28.9,97.37341504603731,340,458,VIBRATING,Moderate
25.6,97.9756649489576,872,1189,STABLE,Unhealthy for Sensitive Groups
32.1,99.43129570561457,340,905,STABLE,Moderate
28.2,96.03284782924489,50,104,VIBRATING,Unhealthy for Sensitive Groups
27.0,98.27929429788547,4018,2664,STABLE,Unhealthy
27.3,96.57272997258613,1527,1698,STABLE,Unhealthy for Sensitive Groups
29.05618277,94.3883947436409,46,88,STABLE,Unhealthy
28.1,97.93813406019615,48,110,STABLE,Good
31.1,97.79035812207562,589,989,STABLE,Moderate
32.9,94.53544055617759,3013,514,STABLE,Unhealthy
24.6,99.69717145815349,127,186,STABLE,Good
25.6,96.37127745046438,3704,1747,STABLE,Unhealthy
30.7,94.6497219215126,635,2074,STABLE,Unhealthy
26.6,98.54820284160438,536,774,STABLE,Moderate
30.2,96.05011928844829,69,114,STABLE,Unhealthy for Sensitive Groups
30.7,95.17721443912522,213,2809,VIBRATING,Unhealthy
32.0,98.63634937871478,303,558,STABLE,Moderate
28.1,96.08066371493416,166,80,STABLE,Good
29.8,99.18491100551812,648,538,STABLE,Moderate
28.0,97.49808530594281,177,88,STABLE,Moderate
27.4,97.54139843183646,3132,248,VIBRATING,Unhealthy
33.6,98.57831153158533,3575,2550,STABLE,Unhealthy
27.84063850325121,99.2003080694228,438,4095,STABLE,Unhealthy
25.5,97.89258377826897,3533,1946,STABLE,Unhealthy
25.9,98.8488481504145,3322,499,STABLE,Unhealthy
29.5,99.46197960799026,626,753,STABLE,Moderate
32.3,97.77717141826484,329,826,STABLE,Moderate
27.0,95.31592915649465,148,4095,STABLE,Unhealthy
33.6,99.50108983162355,561,469,STABLE,Moderate
27.4,98.3303085904276,3858,2280,STABLE,Unhealthy
28.85198913,97.76879628364392,86,74,STABLE,Unhealthy for Sensitive Groups
32.4,97.37657293164602,3731,1813,STABLE,Unhealthy
31.2,98.7167532771727,557,772,STABLE,Moderate
25.9,98.53229988747484,798,971,STABLE,Moderate
30.2,97.6908797710776,2327,530,STABLE,Unhealthy
30.2,98.32936508199873,68,115,VIBRATING,Unhealthy for Sensitive Groups
26.1,95.81228843927376,3183,3413,STABLE,Unhealthy
29.3,97.8502157374911,74,204,STABLE,Good
25.1,96.99095382361777,518,933,STABLE,Moderate
26.0,97.03941084674767,71,90,STABLE,Good
29.0,98.57311726243486,47,88,STABLE,Unhealthy
26.8,95.54156898290047,444,94,STABLE,Good
28.74848333,96.00505250565858,55,55,STABLE,Unhealthy for Sensitive Groups
29.03349688,97.41901785875875,54,92,STABLE,Unhealthy
27.4,98.00798960328481,3879,666,STABLE,Unhealthy
30.7,96.34814472714429,108,190,STABLE,Good
33.5,97.08201610195977,566,2720,STABLE,Unhealthy
30.3,99.30706762854975,72,107,STABLE,Unhealthy for Sensitive Groups
25.9,96.98154257158181,914,899,STABLE,Unhealthy for Sensitive Groups
25.9,94.95122366735207,175,2721,STABLE,Unhealthy
30.2,98.17367900172809,301,490,STABLE,Moderate
30.0,98.29410518477945,207,32,STABLE,Good
26.6,93.49435520246703,45,92,STABLE,Good
32.9,93.88621620913536,1424,1135,STABLE,Unhealthy for Sensitive Groups
29.4,96.78650737532438,2127,100,STABLE,Unhealthy
32.6,96.16044084038163,394,1114,STABLE,Moderate
30.2,99.0909357441466,74,229,STABLE,Good
27.2,98.25698416768827,1183,990,STABLE,Unhealthy for Sensitive Groups
33.3,96.16984824706842,799,1071,VIBRATING,Moderate
27.9,97.33167387792595,773,2083,STABLE,Unhealthy
30.1,96.68823311563916,496,2644,STABLE,Unhealthy
26.9,97.30628372372503,192,230,STABLE,Good
28.4,97.98535534534045,83,81,STABLE,Unhealthy
24.2,95.1057903734853,221,96,STABLE,Good
32.3,96.68584939968096,205,205,STABLE,Good
31.3,98.19174042472753,770,1726,STABLE,Unhealthy for Sensitive Groups
25.6,95.69481259821022,816,2255,VIBRATING,Unhealthy
31.9,97.2307916696141,126,126,STABLE,Good
31.6,93.89367032993358,1391,1180,STABLE,Unhealthy for Sensitive Groups
24.8,99.30363753713861,340,337,VIBRATING,Moderate
26.5,99.05294720349353,72,85,STABLE,Good
26.2,98.11202117912013,326,2907,STABLE,Unhealthy
25.1,95.89244375714937,3586,294,VIBRATING,Unhealthy
28.727824584898546,99.50701174365236,287,3105,STABLE,Unhealthy
32.9,97.59286635579546,606,436,STABLE,Moderate
33.65429618892845,97.89054677064979,4095,4095,STABLE,Unhealthy
26.5,95.32806155735983,871,1028,STABLE,Unhealthy for Sensitive Groups
31.2,98.12078342708418,79,55,STABLE,Good
25.1,98.56381344582455,1656,1902,STABLE,Unhealthy for Sensitive Groups
27.5,95.7074993317814,271,265,STABLE,Moderate
32.2,99.56164274970779,49,133,STABLE,Good
24.6,98.67886373107038,149,220,STABLE,Good
32.9,98.47837244697604,828,924,STABLE,Moderate
28.1,96.31913656531245,766,543,STABLE,Moderate
31.0,98.7399239751729,236,149,STABLE,Good
32.8,96.35691914275704,1783,1280,STABLE,Unhealthy for Sensitive Groups
29.6,99.02080879475469,651,375,STABLE,Moderate
25.7,97.95545499696186,83,181,STABLE,Good
28.8,99.5222689954044,89,74,STABLE,Unhealthy
29.8,98.33372916203773,95,46,STABLE,Good
25.6,92.81571445778982,783,907,STABLE,Moderate
28.57191243,96.9227500082814,86,83,STABLE,Unhealthy for Sensitive Groups
32.7,97.84583684987322,671,3367,STABLE,Unhealthy
28.36247613,97.85820320586186,85,79,STABLE,Unhealthy for Sensitive Groups
31.9,98.42713813058843,1223,1536,STABLE,Unhealthy for Sensitive Groups
31.3,96.54896352759069,49,147,STABLE,Good
28.0,95.55323184036415,1506,1884,STABLE,Unhealthy for Sensitive Groups
29.3,98.07027323807648,74,82,STABLE,Moderate
30.1,97.88383393323805,1642,1036,STABLE,Unhealthy for Sensitive Groups
27.6,98.62310088265713,1382,719,STABLE,Unhealthy for Sensitive Groups
27.8,97.82732258700703,88,79,VIBRATING,Moderate
33.6,99.050488923263,97,59,STABLE,Good
25.5,98.23515135756364,182,142,STABLE,Good
27.9,98.87655171092862,556,803,STABLE,Moderate
33.7,96.90627025838177,1064,1862,STABLE,Unhealthy for Sensitive Groups
32.9,98.46006970891683,872,730,STABLE,Moderate
28.55078607,95.81470849264709,85,81,STABLE,Unhealthy
28.3297355,97.36833358621152,86,84,STABLE,Unhealthy for Sensitive Groups
30.7,95.87930921384066,981,3863,STABLE,Unhealthy
33.0,98.52981454414328,4044,152,STABLE,Unhealthy
30.3,99.53315599545189,3098,3987,STABLE,Unhealthy
28.8556066,93.5133782570307,55,87,STABLE,Unhealthy
30.1,98.02310556664864,358,769,STABLE,Moderate
28.4,95.26888458694341,85,74,STABLE,Moderate
30.2,98.06779818031521,72,78,STABLE,Moderate
33.7,98.34500704423613,989,1053,STABLE,Unhealthy for Sensitive Groups
29.7,97.12453614748107,198,146,STABLE,Good
30.8,97.84822262108814,31,204,STABLE,Good
28.6,96.5229995167734,105,84,STABLE,Moderate
31.471133347965335,99.42515313680568,1817,923,STABLE,Unhealthy
32.7,97.37261059054006,134,119,STABLE,Good
28.2,96.10755867205759,576,420,STABLE,Moderate
31.7,97.72020804324721,64,246,STABLE,Good
33.7,95.66834064701354,490,797,STABLE,Moderate
29.4,99.45868778872938,1092,1785,STABLE,Unhealthy for Sensitive Groups
27.7,97.389943401818,2950,79,STABLE,Unhealthy
28.5,99.72479377043899,85,69,STABLE,Moderate
32.2,97.69473045851032,206,151,STABLE,Good
31.2,98.83222259056018,2793,41,STABLE,Unhealthy
25.0,94.6872661187426,304,3625,STABLE,Unhealthy
33.4,99.03970493471553,1241,1179,STABLE,Unhealthy for Sensitive Groups
30.2,98.10511467286148,62,77,STABLE,Good
28.4,98.26654986868628,693,1071,STABLE,Moderate
30.7,96.55552051094308,73,70,STABLE,Good
25.9,98.64647885761603,879,1174,STABLE,Unhealthy for Sensitive Groups
25.8,97.53812439094338,72,85,STABLE,Good
29.9,95.3052376431424,3821,459,STABLE,Unhealthy
27.3,98.64222923461497,170,241,STABLE,Good
30.082762484934243,98.65148161144393,926,2816,STABLE,Unhealthy
25.2,97.36653833352423,242,147,STABLE,Good
30.3,94.6855445276471,1607,1442,STABLE,Unhealthy for Sensitive Groups
24.7,98.75902675859197,381,842,STABLE,Moderate
29.3,96.4159503161011,2798,54,STABLE,Unhealthy
29.4,94.09411809519447,43,64,STABLE,Good
27.2,95.86661672909054,737,1209,STABLE,Unhealthy for Sensitive Groups
33.9,97.55076051731399,503,2864,STABLE,Unhealthy
27.2,96.84931680599956,2262,1000,STABLE,Unhealthy
28.55264992,94.6407286246227,86,83,VIBRATING,Unhealthy for Sensitive Groups
31.1,95.90517502880499,3574,2042,VIBRATING,Unhealthy
28.6,96.87013166040187,79,81,STABLE,Moderate
24.788810310206642,97.8497436708514,438,2573,STABLE,Unhealthy
30.5,97.38062824162651,3809,439,STABLE,Unhealthy
29.34572723,98.65451565862674,57,84,VIBRATING,Unhealthy
26.5,96.27600052332971,144,83,STABLE,Good
29.09088355,98.81864213646794,47,95,STABLE,Unhealthy
28.3,99.18471467552443,77,49,STABLE,Good
30.3,96.60438249944022,916,979,STABLE,Unhealthy for Sensitive Groups
30.75667298,97.50356821215597,97,57,VIBRATING,Good
29.8,97.36552680783447,897,1084,STABLE,Moderate
27.7,94.37983519248287,1608,1843,STABLE,Unhealthy for Sensitive Groups
26.6,98.62039899446187,47,2667,STABLE,Unhealthy
32.6,98.11728919077791,1227,1096,STABLE,Unhealthy for Sensitive Groups
27.9,98.558389700784,3692,739,STABLE,Unhealthy
29.4,97.37871167634036,703,377,STABLE,Moderate
25.9,95.45949059691989,3973,3899,STABLE,Unhealthy
33.9,99.10661375075898,759,572,STABLE,Moderate
26.0,98.3129440225719,2498,442,STABLE,Unhealthy
30.9,97.97819163422905,82,2758,STABLE,Unhealthy
28.8,94.53037977141439,822,830,STABLE,Moderate
29.74892728,97.68047009870989,86,145,STABLE,Unhealthy
29.2,96.23381697857634,47,91,STABLE,Unhealthy
32.4,96.12583440865984,35,211,STABLE,Good
26.9,98.27775686782745,151,80,VIBRATING,Good
29.8,92.90298827310968,245,86,STABLE,Good
28.9,95.70082878159626,107,89,STABLE,Moderate
28.38157323,97.73266294272332,86,77,STABLE,Unhealthy
32.7,96.20276498457959,1635,938,STABLE,Unhealthy for Sensitive Groups
31.2,97.88959772286469,785,363,STABLE,Moderate
31.6,95.82737155895613,248,40,STABLE,Good
31.7,96.52383263514812,355,1185,STABLE,Moderate
27.9,97.77693085367866,97,216,STABLE,Good
31.3,97.87799486598122,543,1183,STABLE,Moderate
28.30591246,98.57471465362956,85,72,STABLE,Unhealthy for Sensitive Groups
32.2,97.48788617402307,3678,748,STABLE,Unhealthy
24.3,96.31959638252809,3666,4007,STABLE,Unhealthy
31.9,97.01919710491809,99,155,STABLE,Good
30.9,95.75024585116269,380,2853,STABLE,Unhealthy
26.3,98.16783934150169,60,201,STABLE,Good
30.2,96.40876223762326,130,147,STABLE,Good
25.4,95.08874607272712,616,961,STABLE,Moderate
28.72820107,97.28340552000843,88,75,STABLE,Unhealthy
27.3,94.65965568469862,2434,3030,STABLE,Unhealthy
33.2,98.68522756961362,58,3256,STABLE,Unhealthy
27.2,96.45559390805735,149,147,STABLE,Good
33.5,96.50546835910245,717,842,STABLE,Moderate
31.4,95.14468104137146,1944,664,STABLE,Unhealthy
29.5,92.99406841405252,741,830,STABLE,Moderate
33.2,95.37623340010293,627,2164,STABLE,Unhealthy
29.0,96.9605886420911,3003,477,STABLE,Unhealthy
28.20392194,95.16797975847619,86,84,STABLE,Unhealthy
25.5,98.5270740797462,840,390,STABLE,Moderate
29.352836711807512,96.58069725215722,4095,942,STABLE,Unhealthy
24.4,98.0235936012786,3527,717,STABLE,Unhealthy
33.5,97.76731425634115,3611,1128,STABLE,Unhealthy
29.5,97.87985647369737,836,886,STABLE,Unhealthy for Sensitive Groups
28.2,97.45538780268095,85,76,STABLE,Moderate
32.0,99.47616621613227,151,126,STABLE,Good
31.4,97.10549784401974,823,726,STABLE,Moderate
24.6,99.41739257262415,1593,1804,VIBRATING,Unhealthy for Sensitive Groups
29.9,96.86803260923332,3589,787,VIBRATING,Unhealthy
29.8,94.96044541210048,95,77,STABLE,Good
28.5,96.76578134344385,905,2791,STABLE,Unhealthy
24.0,97.30245598063276,3579,51,STABLE,Unhealthy
27.8,97.73721288279523,721,710,STABLE,Moderate
32.2,98.35939322054013,205,186,STABLE,Good
28.39599473,97.02574174146723,87,83,STABLE,Unhealthy for Sensitive Groups
29.4,97.7456605871917,1750,1844,STABLE,Unhealthy for Sensitive Groups
28.0,98.37055242066059,398,272,STABLE,Moderate
29.2,95.31227737840838,40,81,STABLE,Moderate
28.4,97.23233353342592,403,967,STABLE,Moderate
28.49911922,99.06959850725903,86,83,VIBRATING,Unhealthy for Sensitive Groups
29.0,95.66266001151868,2380,762,STABLE,Unhealthy
28.5,96.46656624153725,83,77,STABLE,Moderate
27.71795072138223,98.55070031398141,941,3194,STABLE,Unhealthy
33.7,97.59164568585281,1501,985,STABLE,Unhealthy for Sensitive Groups
28.5,94.51134494758514,2822,897,STABLE,Unhealthy
30.0,98.92538842427172,174,83,VIBRATING,Good
28.36412844,99.4716265726391,78,4095,STABLE,Unhealthy
29.5,98.5497634559942,3899,3547,STABLE,Unhealthy
25.7,97.14244183619032,65,89,STABLE,Good
29.79245816,96.41164733885823,75,138,STABLE,Unhealthy
28.6,98.21831431807817,948,1838,STABLE,Unhealthy for Sensitive Groups
27.6,95.58387781402855,3030,680,STABLE,Unhealthy
28.1,98.83028837297576,214,188,STABLE,Good
28.1,94.97542715122557,128,243,STABLE,Good
28.52503878,98.96570975117618,109,85,STABLE,Unhealthy for Sensitive Groups
28.42169668009698,97.77711166829162,4095,4095,STABLE,Unhealthy
29.10777653,98.71564812007549,47,95,STABLE,Unhealthy
28.5,97.17440172666885,1421,1978,STABLE,Unhealthy for Sensitive Groups
25.1,95.46408695713521,2152,381,STABLE,Unhealthy
32.5,94.47965774518602,2807,568,STABLE,Unhealthy
25.9,98.44550677848903,66,90,STABLE,Good
25.5,93.68122054229275,196,229,STABLE,Good
33.7,98.24351977898408,65,42,STABLE,Good
32.1,96.58553219347078,1073,877,STABLE,Unhealthy for Sensitive Groups
24.256655760875464,96.20995773786541,393,4095,STABLE,Unhealthy
31.7,97.41875913838001,580,497,STABLE,Moderate
28.8,97.97371094776699,57,191,STABLE,Good
28.61318772,97.37236758694125,86,83,VIBRATING,Unhealthy for Sensitive Groups
29.7,98.88598585969699,94,78,STABLE,Good
33.2,97.2480300512591,94,60,STABLE,Good
32.9,95.65493730548901,4074,3075,STABLE,Unhealthy
29.6,97.38234052973684,435,589,STABLE,Moderate
28.5,98.04170164854915,3623,3027,STABLE,Unhealthy
24.4,98.43460280328017,714,3213,STABLE,Unhealthy
25.6,94.98472976798209,1796,1130,STABLE,Unhealthy for Sensitive Groups
25.7,96.34851635828122,2455,459,STABLE,Unhealthy
24.2,97.5153597315938,68,248,STABLE,Good
28.32570473,96.20073312979673,86,84,VIBRATING,Unhealthy for Sensitive Groups
27.4,95.16796964394801,553,617,STABLE,Moderate
33.6,96.69445501912878,97,59,STABLE,Good
26.7,98.70812823229407,91,3202,STABLE,Unhealthy
31.0,97.2707470902376,723,1988,STABLE,Unhealthy for Sensitive Groups
32.9,96.62051319425329,649,924,STABLE,Moderate
28.2,96.00590720513159,3703,339,STABLE,Unhealthy
29.6,99.33992600353189,223,3586,VIBRATING,Unhealthy
26.5,94.59556358603139,3385,774,STABLE,Unhealthy
28.38349829,94.06395970230241,87,75,STABLE,Unhealthy
26.6,97.47457933177157,2904,722,STABLE,Unhealthy
30.5,96.9760860502562,1268,1712,STABLE,Unhealthy for Sensitive Groups
26.9,97.18009409551655,445,93,STABLE,Good
26.5,97.30411840335965,217,240,STABLE,Good
28.13491607,95.47397199453363,87,84,VIBRATING,Unhealthy
28.32337689,96.85095955209688,61,145,VIBRATING,Unhealthy
28.0,94.49864826797919,916,2746,STABLE,Unhealthy
32.3,99.35363515437832,3276,252,STABLE,Unhealthy
30.5,96.15075564061922,3843,2740,STABLE,Unhealthy
24.2,98.09809978099145,3994,3375,STABLE,Unhealthy
32.9,97.55865996773716,1065,934,STABLE,Unhealthy for Sensitive Groups
32.1,98.7705780063612,1443,1362,STABLE,Unhealthy for Sensitive Groups
33.8,96.90230215025717,1166,982,STABLE,Unhealthy for Sensitive Groups
28.8,96.35678502516751,3322,55,STABLE,Unhealthy
26.0,97.869078523612,2436,305,STABLE,Unhealthy
28.54600942,98.74794164708469,85,84,STABLE,Unhealthy for Sensitive Groups
24.5,97.80191212131959,1392,1833,VIBRATING,Unhealthy for Sensitive Groups
26.9,93.88995976600266,731,886,STABLE,Unhealthy for Sensitive Groups
28.25354564,97.52748828341392,86,79,VIBRATING,Unhealthy for Sensitive Groups
33.2,97.43173734834612,603,989,STABLE,Moderate
27.2,98.40753691330971,1714,813,STABLE,Unhealthy for Sensitive Groups
28.23851981,95.06601794298341,86,84,STABLE,Unhealthy
31.9,96.27280252609418,4028,793,STABLE,Unhealthy
33.4,98.46599424854845,2770,224,STABLE,Unhealthy
24.98169027326381,97.31184081257224,437,4095,STABLE,Unhealthy
30.6,98.13125295376882,3105,2944,STABLE,Unhealthy
26.5,97.64923209727488,420,542,STABLE,Moderate
26.9,95.75506361913189,534,4014,STABLE,Unhealthy
25.2,96.90673731375634,2192,4041,STABLE,Unhealthy
30.7,94.48693673680091,2111,528,STABLE,Unhealthy
31.7,93.91881002813435,1508,1931,STABLE,Unhealthy for Sensitive Groups
27.5,95.64986625072895,106,2669,STABLE,Unhealthy
32.8,95.22261814286296,1718,1837,STABLE,Unhealthy for Sensitive Groups
29.1,96.12925581189289,185,81,STABLE,Moderate
30.4,96.42562974890922,715,522,STABLE,Moderate
27.7,96.01812640139987,1591,953,STABLE,Unhealthy for Sensitive Groups
29.0,98.00328474719352,46,86,STABLE,Unhealthy for Sensitive Groups
29.0,96.15033242218425,3727,2814,STABLE,Unhealthy
28.8073857,98.28086348411452,86,227,STABLE,Unhealthy
24.1,99.6305033650931,1537,1985,STABLE,Unhealthy for Sensitive Groups
31.09465557169482,97.74738690743966,998,3345,VIBRATING,Unhealthy
29.15707444,97.5366259819096,82,74,STABLE,Unhealthy for Sensitive Groups
29.2,95.84344637893292,543,3539,STABLE,Unhealthy
29.2,96.39707142495064,106,83,STABLE,Moderate
25.8,95.66952250638435,83,102,STABLE,Good
26.6,97.69229363553504,1282,1478,STABLE,Unhealthy for Sensitive Groups
24.7,98.26884308846097,3745,1848,STABLE,Unhealthy
24.2,96.29503591998885,248,169,STABLE,Good
25.2,97.2974056954381,3340,357,STABLE,Unhealthy
31.9,94.46976575301944,48,233,STABLE,Good
29.5,95.5530631181001,66,78,VIBRATING,Good
27.3,95.23481659204793,344,508,STABLE,Moderate
27.4,97.54661217654905,3010,610,STABLE,Unhealthy
31.4,95.85145674412306,4069,947,STABLE,Unhealthy
33.4,99.01075600940258,3578,566,STABLE,Unhealthy
28.7,93.91720177052025,150,208,STABLE,Good
24.1,98.19732840270045,173,46,STABLE,Good
32.8,95.73580348300634,772,637,STABLE,Moderate
31.0,96.50830380996915,1325,1648,STABLE,Unhealthy for Sensitive Groups
30.39265876,98.1464208222905,94,57,STABLE,Good
28.5,97.18898939651568,84,75,STABLE,Moderate
24.7,95.96423544264766,1980,2887,STABLE,Unhealthy
33.9,98.06930033737895,3324,2574,STABLE,Unhealthy
30.1,97.43625210485875,81,131,STABLE,Unhealthy
28.7,98.40730783536523,4071,839,STABLE,Unhealthy
32.4,96.89452956750587,998,986,STABLE,Unhealthy for Sensitive Groups
27.7,93.53525041848904,211,218,STABLE,Good
32.4,97.14419292308408,2542,860,STABLE,Unhealthy
27.5,99.12019005567473,192,238,STABLE,Good
31.3,99.16482141204796,1214,1199,STABLE,Unhealthy for Sensitive Groups
29.8,97.01032733745987,4076,1812,STABLE,Unhealthy
29.3,97.24410511930724,1091,1977,VIBRATING,Unhealthy for Sensitive Groups
28.51646351,96.8727773761437,78,72,STABLE,Unhealthy for Sensitive Groups
28.1,98.25334823415456,86,81,STABLE,Moderate
29.615270619028173,97.85671223186867,825,4095,STABLE,Unhealthy
32.4,92.95934790869377,4011,215,STABLE,Unhealthy
29.8,99.0193603771455,3966,2702,STABLE,Unhealthy
31.9,98.03593637904426,695,542,STABLE,Moderate
29.0,97.16963002405399,124,45,STABLE,Good
26.54480932,97.99335335944664,73,86,STABLE,Good
28.6,97.61012808388286,1427,1031,VIBRATING,Unhealthy for Sensitive Groups
27.5,94.6019316747219,721,1051,STABLE,Moderate
30.4,98.572323030843,341,291,STABLE,Moderate
29.4,98.57701167415124,895,1112,STABLE,Unhealthy for Sensitive Groups
25.1,97.38664031356625,683,614,STABLE,Moderate
24.5,96.15499628049142,268,1178,STABLE,Moderate
30.12937578,98.41846845720838,95,58,STABLE,Good
28.6,97.0475463079022,851,1983,STABLE,Unhealthy for Sensitive Groups
29.73541736,98.55173554140309,67,79,VIBRATING,Unhealthy
25.4,98.67425173240265,1549,1967,STABLE,Unhealthy for Sensitive Groups
31.1,96.44526447221767,285,475,STABLE,Moderate
26.4,97.66714986508228,63,93,VIBRATING,Good
24.4,98.14682468167005,4060,3727,STABLE,Unhealthy
29.6,98.01613141745015,68,87,VIBRATING,Moderate
27.0431945,92.44999391048977,148,4095,STABLE,Unhealthy
26.1,99.21841633472248,72,85,STABLE,Good
24.2,97.06379853625288,978,1958,STABLE,Unhealthy for Sensitive Groups
32.1,94.57445854670101,3218,233,STABLE,Unhealthy
31.3,98.39110573442416,1317,1296,STABLE,Unhealthy for Sensitive Groups
29.2,97.13600684858748,46,97,STABLE,Unhealthy
31.2,99.03402916663825,232,77,STABLE,Good
31.7,97.3960100965651,2447,166,STABLE,Unhealthy
28.1,99.29695273992469,114,143,STABLE,Good
29.08778912,97.67755398030516,47,92,STABLE,Unhealthy
33.0,95.63094121613247,678,949,STABLE,Moderate
28.3,96.75811449375938,87,83,STABLE,Unhealthy for Sensitive Groups
33.2,99.37171612199938,124,128,STABLE,Good
27.8,98.50571203376285,147,191,STABLE,Good
28.9,99.25971566461621,884,3941,STABLE,Unhealthy
29.890900517512478,96.88577560759148,313,2244,STABLE,Unhealthy
28.7,94.19586345436058,83,72,STABLE,Moderate
27.4,99.32391923183535,3427,3634,STABLE,Unhealthy
29.0,98.17074069962013,46,87,VIBRATING,Unhealthy
31.45149861,97.9172273179013,87,60,STABLE,Good
33.2,99.14887378605732,228,94,STABLE,Good
28.9,97.26747594532102,2855,398,STABLE,Unhealthy
31.3,93.30454110075216,1663,1558,STABLE,Unhealthy for Sensitive Groups
28.2,99.21457468330539,1440,1013,STABLE,Unhealthy for Sensitive Groups
28.7,98.2915130401292,198,239,STABLE,Good
32.4,96.97976491258109,1707,1976,STABLE,Unhealthy for Sensitive Groups
28.2,97.3402168434357,2531,490,STABLE,Unhealthy
27.2,99.34926677166804,99,83,STABLE,Good
28.5,96.29990175162914,86,81,STABLE,Unhealthy
33.5,98.06015909254178,2117,995,VIBRATING,Unhealthy
31.3,98.82360691501555,2710,2183,STABLE,Unhealthy
32.7,97.33427694790551,52,237,STABLE,Good
30.1,96.34927687485568,69,156,STABLE,Moderate
30.6,99.25233453666318,753,914,STABLE,Moderate
24.3,98.99013309952689,228,99,STABLE,Good
28.2,96.57572140351081,3873,3178,STABLE,Unhealthy
27.4,97.09524386404793,3029,880,STABLE,Unhealthy
27.0,97.1459955365653,203,198,STABLE,Good
27.7,98.07825497076324,106,168,STABLE,Good
32.5,98.06772730782232,1188,1673,STABLE,Unhealthy for Sensitive Groups
28.6,97.7071253681229,1564,1737,STABLE,Unhealthy for Sensitive Groups
28.6,98.37645044170036,86,68,STABLE,Moderate
28.1,91.1193566722316,3559,780,STABLE,Unhealthy
28.9,97.85561314609997,1715,1638,STABLE,Unhealthy for Sensitive Groups
30.6,96.19676504867184,97,169,STABLE,Good
32.3,97.24531786485477,473,784,STABLE,Moderate
25.9,97.41854112602374,71,232,STABLE,Good
30.1,97.96225931372457,127,31,STABLE,Good
31.9,97.79908968072502,297,585,VIBRATING,Moderate
31.5,95.32724549550187,339,520,STABLE,Moderate
28.3,95.48608281319216,76,4095,STABLE,Unhealthy
28.6,98.37748062567896,2138,2205,STABLE,Unhealthy
28.2458989,99.50207925765226,86,76,STABLE,Unhealthy for Sensitive Groups
31.0,98.50903819577209,193,81,STABLE,Good
32.0,98.31085843148841,1776,847,STABLE,Unhealthy for Sensitive Groups
28.5,94.84690596477205,87,70,STABLE,Moderate
27.3,98.68832599347209,275,3027,STABLE,Unhealthy
29.02178243,94.82285594022134,84,75,STABLE,Unhealthy for Sensitive Groups
26.6,96.23103856280595,1269,1958,STABLE,Unhealthy for Sensitive Groups
29.7,95.66740842437332,66,77,STABLE,Moderate
25.4,97.44757740818099,97,222,STABLE,Good
24.9,95.34516417956031,1427,840,STABLE,Unhealthy for Sensitive Groups
30.4,94.92360774880095,2601,685,STABLE,Unhealthy
25.06362940907779,98.16497576797461,779,4095,STABLE,Unhealthy
26.6,98.8548926829714,1131,792,STABLE,Unhealthy for Sensitive Groups
24.778361518620148,97.59724628912201,4095,895,STABLE,Unhealthy
26.36073854490606,97.08815075655679,501,4095,STABLE,Unhealthy
30.7,94.81773233061388,2688,486,VIBRATING,Unhealthy
32.9,98.53984046137676,197,62,STABLE,Good
26.2,98.6229657938765,1706,1946,STABLE,Unhealthy for Sensitive Groups
27.3,93.96084823092383,3162,773,STABLE,Unhealthy
30.7,98.51924055548682,949,1028,VIBRATING,Unhealthy for Sensitive Groups
32.8,96.05109825457492,1786,1080,STABLE,Unhealthy for Sensitive Groups
33.4,98.33737169966514,819,504,STABLE,Moderate
30.3,93.95074257801606,528,925,STABLE,Moderate
31.87363256,97.13002289887399,87,60,STABLE,Good
29.9,98.1589757316194,247,202,STABLE,Good
24.4,98.42770671310828,37,227,STABLE,Good
31.95332851089414,99.78758187329326,726,3627,STABLE,Unhealthy
26.1,98.43545687385046,67,89,STABLE,Good
31.7,95.93044859885009,3293,3622,STABLE,Unhealthy
26.8,97.33514186309137,3777,133,STABLE,Unhealthy
32.3,94.7503627067364,1591,1190,STABLE,Unhealthy for Sensitive Groups
24.7,98.60034543904477,3748,81,STABLE,Unhealthy
31.0,99.48715669360283,628,640,STABLE,Moderate
29.4,96.65670361834381,229,132,STABLE,Good
26.4,96.26535685117693,130,70,STABLE,Good
25.3,96.94865530394829,209,88,STABLE,Good
28.6,98.51502246445749,802,1711,STABLE,Unhealthy for Sensitive Groups
24.4,98.08785437405058,1779,1895,STABLE,Unhealthy for Sensitive Groups
28.78940282,96.86223726753586,58,84,VIBRATING,Unhealthy for Sensitive Groups
27.0,96.4464827664329,225,2336,STABLE,Unhealthy
26.5,97.06974712561153,43,93,STABLE,Good
25.4,98.38611424249711,431,908,STABLE,Moderate
27.1,97.59518140818584,638,950,STABLE,Moderate
25.7,99.09508811538618,456,3190,STABLE,Unhealthy
28.7,96.72933546945492,2343,3442,STABLE,Unhealthy
33.9,96.77381871285229,953,1586,STABLE,Unhealthy for Sensitive Groups
30.1,97.17653311787012,1478,1136,STABLE,Unhealthy for Sensitive Groups
31.0,97.7018482200673,100,2922,STABLE,Unhealthy
32.0,98.48765774646252,1087,1161,STABLE,Unhealthy for Sensitive Groups
25.3,96.87299676436308,448,1039,STABLE,Moderate
32.5,94.779473938638,864,616,STABLE,Moderate
26.7,96.05470466646818,1491,1413,STABLE,Unhealthy for Sensitive Groups
24.2,98.8263744665408,1332,1111,STABLE,Unhealthy for Sensitive Groups
25.3,95.8787159545728,1520,1334,STABLE,Unhealthy for Sensitive Groups
30.5,97.00359542200346,1276,841,STABLE,Unhealthy for Sensitive Groups
29.0,97.97875999789663,47,87,STABLE,Unhealthy for Sensitive Groups
24.2,98.59919259332455,85,238,STABLE,Good
30.4,97.01448486454528,95,60,VIBRATING,Good
31.9,98.45027263679184,52,202,STABLE,Good
28.0,96.01947816775936,180,85,STABLE,Moderate
25.3,97.46748641959367,987,1205,STABLE,Unhealthy for Sensitive Groups
28.2,96.86106420368692,1289,877,STABLE,Unhealthy for Sensitive Groups
28.40653785,97.85294280146188,86,80,STABLE,Unhealthy
26.7,93.89955958584194,67,230,STABLE,Good
30.4,96.09442478035619,1188,1339,STABLE,Unhealthy for Sensitive Groups
29.2,96.29624120536495,68,44,STABLE,Good
30.0,97.0841214392774,309,638,STABLE,Moderate
30.7,96.08619258979185,1384,1712,STABLE,Unhealthy for Sensitive Groups
29.9103667,96.89464887193967,84,131,STABLE,Unhealthy
32.6,97.21103508733181,530,691,STABLE,Moderate
28.7,95.24945197674847,1624,1550,STABLE,Unhealthy for Sensitive Groups
28.2,97.58846152935554,291,408,STABLE,Moderate
28.6,98.32226085488982,775,1288,STABLE,Unhealthy for Sensitive Groups
31.0,98.30224706571586,173,214,STABLE,Good
24.3,96.34293828410979,1549,1813,STABLE,Unhealthy for Sensitive Groups
31.8,94.468377251662,1875,2239,STABLE,Unhealthy
30.9,98.05916298848834,1395,787,STABLE,Unhealthy for Sensitive Groups
29.6,98.44475708122987,631,835,STABLE,Moderate
29.3,93.88328577019305,3021,611,STABLE,Unhealthy
28.2,99.04245261633748,179,87,STABLE,Moderate
29.49568356876457,97.17581773413772,438,4095,STABLE,Unhealthy
29.15959786,98.36375158351234,47,90,STABLE,Unhealthy
28.1,98.6592953154391,3894,159,STABLE,Unhealthy
28.9,94.34530594256482,361,296,STABLE,Moderate
24.1,97.06942062725606,3653,1822,STABLE,Unhealthy
33.1,94.60039255555179,242,3112,STABLE,Unhealthy
32.9,95.34111661683234,351,2865,STABLE,Unhealthy
33.7,96.64833985192782,1365,834,STABLE,Unhealthy for Sensitive Groups
25.5,98.5210237652673,857,841,STABLE,Moderate
28.84634263,96.00961286598786,54,84,VIBRATING,Unhealthy for Sensitive Groups
29.7,98.36834561712308,67,78,VIBRATING,Unhealthy
31.8,97.5423931677938,1557,1310,STABLE,Unhealthy for Sensitive Groups
34.0,95.77942642652994,97,59,STABLE,Good
34.0,97.12396737207318,743,261,STABLE,Moderate
30.2,98.32811778368877,550,1061,STABLE,Moderate
28.3,97.91744007220643,80,75,STABLE,Moderate
28.17413355,95.96991116611598,86,80,VIBRATING,Unhealthy for Sensitive Groups
26.497682784200734,97.8066638600139,4095,313,STABLE,Unhealthy
28.3,97.88541863404501,76,74,VIBRATING,Moderate
25.9,96.22232125712885,452,754,STABLE,Moderate
26.0303112,98.54370133473329,72,85,STABLE,Good
29.7,95.05938298916983,799,699,STABLE,Moderate
28.7,95.2666900168734,86,82,STABLE,Unhealthy for Sensitive Groups
28.31060029,99.19276376321126,87,79,STABLE,Unhealthy for Sensitive Groups
30.9,95.96785825208467,1329,1503,STABLE,Unhealthy for Sensitive Groups
28.8,96.87494858971215,182,96,STABLE,Moderate
28.2,93.79685814796083,928,2476,STABLE,Unhealthy
29.55323937,99.1586898869991,76,78,VIBRATING,Unhealthy
33.6,98.92549440281547,3636,2592,STABLE,Unhealthy
28.3,97.10901934126339,718,889,STABLE,Moderate
32.0,98.80643830130406,1989,775,STABLE,Unhealthy
25.4,97.68063281677325,66,89,STABLE,Good
29.01257415,99.21625860838027,47,92,STABLE,Unhealthy
28.48078387,97.4363781678842,72,70,VIBRATING,Unhealthy for Sensitive Groups
30.5,97.73030478060815,1124,1075,STABLE,Unhealthy for Sensitive Groups
33.4,95.1444827668188,3158,3058,STABLE,Unhealthy
28.3,96.83560867000897,3619,845,STABLE,Unhealthy
25.4,96.87797452093973,127,186,STABLE,Good
32.0,94.08574483011748,353,393,STABLE,Moderate
31.5,97.02268331278023,1549,1358,STABLE,Unhealthy for Sensitive Groups
32.8,94.01535116851731,123,94,STABLE,Good
28.8,94.7672730305277,3107,3750,STABLE,Unhealthy
27.2,98.7517570337286,591,732,STABLE,Moderate
30.1,96.33000319412098,96,57,VIBRATING,Good
26.5,96.81626957694341,163,52,STABLE,Good
29.0,96.64525432426473,2582,2607,STABLE,Unhealthy
28.2,95.59721087576534,52,117,STABLE,Unhealthy
27.4,94.78859721125183,633,609,STABLE,Moderate
27.9,94.97669051417247,1370,1449,STABLE,Unhealthy for Sensitive Groups
31.0,97.16556731754667,1490,1919,STABLE,Unhealthy for Sensitive Groups
32.8,93.93120236193103,3852,960,STABLE,Unhealthy
28.8,98.44097686812384,250,793,STABLE,Moderate
29.6,95.82866713101012,708,3472,STABLE,Unhealthy
33.0,98.65748329508287,3934,3755,STABLE,Unhealthy
30.0,94.77566386381578,229,45,STABLE,Good
28.27563433,94.18885158640153,86,78,STABLE,Unhealthy for Sensitive Groups
28.2,97.71073602513901,991,2249,STABLE,Unhealthy
25.73562799,97.54171797838953,66,90,STABLE,Good
28.2,95.91793127155701,3785,934,STABLE,Unhealthy
31.5,91.90637938444578,2386,488,STABLE,Unhealthy
27.4,98.24288916280163,3595,2680,STABLE,Unhealthy
32.3,97.1504347208577,1990,300,STABLE,Unhealthy
29.0,99.0338278249066,525,292,STABLE,Moderate
33.2,99.04431155887785,3684,3845,STABLE,Unhealthy
31.3,95.09607094716849,241,179,STABLE,Good
33.4,99.00127393464165,734,1331,STABLE,Unhealthy for Sensitive Groups
28.5,97.6878533540093,100,89,STABLE,Good
25.7,97.90770386369182,945,1117,STABLE,Unhealthy for Sensitive Groups
31.8,95.88642872482387,226,163,STABLE,Good
25.1,96.63413164131852,1639,831,STABLE,Unhealthy for Sensitive Groups
29.5,94.89659906333205,69,88,STABLE,Moderate
26.0,96.97177845099856,963,3582,STABLE,Unhealthy
29.9,98.61394210483664,761,1972,STABLE,Unhealthy for Sensitive Groups
24.8,97.6110258836349,451,3461,STABLE,Unhealthy
24.8,94.17078331779199,380,1007,STABLE,Moderate
29.9,98.51323893020681,181,54,STABLE,Good
33.3,97.43139922616994,1060,1244,STABLE,Unhealthy for Sensitive Groups
30.2,98.50817007657571,708,881,STABLE,Moderate
30.6,93.66263727646299,622,1104,VIBRATING,Moderate
32.7,98.17433602632103,803,1132,STABLE,Moderate
25.6,97.43828333823858,1379,822,STABLE,Unhealthy for Sensitive Groups
33.4,98.03314821384724,666,778,STABLE,Moderate
29.0,97.31266394292068,46,87,VIBRATING,Unhealthy for Sensitive Groups
26.68267981,96.90232663183632,64,95,VIBRATING,Good
30.8,96.21151093012863,1723,1832,STABLE,Unhealthy for Sensitive Groups
28.4,95.16299013568585,49,119,STABLE,Moderate
28.4,98.91848280233887,2512,751,STABLE,Unhealthy
26.3,94.46600025977226,163,174,STABLE,Good
31.0,96.78071370228206,44,43,STABLE,Good
32.2,94.37187331858237,64,55,STABLE,Good
29.5096035354688,97.63775279051667,372,4095,STABLE,Unhealthy
25.5,95.5854058782608,710,604,STABLE,Moderate
31.6,97.05302497055852,618,872,STABLE,Moderate
29.23888838,96.80508922902364,53,95,STABLE,Unhealthy
27.0,96.29955209017116,232,162,STABLE,Good
31.6,97.5708672241355,107,237,STABLE,Good
27.0,98.20871133096821,500,1059,STABLE,Moderate
26.0,96.71981403882114,3765,3541,STABLE,Unhealthy
32.1,95.62568004730291,710,772,STABLE,Moderate
33.5,98.40037116116389,1688,1025,STABLE,Unhealthy for Sensitive Groups
30.4,97.77243489358663,469,326,STABLE,Moderate
24.8,93.24582003610485,2825,461,STABLE,Unhealthy
29.9,98.40838635025699,4093,3145,STABLE,Unhealthy
30.0,98.66550676086173,2600,281,STABLE,Unhealthy
32.1,99.07447791264578,834,3478,STABLE,Unhealthy
30.0,96.13390183556994,70,76,STABLE,Moderate
26.7,96.3479996822037,153,4095,STABLE,Unhealthy
26.82131575,98.43956338073566,150,4095,STABLE,Unhealthy
32.2,97.73838943496726,264,624,STABLE,Moderate
25.9,97.20882037194117,227,181,STABLE,Good
24.7,98.04110230834769,282,713,STABLE,Moderate
28.4,96.6079658641085,880,75,STABLE,Moderate
31.1,95.81486025989116,815,442,STABLE,Moderate
27.011051789087453,97.74474969160273,2867,155,STABLE,Unhealthy
31.0,96.71578589427841,166,70,STABLE,Good
28.9,95.06946770594995,156,64,STABLE,Good
33.2,96.29297385651995,706,1569,STABLE,Unhealthy for Sensitive Groups
28.2,97.95565502201246,964,1606,STABLE,Unhealthy for Sensitive Groups
28.3,97.27785738107713,86,78,STABLE,Unhealthy for Sensitive Groups
26.53865848,97.10302771544704,41,94,STABLE,Good
25.7,98.39859789433633,226,160,STABLE,Good
31.6,95.19002899272361,1642,1932,STABLE,Unhealthy for Sensitive Groups
30.1,97.56541011445228,96,58,STABLE,Good
30.0,95.82619700816653,759,772,STABLE,Moderate
26.4,97.35303265207219,644,443,STABLE,Moderate
30.77523745,97.8525314457119,98,57,STABLE,Good
27.9,96.19243726808759,1146,983,STABLE,Unhealthy for Sensitive Groups
28.30425206,96.54013627038374,86,79,STABLE,Unhealthy for Sensitive Groups
30.2,95.00618953841993,70,77,STABLE,Moderate
24.9,99.18705848202625,3077,3180,STABLE,Unhealthy
30.0,94.60148630305571,80,138,STABLE,Moderate
27.1,96.2395455858056,146,82,STABLE,Good
26.1,99.3287685567898,2895,3557,STABLE,Unhealthy
29.5,96.72585348523869,68,91,STABLE,Moderate
29.2,97.81872600918646,190,81,VIBRATING,Moderate
28.1,96.8626648699974,84,75,STABLE,Moderate
28.7,98.56761933974563,1416,1154,STABLE,Unhealthy for Sensitive Groups
29.6,97.99555516023952,922,1437,STABLE,Unhealthy for Sensitive Groups
28.4,97.22068361993236,86,83,VIBRATING,Unhealthy for Sensitive Groups
32.0,95.83814126750319,1173,1835,STABLE,Unhealthy for Sensitive Groups
24.7,98.19345006802305,1663,754,STABLE,Unhealthy for Sensitive Groups
24.1,97.78929499142785,176,35,STABLE,Good
29.348081972172004,97.86883303337771,2290,843,STABLE,Unhealthy
26.7,93.85435543306838,123,86,STABLE,Good
28.2,94.64182735214038,55,129,STABLE,Unhealthy
28.31011323,95.53010919917313,84,81,STABLE,Unhealthy
28.4,94.85303737920307,476,518,STABLE,Moderate
27.6,96.15500392469406,230,97,STABLE,Good
33.6,93.73629559180897,189,235,STABLE,Good
34.0,97.98719634395073,97,59,STABLE,Good
31.9,94.95596706743564,1148,1167,STABLE,Unhealthy for Sensitive Groups
29.8,97.12842571561893,119,220,STABLE,Good
27.4,99.19008090920978,622,774,STABLE,Moderate
26.1,95.84136312395972,3751,207,STABLE,Unhealthy
29.3,97.32459170602675,60,142,STABLE,Good
24.6,92.6963948053015,679,639,STABLE,Moderate
26.3,99.10205914215204,2109,142,STABLE,Unhealthy
25.1,97.76141891922475,162,3746,STABLE,Unhealthy
31.5,97.70645738722057,1071,1431,STABLE,Unhealthy for Sensitive Groups
24.3,93.1939523634998,97,64,STABLE,Good
26.6,98.8044067682188,127,212,STABLE,Good
24.8,96.55173692417712,909,1369,VIBRATING,Unhealthy for Sensitive Groups
27.4,98.17010367119036,1234,968,STABLE,Unhealthy for Sensitive Groups
26.2,94.15817611787534,63,94,STABLE,Good
31.5,96.5785877320329,87,60,VIBRATING,Good
31.8,93.95201679472562,1461,976,STABLE,Unhealthy for Sensitive Groups
29.13972734,96.03930556769977,46,88,STABLE,Unhealthy
29.0,95.30446148533983,47,88,STABLE,Unhealthy for Sensitive Groups
31.2,98.19804427409828,176,119,STABLE,Good
29.6,96.14294568440732,2974,175,STABLE,Unhealthy
28.9,98.61664729124101,208,99,STABLE,Good
31.4,92.60891701690358,440,2930,STABLE,Unhealthy
26.5,97.77557162164513,2922,2821,STABLE,Unhealthy
28.79868683781352,99.28033560555392,4036,483,STABLE,Unhealthy
32.1,95.23711218156444,83,155,STABLE,Good
24.9,97.49198948877604,1710,1794,STABLE,Unhealthy for Sensitive Groups
28.7240729,97.78903597253185,85,80,VIBRATING,Unhealthy for Sensitive Groups
31.5,95.81884075804365,884,3808,STABLE,Unhealthy
28.9,96.63116192442516,192,82,STABLE,Moderate
33.4,98.09805158540432,866,275,STABLE,Moderate
31.3,95.15130666221022,1452,1319,STABLE,Unhealthy for Sensitive Groups
28.8,94.44996725842711,3621,983,STABLE,Unhealthy
24.880826803129995,98.76932952804383,2221,783,STABLE,Unhealthy
29.47602925,99.20067100532248,68,78,STABLE,Unhealthy
25.9,98.03821075542766,2941,2228,STABLE,Unhealthy
29.65517933,94.45798823366064,68,77,STABLE,Unhealthy for Sensitive Groups
24.1,98.21516666788241,662,327,STABLE,Moderate
31.7,96.63697040159741,3350,920,STABLE,Unhealthy
28.8,95.75966447075812,64,239,VIBRATING,Unhealthy
24.6,98.9891146164553,43,126,STABLE,Good
26.3,97.2115912793107,63,94,VIBRATING,Good
32.4,95.86713810107979,3077,717,STABLE,Unhealthy
28.3,96.85274519875973,754,2570,STABLE,Unhealthy
28.6,97.8285232027012,106,85,STABLE,Moderate
29.1726397,96.40130912673952,47,92,STABLE,Unhealthy
26.1,92.90279262120126,242,79,STABLE,Good
25.5,96.34273926635701,1235,1802,STABLE,Unhealthy for Sensitive Groups
29.9,95.65756681420264,3907,263,STABLE,Unhealthy
26.9,98.6522485267754,738,1830,STABLE,Unhealthy for Sensitive Groups
32.7,98.00337265489479,92,59,STABLE,Good
29.3,98.05518501872193,2000,391,STABLE,Unhealthy
29.2,97.26159462143396,167,132,STABLE,Good
29.6,95.74215469987384,94,78,STABLE,Good
24.0,98.30745015189487,419,411,STABLE,Moderate
24.019216602263818,98.38339507048782,4095,4095,STABLE,Unhealthy
29.0,92.06956684895296,3526,41,STABLE,Unhealthy
25.4,98.89361707142916,173,233,STABLE,Good
25.6,95.35917077238093,1460,753,STABLE,Unhealthy for Sensitive Groups
28.25984427,99.5957906508934,87,79,STABLE,Unhealthy for Sensitive Groups
26.5,95.5383435544821,2393,358,VIBRATING,Unhealthy
30.9,99.39227701171801,1051,1843,STABLE,Unhealthy for Sensitive Groups
33.5,97.66509642262679,760,782,STABLE,Moderate
28.4,94.82121347439121,86,76,STABLE,Unhealthy
24.7,99.33570383599199,1416,1229,STABLE,Unhealthy for Sensitive Groups
26.8,94.08428015722977,149,81,STABLE,Good
28.52960539,98.0284817623563,86,83,VIBRATING,Unhealthy for Sensitive Groups
33.4,97.08011664644059,368,3434,STABLE,Unhealthy
25.7,98.41013515621285,231,163,STABLE,Good
27.5,94.6740670468265,816,687,STABLE,Moderate
25.7,96.25957225695637,810,2469,STABLE,Unhealthy
30.4,98.58015508915044,59,3,VIBRATING,Moderate
29.2,98.9637343558028,3395,676,VIBRATING,Unhealthy
28.9,97.43842043992576,277,2524,STABLE,Unhealthy
34.0,97.16952097787564,2417,677,STABLE,Unhealthy
30.8,94.04843828104185,1064,1369,STABLE,Unhealthy for Sensitive Groups
24.2,96.53208955095971,1476,1107,STABLE,Unhealthy for Sensitive Groups
24.3,97.01346413989799,1722,1341,STABLE,Unhealthy for Sensitive Groups
29.3,98.38143825001225,1440,1340,STABLE,Unhealthy for Sensitive Groups
26.770383167925957,99.35326805582093,4095,596,STABLE,Unhealthy
29.2,96.62031855607172,1749,929,STABLE,Unhealthy for Sensitive Groups
24.4,98.36351957692574,30,194,STABLE,Good
29.3,98.04291483308278,711,805,STABLE,Moderate
25.2,93.5023120186105,207,122,STABLE,Good
25.6,97.75342942351111,233,52,STABLE,Good
29.5,98.55619825347475,73,82,VIBRATING,Moderate
32.639966016445534,96.02875960332658,906,4095,STABLE,Unhealthy
26.53892017,94.90685148216171,41,93,VIBRATING,Good
30.7,96.93511540897855,95,152,STABLE,Good
28.4,98.75484450141883,87,79,STABLE,Unhealthy for Sensitive Groups
29.4,96.91234694153486,1136,796,STABLE,Unhealthy for Sensitive Groups
26.3,97.53676336127431,3880,718,STABLE,Unhealthy
33.1,95.7109436015075,2738,583,STABLE,Unhealthy
24.9,93.17574269243066,484,1144,STABLE,Moderate
28.2,97.34376533974877,87,80,STABLE,Moderate
30.732885498902206,97.13527077589691,762,4095,STABLE,Unhealthy
32.7,98.31891696565438,751,1399,STABLE,Unhealthy for Sensitive Groups
30.2,98.37545395008047,94,59,STABLE,Good
30.8,95.57731206743435,56,101,STABLE,Good
30.3,96.91947990479811,599,2374,STABLE,Unhealthy
24.3,96.06419092028091,411,290,STABLE,Moderate
31.2,96.90343965053971,87,60,STABLE,Good
33.0,98.24977562667186,2240,208,STABLE,Unhealthy
29.8,98.9778920193493,206,60,STABLE,Good
30.3,99.61982212495099,104,100,STABLE,Good
33.5,99.29964494658486,1848,2951,VIBRATING,Unhealthy
28.5,99.08675294724631,835,2404,STABLE,Unhealthy
24.5,96.71908039351918,313,461,STABLE,Moderate
28.6,98.84610021903968,1758,758,STABLE,Unhealthy for Sensitive Groups
25.527397570451278,97.3420534132967,736,4095,STABLE,Unhealthy
29.10684105,96.64831064852872,47,93,VIBRATING,Unhealthy
31.5,97.33708446017265,576,628,STABLE,Moderate
28.1,95.23649712037921,131,184,STABLE,Good
33.4,98.14024403292501,99,59,VIBRATING,Good
26.8,98.7999632094447,182,198,STABLE,Good
26.8,99.58706318390625,767,1523,STABLE,Unhealthy for Sensitive Groups
30.25317682,98.61929428922747,70,112,STABLE,Unhealthy for Sensitive Groups
27.2,94.94127725548097,473,1026,STABLE,Moderate
33.2,97.20717543454774,100,60,STABLE,Good
26.5,98.26990165207371,837,1491,VIBRATING,Unhealthy for Sensitive Groups
30.0,97.62959414176868,157,111,STABLE,Good
29.1,98.33446043118208,46,87,STABLE,Unhealthy
26.8,98.33045863379922,1521,801,STABLE,Unhealthy for Sensitive Groups
33.4,96.79110312341851,1674,1239,STABLE,Unhealthy for Sensitive Groups
28.8,92.32198575822875,85,71,STABLE,Moderate
32.5,97.612014281816,2101,3998,STABLE,Unhealthy
28.1,96.6181993977704,86,80,VIBRATING,Unhealthy for Sensitive Groups
28.7,96.85664717818608,472,400,STABLE,Moderate
30.2519163,96.20358978762154,71,114,VIBRATING,Unhealthy for Sensitive Groups
26.8,95.90602005738354,381,2910,STABLE,Unhealthy
28.9,97.34142753337693,40,77,STABLE,Moderate
27.0,96.1748957562382,415,2762,STABLE,Unhealthy
30.7,98.99957937034597,40,7,VIBRATING,Moderate
24.4,96.900736466527,3596,3805,STABLE,Unhealthy
27.8,97.95214503956176,1025,746,STABLE,Unhealthy for Sensitive Groups
33.5,95.82992044436219,1745,1042,STABLE,Unhealthy for Sensitive Groups
28.4,96.76920136734095,301,818,STABLE,Moderate
30.0,97.07383676060044,1888,3104,STABLE,Unhealthy
28.57493907,97.46523252933386,51,123,STABLE,Unhealthy for Sensitive Groups
31.6,99.22980555112147,3474,728,STABLE,Unhealthy
32.2,98.33184987373083,275,950,STABLE,Moderate
32.2,96.81716627729983,110,214,STABLE,Good
30.5,99.04549566502297,708,528,STABLE,Moderate
29.0,97.86575448236896,96,82,STABLE,Good
26.23841499,98.12485028231389,67,90,STABLE,Good
24.6,97.066238869231,816,573,STABLE,Moderate
26.1,95.99133069992712,71,90,STABLE,Good
25.9,98.49745434575304,1198,922,STABLE,Unhealthy for Sensitive Groups
33.25736164045675,98.72468427121382,2687,513,STABLE,Unhealthy
26.34968637,98.25029516337372,68,91,STABLE,Good
24.5,98.48944416994298,58,113,STABLE,Good
25.4,98.02698414384722,2916,2336,STABLE,Unhealthy
29.8,97.66377409663805,94,77,STABLE,Good
29.3,94.8915338193393,1515,1361,VIBRATING,Unhealthy for Sensitive Groups
29.9,97.78104780684622,68,91,VIBRATING,Unhealthy
30.4,98.27733035817917,666,1116,STABLE,Moderate
34.0,97.9701481444558,609,4090,STABLE,Unhealthy
25.3,99.11082583675177,456,2668,STABLE,Unhealthy
31.9,98.85409115282428,518,1085,STABLE,Moderate
29.89839029,97.69051857565165,67,81,STABLE,Unhealthy
24.3,94.13274588871028,1608,1849,STABLE,Unhealthy for Sensitive Groups
28.31945481,98.25637181523429,86,76,STABLE,Unhealthy for Sensitive Groups
27.9,97.50208017917782,215,191,STABLE,Good
31.9,95.10228762710958,638,663,STABLE,Moderate
26.6,96.4209746827672,42,94,STABLE,Good
33.4,97.61223400186489,1185,1710,STABLE,Unhealthy for Sensitive Groups
27.6,98.15546362827789,826,1082,STABLE,Unhealthy for Sensitive Groups
28.54660858,95.62275811939733,53,144,VIBRATING,Unhealthy
24.5,96.0195122587904,43,164,STABLE,Good
29.6,97.33969077763703,67,77,VIBRATING,Moderate
29.2,94.11532096358876,191,84,STABLE,Moderate
33.1,97.98234485240863,96,59,STABLE,Good
26.7,95.024594217481,237,214,STABLE,Good
29.8,94.3448249417395,430,616,STABLE,Moderate
30.5,95.60992761914245,2834,3911,STABLE,Unhealthy
32.4,97.77954783129151,3201,69,STABLE,Unhealthy
29.2,94.80662211776952,2181,527,STABLE,Unhealthy
31.3,96.02483375001421,637,366,STABLE,Moderate
24.2,97.22024963884114,480,3304,STABLE,Unhealthy
33.7,96.60750184127582,96,59,STABLE,Good
27.03903935,98.8902021466322,148,4095,VIBRATING,Unhealthy
31.4,98.74115144284127,3131,742,STABLE,Unhealthy
27.3,95.11726574475259,1540,1745,STABLE,Unhealthy for Sensitive Groups
29.2,95.04763600494648,189,82,STABLE,Moderate
25.4,97.54772842575005,65,89,STABLE,Good
24.9,97.51976372284156,188,243,STABLE,Good
29.8,95.77380068082162,877,782,STABLE,Unhealthy for Sensitive Groups
28.96747574,98.06660526692937,47,91,STABLE,Unhealthy
30.18042089,96.46094989303876,96,57,STABLE,Good
26.5,96.34918310380702,601,627,STABLE,Moderate
32.4,96.8786392204852,168,88,STABLE,Good
27.5,95.03404466929811,90,84,VIBRATING,Moderate
26.9,93.49119085938352,725,2247,STABLE,Unhealthy
31.5,98.85847011342219,911,742,STABLE,Unhealthy for Sensitive Groups
26.9,96.57663343964447,137,37,STABLE,Good
30.4,97.35486990264843,107,57,STABLE,Good
26.4,98.06994402047728,559,751,STABLE,Moderate
26.0,99.09334774372496,3771,419,STABLE,Unhealthy
31.4,97.6904593012918,46,182,STABLE,Good
32.0,98.51049272188786,442,1094,STABLE,Moderate
28.5,96.4595097047564,3690,3937,STABLE,Unhealthy
29.0,97.88432602245945,47,92,STABLE,Unhealthy
28.4,97.91326872864715,615,3117,VIBRATING,Unhealthy
24.7,98.24207360527008,2920,3477,STABLE,Unhealthy
28.1,98.62056645422591,639,1166,STABLE,Moderate
25.687824494254123,98.36909317328502,3228,363,STABLE,Unhealthy
29.90828843,97.83546996035626,66,84,STABLE,Unhealthy
31.5,98.81424389926585,817,1960,STABLE,Unhealthy for Sensitive Groups
25.3,97.31869718963932,3695,769,STABLE,Unhealthy
31.2,96.44072555190023,1653,1137,STABLE,Unhealthy for Sensitive Groups
30.2,95.03781641287739,1178,1053,STABLE,Unhealthy for Sensitive Groups
30.8,97.64089537935679,2249,541,STABLE,Unhealthy
28.24267056,96.42254786059907,87,86,STABLE,Unhealthy for Sensitive Groups
26.8,93.23416903832984,150,81,VIBRATING,Good
25.6,96.90544548121693,66,89,STABLE,Good
26.5,96.82387732336444,1907,2748,STABLE,Unhealthy
28.3,95.27061026679414,87,78,STABLE,Unhealthy for Sensitive Groups
33.6,97.98838994087298,493,2354,STABLE,Unhealthy
28.2,96.94579270397881,168,80,VIBRATING,Moderate
32.9,97.64009072510885,449,1005,STABLE,Moderate
30.1,98.99407581859096,193,161,STABLE,Good
30.7,99.18830158015612,176,33,STABLE,Good
25.8,95.76636361618715,843,1353,STABLE,Unhealthy for Sensitive Groups
28.7,98.00564190265798,660,1191,STABLE,Moderate
25.8,99.50391520874209,3929,871,STABLE,Unhealthy
33.2,97.51164499790238,1077,1362,STABLE,Unhealthy for Sensitive Groups
25.8,94.1093703311438,2598,386,STABLE,Unhealthy
32.4,94.98647761250128,3985,836,VIBRATING,Unhealthy
24.3,99.61705790741584,4012,984,STABLE,Unhealthy
30.6,96.91906348325568,1739,1466,STABLE,Unhealthy for Sensitive Groups
31.7,96.24177999302633,272,762,STABLE,Moderate
24.8,95.74879468064964,1168,1879,STABLE,Unhealthy for Sensitive Groups
28.62239998,97.00334579580353,84,83,STABLE,Unhealthy for Sensitive Groups
29.7,96.98162073493548,721,1187,STABLE,Unhealthy for Sensitive Groups
28.3,95.86044581900917,86,76,STABLE,Unhealthy for Sensitive Groups
30.4,98.0166964988911,828,2121,STABLE,Unhealthy
31.5,96.91711709883035,798,797,STABLE,Moderate
26.5,94.81092518846334,41,93,STABLE,Good
29.07836125232132,98.38791950030634,926,3705,STABLE,Unhealthy
33.63850700709595,98.74406939278137,4095,4095,STABLE,Unhealthy
33.1,99.21478152096205,101,59,STABLE,Good
33.6,98.17899148718844,215,48,STABLE,Good
24.8,95.37782152666787,361,3332,STABLE,Unhealthy
28.913744695896316,96.8221846606912,4095,4095,STABLE,Unhealthy
32.06152649672198,99.67969103550182,4095,4095,STABLE,Unhealthy
25.3,97.96692136118338,2051,4008,STABLE,Unhealthy
31.6,98.42618771970612,449,627,STABLE,Moderate
29.7,96.95825109166793,70,72,STABLE,Moderate
28.0,97.35953401065791,150,97,STABLE,Moderate
30.5,97.3980558231157,151,3878,STABLE,Unhealthy
27.2,98.59621307118144,3579,243,VIBRATING,Unhealthy
32.0,97.73002885234918,882,1768,STABLE,Unhealthy for Sensitive Groups
29.7,98.07899544255821,912,1626,STABLE,Unhealthy for Sensitive Groups
29.10269023,97.60597945954451,47,92,STABLE,Unhealthy
26.7,97.2920743420397,72,86,VIBRATING,Good
29.1,96.93630635365709,492,770,STABLE,Moderate
28.3,97.84653327134899,79,4095,STABLE,Unhealthy
28.47174439,97.83251566756681,86,81,STABLE,Unhealthy for Sensitive Groups
31.6,97.08069483412724,3467,345,VIBRATING,Unhealthy
30.4,98.33638789556784,126,242,STABLE,Good
30.5,98.2196321213809,414,721,VIBRATING,Moderate
30.5,96.0771766004003,96,32,STABLE,Good
25.33193136,97.12549346247114,65,89,STABLE,Good
30.4,98.53782433464488,4074,3111,STABLE,Unhealthy
31.2,96.33135473711033,140,120,STABLE,Good
28.3,96.51508086978197,73,70,STABLE,Unhealthy for Sensitive Groups
33.4,95.47989863573311,98,59,STABLE,Good
24.5,94.97248459105452,430,251,STABLE,Moderate
26.9,95.867540473629,535,969,STABLE,Moderate
28.34509195,97.20854239942032,86,78,STABLE,Unhealthy
28.60503683,99.4175459554393,76,79,STABLE,Unhealthy for Sensitive Groups
30.9,96.78043625306408,76,201,STABLE,Good
31.4,98.844774916246,683,2506,VIBRATING,Unhealthy
25.7,98.33587163852314,175,51,STABLE,Good
29.7,98.55020378510065,213,214,STABLE,Good
29.0,96.2282659565928,39,76,STABLE,Moderate
28.00690678,93.81502598433937,86,80,STABLE,Unhealthy for Sensitive Groups
28.319776938612776,98.97995974360686,757,4095,STABLE,Unhealthy
31.9,97.25176637641034,86,238,STABLE,Good
31.640724507367995,98.73923111601567,4095,565,STABLE,Unhealthy
28.7,96.25250728864336,1612,949,STABLE,Unhealthy for Sensitive Groups
26.09404586,94.76293583989468,62,94,STABLE,Good
25.9,97.24469398697917,530,257,STABLE,Moderate
29.28681524,96.5086181075363,55,84,STABLE,Unhealthy
33.1,97.7606029264,835,1168,STABLE,Unhealthy for Sensitive Groups
29.4,97.37703899149648,66,76,VIBRATING,Moderate
32.1,95.21707346718841,1798,1318,STABLE,Unhealthy for Sensitive Groups
28.36943874,96.02323268273648,86,84,VIBRATING,Unhealthy for Sensitive Groups
30.2735071,98.16345870485088,94,57,STABLE,Good
31.9,95.26967570785492,2357,413,STABLE,Unhealthy
31.6,96.25920191681168,2677,640,STABLE,Unhealthy
33.9,96.6334201586114,732,976,STABLE,Moderate
30.3,95.86518740774261,175,31,STABLE,Good
30.8,94.81835468908373,3891,858,VIBRATING,Unhealthy
28.6,98.6813886286605,88,71,STABLE,Moderate
29.0,98.94264937877605,46,87,VIBRATING,Unhealthy for Sensitive Groups
31.5,95.65354325640536,4017,407,STABLE,Unhealthy
26.1,96.01313505562793,3415,2514,STABLE,Unhealthy
31.7,98.69761865548418,228,231,STABLE,Good
29.6054493,97.77383884609507,74,73,STABLE,Unhealthy for Sensitive Groups
30.1,98.89080143522676,68,76,STABLE,Good
29.1,98.69960383698276,1383,1257,STABLE,Unhealthy for Sensitive Groups
28.5,97.90601134079802,863,1963,STABLE,Unhealthy for Sensitive Groups
29.04084455,95.90957159517588,68,88,VIBRATING,Unhealthy
28.20506932,96.93711531287329,86,80,STABLE,Unhealthy for Sensitive Groups
26.3,97.45041611635529,219,197,STABLE,Good
29.5,99.12884903671265,861,721,STABLE,Unhealthy for Sensitive Groups
28.23391502,95.731485285377,53,117,VIBRATING,Unhealthy
26.81354181,98.8381162407674,151,4095,STABLE,Unhealthy
25.0,97.00421059238715,1944,3130,STABLE,Unhealthy
24.3,94.19384187518591,1094,1245,STABLE,Unhealthy for Sensitive Groups
28.0,97.75832597475083,178,90,STABLE,Moderate
32.7,95.61249020186742,3611,1134,STABLE,Unhealthy
29.5040327,97.91627606883928,94,78,VIBRATING,Good
31.4,98.51131419438953,1102,748,STABLE,Unhealthy for Sensitive Groups
29.10676108,96.15289492967511,47,89,STABLE,Unhealthy
33.5,97.21359077133474,772,1116,STABLE,Moderate
29.77370054,94.84508369354124,67,80,STABLE,Unhealthy
26.2,96.97810524137941,67,90,STABLE,Good
26.2,97.78544639023573,64,79,STABLE,Good
24.8,96.6034964527926,4077,2213,STABLE,Unhealthy
32.0,99.3894391381147,425,1200,STABLE,Moderate
29.11132741,98.84018657317031,47,91,STABLE,Unhealthy
30.5,95.00437694421402,2650,77,STABLE,Unhealthy
33.7,95.8731925132355,1348,1204,STABLE,Unhealthy for Sensitive Groups
31.8,95.07830443431385,1688,1059,STABLE,Unhealthy for Sensitive Groups
31.3,96.50298375775368,881,1581,STABLE,Unhealthy for Sensitive Groups
30.0,98.6920778465497,261,3561,STABLE,Unhealthy
32.2,96.74378621269081,706,1276,STABLE,Unhealthy for Sensitive Groups
32.7,95.31227820907034,1078,1496,STABLE,Unhealthy for Sensitive Groups
31.5,95.29436863737209,2236,484,STABLE,Unhealthy
31.9,92.03638328043263,807,412,STABLE,Moderate
25.37067460225533,98.85815499233703,4095,154,STABLE,Unhealthy
27.6,97.25119594716465,770,1200,STABLE,Moderate
25.4,99.42176362623258,559,274,STABLE,Moderate
30.1,95.65705813335607,3884,592,STABLE,Unhealthy
28.5,97.58625829343899,794,1774,STABLE,Unhealthy for Sensitive Groups
28.23111187,99.0601532843132,86,82,STABLE,Unhealthy
25.6,95.61913378751073,64,182,STABLE,Good
24.3,95.9726385959607,151,229,STABLE,Good
33.4,96.06316623046708,301,929,STABLE,Moderate
28.8,98.90596679211563,1084,1454,STABLE,Unhealthy for Sensitive Groups
32.7,94.66446260730149,128,41,STABLE,Good
33.7,96.59703963795056,588,496,STABLE,Moderate
30.4,95.31616916343145,108,56,STABLE,Good
31.2,96.45461837449368,146,104,STABLE,Good
30.2,96.01039890834116,602,1196,STABLE,Moderate
28.2,97.55912705881843,88,89,STABLE,Unhealthy
26.2,99.1702007852422,225,74,STABLE,Good
27.8,96.10002319323944,381,2544,STABLE,Unhealthy
29.1,98.286104037309,51,66,STABLE,Good
33.7,99.16282674009281,465,838,STABLE,Moderate
28.51101803,97.57690203453373,84,4095,VIBRATING,Unhealthy
26.9,97.07438970425683,669,1039,STABLE,Moderate
31.2,96.53975643319266,382,276,STABLE,Moderate
33.4,99.2914042631571,709,712,VIBRATING,Moderate
30.17226188,96.17637041248636,96,57,STABLE,Good
27.6,97.432869188578,502,4039,STABLE,Unhealthy
32.9,99.21289182308648,866,1058,STABLE,Moderate
27.9,99.43989487385228,91,80,VIBRATING,Moderate
30.1,96.6326318721103,173,2784,STABLE,Unhealthy
26.6,95.38757212048642,3977,2820,STABLE,Unhealthy
25.7,96.75244429397193,78,120,STABLE,Good
28.0,98.43225419473868,106,2300,STABLE,Unhealthy
29.0,98.65878988328545,96,82,STABLE,Good
31.2,96.37832298960254,129,178,STABLE,Good
27.3,94.75514932220219,1150,1587,STABLE,Unhealthy for Sensitive Groups
29.2,97.53879985275522,289,993,STABLE,Moderate
29.13415632,98.5263250784698,47,93,STABLE,Unhealthy
26.1,99.0241933076888,77,91,VIBRATING,Good
28.3,97.05434262581322,179,86,VIBRATING,Moderate
24.6,97.15961095085594,136,3822,STABLE,Unhealthy
32.9,99.34244742838698,2642,614,STABLE,Unhealthy
31.3,97.93676135858318,518,316,STABLE,Moderate
32.8,96.33999485189678,108,100,STABLE,Good
28.9,99.04803446108707,2243,475,STABLE,Unhealthy
29.4,95.53219622278594,865,1751,STABLE,Unhealthy for Sensitive Groups
31.4,96.61852077480883,1230,1962,STABLE,Unhealthy for Sensitive Groups
33.3,94.1978343372574,92,131,STABLE,Good
28.9,96.50037050426302,71,88,STABLE,Good
24.4,93.9237581042743,668,2795,STABLE,Unhealthy
28.4,97.33876708377099,86,83,STABLE,Unhealthy for Sensitive Groups
33.6,99.17073328948683,3796,617,STABLE,Unhealthy
24.3,97.79311876177809,2110,522,STABLE,Unhealthy
30.0,96.83947767437249,2036,3962,STABLE,Unhealthy
30.1,97.7393643358926,68,76,STABLE,Moderate
31.5,99.28944233647147,860,2235,STABLE,Unhealthy
30.02404865,93.83362520273015,68,75,STABLE,Good
28.5,95.4258937538859,1550,1071,STABLE,Unhealthy for Sensitive Groups
33.7,94.43652148117873,901,2868,VIBRATING,Unhealthy
24.9,99.05072959720894,2439,294,STABLE,Unhealthy
28.9,97.27192977178697,110,101,STABLE,Good
32.7,93.31286229121866,1413,1515,STABLE,Unhealthy for Sensitive Groups
33.1,98.75637207414611,92,59,VIBRATING,Good
31.8,98.41305200922055,987,1951,STABLE,Unhealthy for Sensitive Groups
31.4,96.6042402885921,1470,1503,STABLE,Unhealthy for Sensitive Groups
25.6,95.57296072161888,651,502,STABLE,Moderate
24.2,95.3055668380703,1355,1781,STABLE,Unhealthy for Sensitive Groups
29.9,97.94763099222907,68,91,VIBRATING,Unhealthy
33.2,97.35012578836694,836,757,STABLE,Unhealthy for Sensitive Groups
28.38506112,97.60052449430773,86,83,STABLE,Unhealthy for Sensitive Groups
29.9,98.20859116030714,3582,849,STABLE,Unhealthy
30.2,94.37207910046986,70,114,STABLE,Unhealthy for Sensitive Groups
26.0,99.36456627855159,1582,1998,STABLE,Unhealthy for Sensitive Groups
28.4,98.37462057912178,554,3126,STABLE,Unhealthy
28.5,98.12071948705497,86,81,STABLE,Unhealthy
31.2,98.78354247189915,2021,136,STABLE,Unhealthy
24.5,95.17220672516508,2788,3496,STABLE,Unhealthy
29.0,98.69830860415853,198,62,STABLE,Good
29.39804952,96.6613278856741,55,86,STABLE,Unhealthy
27.6,98.73183446779905,889,803,STABLE,Moderate
28.8,96.32489969383273,55,93,STABLE,Good
29.9,98.45220931202992,3715,3768,STABLE,Unhealthy
30.1,95.59947122126424,144,66,STABLE,Good
28.5896729,96.91851168745781,86,81,STABLE,Unhealthy
28.69872498,96.7684371608768,56,57,STABLE,Unhealthy for Sensitive Groups
28.4,96.54414571205534,85,84,VIBRATING,Unhealthy for Sensitive Groups
30.9,97.29681917652877,3381,765,STABLE,Unhealthy
26.5,95.95469725082349,3215,2199,STABLE,Unhealthy
26.1,95.98929392694082,1618,1530,VIBRATING,Unhealthy for Sensitive Groups
28.30893138,98.62097388914515,85,4095,STABLE,Unhealthy
25.3,95.31482950504581,73,92,STABLE,Good
26.5,97.62386959804299,184,82,STABLE,Good
28.4,95.54008395832953,84,78,STABLE,Moderate
28.4,98.53783347431258,78,68,VIBRATING,Moderate
29.63580709,96.17245467008108,64,78,STABLE,Unhealthy
28.36117903,97.86393431524368,70,98,STABLE,Unhealthy
27.5,96.64257248321343,717,440,STABLE,Moderate
28.15062486,95.47686546713904,84,79,STABLE,Unhealthy for Sensitive Groups
27.4,99.0127116262836,810,676,STABLE,Moderate
28.5,94.62467867630076,84,73,STABLE,Moderate
27.2,99.35933340059421,2897,3121,STABLE,Unhealthy
28.20354224,97.98628519967184,86,76,STABLE,Unhealthy for Sensitive Groups
26.4,94.26664161745377,209,157,STABLE,Good
26.6,95.7714818079356,2275,136,STABLE,Unhealthy
28.6,95.83349705918846,86,70,STABLE,Moderate
33.8,98.27980831163244,3058,2460,STABLE,Unhealthy
29.3,98.60701559108514,3941,1455,STABLE,Unhealthy
29.4,96.34770711971882,85,96,STABLE,Moderate
29.12474655,98.13758076475956,50,87,STABLE,Unhealthy
25.7,96.10523302948009,72,85,STABLE,Good
27.4,99.1293457539416,727,875,STABLE,Moderate
29.1,96.21884565012026,1440,1284,STABLE,Unhealthy for Sensitive Groups
25.4,97.17192203718665,157,76,STABLE,Good
26.3,98.41893726557956,4079,818,STABLE,Unhealthy
24.1,98.8393879045202,75,211,STABLE,Good
28.2,93.60147429503245,86,84,STABLE,Unhealthy for Sensitive Groups
32.9,97.5855668063202,313,1152,STABLE,Moderate
29.11426399,97.93636725897971,47,94,STABLE,Unhealthy
25.7,99.01267358397413,1293,1208,STABLE,Unhealthy for Sensitive Groups
30.0,95.81311011923455,1646,1706,STABLE,Unhealthy for Sensitive Groups
29.3,97.39771202840906,375,284,STABLE,Moderate
32.9,99.38624202375989,2847,532,STABLE,Unhealthy
33.6,96.1755794408361,524,810,STABLE,Moderate
27.8,97.23193142789759,1875,3430,STABLE,Unhealthy
33.4,94.9165709221084,150,64,STABLE,Good
28.3,96.39582102997268,85,73,STABLE,Unhealthy for Sensitive Groups
27.1,98.52215837233771,54,230,STABLE,Good
28.5653263,98.72162182774235,86,82,STABLE,Unhealthy for Sensitive Groups
29.44504711,96.19499125367147,66,76,STABLE,Good
29.2,98.32026989400346,870,329,STABLE,Moderate
29.9,99.35704087463958,730,357,STABLE,Moderate
26.68955232,98.63065080571869,43,93,VIBRATING,Good
28.8,95.43654958128221,1345,1935,STABLE,Unhealthy for Sensitive Groups
25.3,94.31456637463656,807,1669,STABLE,Unhealthy for Sensitive Groups
33.3,98.46099421248016,4023,2383,STABLE,Unhealthy
29.3,98.49798553623282,665,3205,STABLE,Unhealthy
29.9,97.71154201163371,693,2876,VIBRATING,Unhealthy
29.3,95.66025754338759,3770,146,STABLE,Unhealthy
33.0,97.51659795424625,258,833,STABLE,Moderate
29.2,97.74555855355527,2721,339,STABLE,Unhealthy
25.4,98.27403667183883,65,109,STABLE,Good
27.63443507041079,98.89931872939843,4095,4095,STABLE,Unhealthy
33.8,96.00451144542282,832,941,STABLE,Moderate
32.8,98.50659095819796,1267,1697,STABLE,Unhealthy for Sensitive Groups
28.7,95.23985027580122,508,967,STABLE,Moderate
29.6,96.81122247386189,3515,352,STABLE,Unhealthy
30.5,97.94633921751681,59,7,STABLE,Moderate
28.2,99.11333855219657,173,92,STABLE,Moderate
26.6,94.59149983178159,1792,944,STABLE,Unhealthy for Sensitive Groups
29.4,98.6606622402714,67,75,STABLE,Moderate
29.9,98.97235292948875,66,83,VIBRATING,Moderate
33.8,96.22276348847059,90,65,STABLE,Good
32.6,96.79918748122586,3329,3320,STABLE,Unhealthy
27.7,95.91443521792772,921,1626,STABLE,Unhealthy for Sensitive Groups
32.2,96.68084188055414,928,1014,STABLE,Unhealthy for Sensitive Groups
26.85661484,92.75162171958664,445,93,STABLE,Good
31.9,98.5586220996252,644,927,STABLE,Moderate
27.2,96.76451044386903,33,120,STABLE,Good
33.7,97.14401117940312,2517,590,STABLE,Unhealthy
30.3,98.05043919121269,397,1041,STABLE,Moderate
26.6,96.0707497435742,962,3358,STABLE,Unhealthy
26.0,99.49085879718724,464,591,VIBRATING,Moderate
25.6,95.13709629452077,3018,489,VIBRATING,Unhealthy
31.7,99.38970909696474,1490,1853,STABLE,Unhealthy for Sensitive Groups
27.8,95.65628666286392,380,460,STABLE,Moderate
33.8,99.26023174370206,1336,1745,STABLE,Unhealthy for Sensitive Groups
29.18058649,95.98306488998273,47,92,VIBRATING,Unhealthy
31.4,95.39791565670028,690,380,STABLE,Moderate
33.8,98.93966246155574,1705,1262,STABLE,Unhealthy for Sensitive Groups
33.9,99.10007126378942,1315,1695,STABLE,Unhealthy for Sensitive Groups
29.4,93.40226563642567,74,82,STABLE,Moderate
24.6,96.87191673362555,3555,942,STABLE,Unhealthy
27.8,98.58171336904077,1386,1738,STABLE,Unhealthy for Sensitive Groups
31.1,95.53691514008817,3355,776,STABLE,Unhealthy
29.18656492,98.91067387263183,47,93,STABLE,Unhealthy
33.9,96.45073024025652,97,59,STABLE,Good
31.1,98.83333258555975,573,998,STABLE,Moderate
29.0,97.81784304126012,726,930,STABLE,Moderate
29.1,98.29927554199655,87,70,STABLE,Moderate
28.25589678,97.19278980241525,86,76,STABLE,Unhealthy for Sensitive Groups
32.4,97.51101463558403,125,154,STABLE,Good
27.8,97.03006125278479,1161,1471,STABLE,Unhealthy for Sensitive Groups
32.3,98.98331578964117,1151,1979,STABLE,Unhealthy for Sensitive Groups
28.8,96.97679568211615,55,92,VIBRATING,Good
29.2,96.95532379027094,47,92,STABLE,Unhealthy
26.35113424,96.67380918129687,69,92,VIBRATING,Good
28.8,98.45358047899335,555,3121,STABLE,Unhealthy
31.4,97.37154992065285,314,686,STABLE,Moderate
28.6,96.89481095446001,1103,716,STABLE,Unhealthy for Sensitive Groups
29.5,98.19106488083588,74,82,STABLE,Moderate
28.55389017,94.84523295738371,86,83,VIBRATING,Unhealthy for Sensitive Groups
33.1,98.41976941089453,880,601,STABLE,Moderate
27.3,97.6843577827559,248,96,STABLE,Good
31.8,99.29337550161824,458,1110,STABLE,Moderate
27.5,96.83498773810419,954,3099,STABLE,Unhealthy
33.2,97.04018100960431,202,203,VIBRATING,Good
30.0,99.14069557869553,3008,3390,STABLE,Unhealthy
24.8,97.79868215244895,851,678,STABLE,Moderate
28.3,97.8692878655696,221,90,STABLE,Moderate
33.2,99.10720831046243,246,2748,VIBRATING,Unhealthy
30.4,93.95575859822736,410,629,STABLE,Moderate
25.6,99.38667007361293,1030,1320,STABLE,Unhealthy for Sensitive Groups
31.0,96.234964145291,517,3988,STABLE,Unhealthy
34.0,94.56120062212595,608,916,STABLE,Moderate
27.6,97.67327190399996,1085,1746,STABLE,Unhealthy for Sensitive Groups
30.1,97.18725345680011,96,58,STABLE,Good
27.6,98.59497998477792,122,137,STABLE,Good
29.4,96.69783919820689,548,2461,STABLE,Unhealthy
30.8,95.90035778045753,3443,4033,VIBRATING,Unhealthy
29.7,98.95419204869356,782,1649,STABLE,Unhealthy for Sensitive Groups
26.0,97.76168112920745,2578,677,STABLE,Unhealthy
31.62555224222764,98.07944877152188,4095,312,STABLE,Unhealthy
25.8,95.0174591233616,1341,1950,STABLE,Unhealthy for Sensitive Groups
31.1,96.14728180022206,617,1010,STABLE,Moderate
27.9,98.85904250060982,810,883,STABLE,Moderate
31.6,95.57079919008622,803,758,STABLE,Moderate
28.28782381,96.70952475822948,87,85,STABLE,Unhealthy for Sensitive Groups
29.13770537,97.8899450384294,47,92,VIBRATING,Unhealthy
26.2,97.15574386188378,2660,480,STABLE,Unhealthy
25.5,95.40388723820553,887,1023,STABLE,Moderate
30.4,97.2767517791127,879,1074,STABLE,Moderate
28.3,97.73894892829048,539,978,STABLE,Moderate
28.17831637,98.21927687316999,86,81,STABLE,Unhealthy for Sensitive Groups
34.0,95.45389813351245,97,59,STABLE,Good
31.1,98.03416210796391,78,113,STABLE,Good
28.4,95.38421249461274,76,76,STABLE,Moderate
33.1,97.45592397649051,3794,2701,STABLE,Unhealthy
28.4,95.07547249439139,86,76,VIBRATING,Moderate
32.5,95.90600453058296,829,1862,STABLE,Unhealthy for Sensitive Groups
28.7,99.10161803351362,89,74,VIBRATING,Moderate
30.2,97.7849511951868,73,114,VIBRATING,Unhealthy for Sensitive Groups
24.6,97.65654551702288,1488,1304,STABLE,Unhealthy for Sensitive Groups
30.9,97.80969874607447,878,3101,STABLE,Unhealthy
28.3119829,97.772834264323,87,85,STABLE,Unhealthy for Sensitive Groups
28.3,97.90121208487243,86,75,STABLE,Unhealthy for Sensitive Groups
28.9,97.70339361741097,877,679,STABLE,Moderate
31.3,96.63723392058672,2539,913,STABLE,Unhealthy
28.4,98.18634099185493,658,319,STABLE,Moderate
28.16699112,97.48043623493223,86,81,STABLE,Unhealthy for Sensitive Groups
31.8,97.10279633736965,781,941,STABLE,Unhealthy for Sensitive Groups
26.8,97.46232612128202,740,492,STABLE,Moderate
28.6,98.13990077661063,169,96,STABLE,Moderate
28.4,97.08804087108184,86,76,STABLE,Unhealthy for Sensitive Groups
26.9,97.42374046023808,152,80,STABLE,Good
31.1,99.38266291651244,829,3850,STABLE,Unhealthy
28.475507686280075,98.28557027205983,3785,625,STABLE,Unhealthy
31.5,98.48063768201092,715,627,STABLE,Moderate
30.0,95.01909287388318,3126,2315,STABLE,Unhealthy
33.8,98.61729656132606,2957,875,STABLE,Unhealthy
28.7,96.00648546623866,87,69,STABLE,Moderate
28.8,97.90705492335948,3298,3613,STABLE,Unhealthy
33.4,96.87814012323851,2941,805,STABLE,Unhealthy
30.9,91.7805039785318,364,1067,STABLE,Moderate
29.4,94.93948823723751,811,3132,STABLE,Unhealthy
28.40836584,98.72175588156509,86,84,STABLE,Unhealthy for Sensitive Groups
30.455511136800013,97.86226001836768,4095,4095,STABLE,Unhealthy
32.8,96.7820033917683,2547,897,STABLE,Unhealthy
34.0,94.84920573925956,2370,712,STABLE,Unhealthy
30.7,98.24197789285041,1700,1669,STABLE,Unhealthy for Sensitive Groups
31.2,97.1811334002351,3382,2178,STABLE,Unhealthy
28.3087039,96.03102603428974,86,83,STABLE,Unhealthy for Sensitive Groups
33.2,97.13948870635215,1744,759,STABLE,Unhealthy for Sensitive Groups
26.3,98.85992667874679,67,90,STABLE,Good
29.62128543,96.6333826287831,64,79,STABLE,Unhealthy
29.6,98.74821952595875,308,931,STABLE,Moderate
27.5,95.08360971055757,561,460,VIBRATING,Moderate
31.6,99.28875283119156,1306,1082,STABLE,Unhealthy for Sensitive Groups
24.8,95.49286447256085,819,363,STABLE,Moderate
29.6,96.99949911917163,2952,135,STABLE,Unhealthy
29.20514366075812,99.65778773766912,766,3092,STABLE,Unhealthy
27.5,95.66062210864162,302,3298,VIBRATING,Unhealthy
27.1,96.96778873424404,1391,1208,STABLE,Unhealthy for Sensitive Groups
29.1,95.50922318815148,617,947,STABLE,Moderate
25.40546655,98.85938802534534,72,91,STABLE,Good
26.9,96.60218060506192,2881,3093,STABLE,Unhealthy
29.7,98.33063211740549,836,1690,STABLE,Unhealthy for Sensitive Groups
26.5,98.0584460065456,151,165,STABLE,Good
25.7,93.81449727427609,1825,2209,STABLE,Unhealthy
32.1,98.63543182248893,815,1054,STABLE,Moderate
25.9,95.686703238787,372,308,STABLE,Moderate
27.0,99.0866395166317,695,3175,STABLE,Unhealthy
25.2,98.07731791921148,708,276,STABLE,Moderate
29.77789116,98.04662506058537,72,77,STABLE,Unhealthy for Sensitive Groups
29.14729789,95.0279901739989,48,94,STABLE,Unhealthy
27.2,96.95325076223472,670,3650,STABLE,Unhealthy
26.2,96.54518562615964,63,94,STABLE,Good
29.9,95.96071283259926,2652,3492,STABLE,Unhealthy
24.2,99.24758728978443,696,568,STABLE,Moderate
29.01282655,93.86524425220456,58,167,STABLE,Unhealthy
32.0,99.23750634773283,516,830,STABLE,Moderate
29.64761708,95.72493030765942,82,161,STABLE,Unhealthy
30.8,93.16713915327496,862,333,STABLE,Moderate
31.9,97.625907388017,645,412,STABLE,Moderate
33.3,99.1649200942406,136,85,STABLE,Good
26.9,96.2475115924584,445,94,STABLE,Good
32.95642020186472,98.40576102846101,337,3233,STABLE,Unhealthy
29.5,97.72905608242891,68,91,STABLE,Moderate
29.13721405,99.02094561238098,103,83,STABLE,Unhealthy for Sensitive Groups
29.2,99.27185463807345,48,97,STABLE,Unhealthy
32.0,94.91104673444428,786,1131,STABLE,Moderate
29.18480835,95.7271920052752,47,97,VIBRATING,Unhealthy
24.0,97.35729273244384,35,172,STABLE,Good
28.3,97.61647425677118,86,75,STABLE,Unhealthy
26.7,98.17626147269918,57,189,STABLE,Good
28.3,96.49280302545908,76,73,STABLE,Moderate
31.2,99.37180050401948,610,4007,STABLE,Unhealthy
30.8,98.1385598937021,385,369,STABLE,Moderate
29.2,98.15978050568123,85,70,STABLE,Moderate
24.7,96.2134634528271,339,2179,STABLE,Unhealthy
33.9,96.33569128104412,1768,1756,STABLE,Unhealthy for Sensitive Groups
28.252173,97.66011168154553,53,121,STABLE,Unhealthy for Sensitive Groups
24.2,95.00254201384924,445,556,STABLE,Moderate
32.3,99.61919367629379,721,474,STABLE,Moderate
29.00024734,97.21934065183609,47,88,STABLE,Unhealthy for Sensitive Groups
33.9,97.19449063390826,1582,1464,STABLE,Unhealthy for Sensitive Groups
25.4,97.13035969705882,73,84,STABLE,Good
28.4,98.41763032912388,2387,307,STABLE,Unhealthy
27.34570520465775,98.26187845034212,735,3460,STABLE,Unhealthy
31.4,97.52361072794645,527,935,STABLE,Moderate
28.9,96.09859090016607,122,208,STABLE,Good
24.1,97.37230246063375,3792,3828,STABLE,Unhealthy
30.5,98.50531853207829,458,509,STABLE,Moderate
33.2,97.21126025363212,47,32,STABLE,Good
32.2,98.84671560019572,3985,3165,STABLE,Unhealthy
27.0,97.3630814426252,855,3347,STABLE,Unhealthy
33.0,96.66995363589514,1357,1213,STABLE,Unhealthy for Sensitive Groups
30.4,97.75229369323434,533,930,STABLE,Moderate
30.3,98.51234834564485,473,2833,STABLE,Unhealthy
32.3,99.12180644509014,588,553,STABLE,Moderate
33.3766377479213,99.72152740496972,3743,469,STABLE,Unhealthy
30.20527021,97.10810712833549,68,115,STABLE,Unhealthy for Sensitive Groups
30.6,97.79800980285377,1796,948,STABLE,Unhealthy for Sensitive Groups
30.5,98.9044388147586,1696,1675,STABLE,Unhealthy for Sensitive Groups
26.7,97.01592004337961,2808,581,VIBRATING,Unhealthy
27.1,91.97606456060176,3720,3056,STABLE,Unhealthy
29.2,98.67642546649118,80,112,STABLE,Good
25.7,95.35809821010467,90,45,STABLE,Good
26.425593254663983,98.58289563911511,3603,169,STABLE,Unhealthy
28.8,95.10099588578812,399,357,VIBRATING,Moderate
29.0,97.72232676347517,46,89,STABLE,Unhealthy
33.7,96.66869489015791,41,111,STABLE,Good
28.0,96.31617115648146,180,87,STABLE,Moderate
32.8209935343322,99.63939662706473,2994,256,STABLE,Unhealthy
26.1,97.22763093740566,353,4023,STABLE,Unhealthy
27.4,97.46991582064386,2709,979,STABLE,Unhealthy
33.32673334693358,97.48072920061787,4095,4095,VIBRATING,Unhealthy
27.0,96.26436403314042,45,93,STABLE,Good
24.5,98.53436135750616,531,392,STABLE,Moderate
31.4,97.59434500616052,954,1112,STABLE,Unhealthy for Sensitive Groups
28.1,96.40492880237544,86,83,VIBRATING,Moderate
32.7,98.32794176102958,2934,448,STABLE,Unhealthy
26.6,97.67387725251675,755,876,STABLE,Moderate
26.13546005771208,97.6055031813193,2307,76,STABLE,Unhealthy
28.4,95.82432297773818,173,3854,STABLE,Unhealthy
28.35870682,96.09255542291714,85,74,STABLE,Unhealthy for Sensitive Groups
26.6,95.01476423211102,72,85,STABLE,Good
28.8,97.35158701468899,3312,3988,VIBRATING,Unhealthy
28.39370788,99.09276650537889,86,79,STABLE,Unhealthy
32.8,96.26252805866673,183,182,STABLE,Good
28.41650171,98.33384100036908,87,84,STABLE,Unhealthy for Sensitive Groups
26.8,95.56800016510637,922,1637,STABLE,Unhealthy for Sensitive Groups
29.5,95.4918977009659,1791,1112,STABLE,Unhealthy for Sensitive Groups
28.4,97.2631152520641,87,75,STABLE,Unhealthy
28.0,95.07026964028306,168,184,STABLE,Good
30.6,97.60768458282064,40,80,STABLE,Good
28.3,97.80794401303785,87,80,VIBRATING,Unhealthy for Sensitive Groups
28.3,99.12268982733252,87,79,VIBRATING,Unhealthy for Sensitive Groups
32.6,99.3473758675331,1105,1680,STABLE,Unhealthy for Sensitive Groups
31.6,99.07305155662014,409,859,STABLE,Moderate
28.57889237,97.24329555738912,86,82,STABLE,Unhealthy for Sensitive Groups
31.3,97.9363788421351,3133,3719,STABLE,Unhealthy
29.4,97.47564178619625,1080,808,STABLE,Unhealthy for Sensitive Groups
32.2,95.24097185698368,2936,701,STABLE,Unhealthy
28.0,96.0384435719514,3975,233,STABLE,Unhealthy
30.1,95.95062869025953,2631,3626,STABLE,Unhealthy
27.7,96.68459376023637,2225,339,STABLE,Unhealthy
30.7,93.94179569374049,153,249,STABLE,Good
29.5,96.70114195597483,72,83,STABLE,Moderate
24.1,93.50504407270111,476,769,STABLE,Moderate
30.1,99.17141025739042,96,58,STABLE,Good
28.4,97.25577381536729,86,70,VIBRATING,Moderate
25.7,96.06078454799247,182,82,STABLE,Good
33.9,96.77921693898922,151,129,STABLE,Good
30.1,98.57587566840921,67,82,STABLE,Unhealthy
28.5,96.05070518550868,83,76,STABLE,Moderate
28.5,97.77273835319555,86,77,STABLE,Moderate
29.4,96.25143794210258,647,731,STABLE,Moderate
26.7,99.3683393432821,72,85,STABLE,Good
26.7,94.83193002807872,151,82,STABLE,Good
30.7,97.60728852959771,55,165,STABLE,Good
28.2,98.43691854781257,965,3123,STABLE,Unhealthy
24.7,98.96727621780857,285,1089,STABLE,Moderate
31.2,95.27150677780915,579,621,STABLE,Moderate
29.0,97.08630989692669,4069,2319,STABLE,Unhealthy
28.9,96.61425313774494,86,73,STABLE,Moderate
24.2,98.03398840402613,514,852,STABLE,Moderate
30.3,96.674093933893,681,747,STABLE,Moderate
24.7,97.16547402699157,1178,900,STABLE,Unhealthy for Sensitive Groups
32.8,98.01415650991595,2944,648,STABLE,Unhealthy
24.5,98.18012502393559,533,303,STABLE,Moderate
31.7,97.14462052252671,130,190,VIBRATING,Good
28.3,96.14608302706593,2042,3720,STABLE,Unhealthy
33.6,97.15326817219702,60,112,STABLE,Good
28.39450477,99.69676418406576,83,84,STABLE,Unhealthy
29.0,97.43259229794657,132,114,STABLE,Good
28.54757756,94.55095456278707,83,76,STABLE,Unhealthy for Sensitive Groups
26.5,95.69933850369314,2175,166,STABLE,Unhealthy
28.1,97.04787763077928,85,82,VIBRATING,Moderate
31.3,95.32741418254612,3173,1000,STABLE,Unhealthy
27.8,98.92689976852111,995,939,STABLE,Unhealthy for Sensitive Groups
30.8,96.27890493568253,724,868,STABLE,Moderate
27.0,99.2348407644912,660,817,STABLE,Moderate
31.9,97.99437994916414,2098,813,STABLE,Unhealthy
31.982139796537865,98.08149770017472,3231,947,STABLE,Unhealthy
32.4,97.07636806411288,997,1704,STABLE,Unhealthy for Sensitive Groups
32.9,96.98660549122934,2725,747,STABLE,Unhealthy
30.2,98.87871940002415,68,114,STABLE,Unhealthy for Sensitive Groups
33.8,98.67205262218867,287,568,STABLE,Moderate
28.76110957,98.14475850952465,84,80,VIBRATING,Unhealthy for Sensitive Groups
33.1,97.74195207595072,226,2302,STABLE,Unhealthy
32.4,96.10614236435238,2317,329,STABLE,Unhealthy
33.6,98.62988886271881,1464,1028,VIBRATING,Unhealthy for Sensitive Groups
32.7,97.98225415249554,47,57,STABLE,Good
29.07155533,95.98895296848974,47,89,STABLE,Unhealthy
31.4,97.53641338174474,1008,1841,STABLE,Unhealthy for Sensitive Groups
30.8,94.6549367172844,38,6,STABLE,Moderate
29.6,93.75019930516743,207,102,STABLE,Good
28.95682163,98.06424307546567,55,176,STABLE,Unhealthy
30.7,96.43140088422841,1899,4065,STABLE,Unhealthy
26.9,92.8575699296141,3854,735,STABLE,Unhealthy
28.34884993,95.538039799225,85,76,STABLE,Unhealthy for Sensitive Groups
29.4,95.35422398518584,243,3846,STABLE,Unhealthy
32.8,97.7930750959543,2460,661,STABLE,Unhealthy
26.8,96.28235429831395,750,2510,STABLE,Unhealthy
29.0,97.53451711801358,47,95,STABLE,Unhealthy
28.50135629,97.78062906226667,51,105,STABLE,Unhealthy
24.4,97.3430481115106,1674,1720,STABLE,Unhealthy for Sensitive Groups
25.2,97.36228470546047,1726,1145,STABLE,Unhealthy for Sensitive Groups
29.4,96.65779775571303,721,1436,STABLE,Unhealthy for Sensitive Groups
28.2,93.18231428422327,468,889,STABLE,Moderate
28.7,96.10673919992125,229,124,STABLE,Good
30.4,96.74101130923073,3007,754,STABLE,Unhealthy
24.7,99.04391469732454,679,1171,STABLE,Moderate
28.33485737,95.80361639243758,87,82,VIBRATING,Unhealthy for Sensitive Groups
26.5,98.2400044180066,2900,2567,STABLE,Unhealthy
25.5,97.83824836887638,66,90,VIBRATING,Good
33.5,95.72139900432506,2808,3957,STABLE,Unhealthy
28.6,98.57103644628464,85,72,STABLE,Moderate
29.4,98.97922499095536,965,2006,STABLE,Unhealthy
29.1,96.81079277163361,96,81,VIBRATING,Good
25.4,96.08639305586833,377,948,STABLE,Moderate
28.3,97.38087283027662,183,93,VIBRATING,Moderate
24.5,98.23052729226745,380,3581,VIBRATING,Unhealthy
32.3,95.83384326373628,3635,2736,STABLE,Unhealthy
24.8,97.24609902398309,723,348,STABLE,Moderate
28.8,98.73392579779205,59,247,STABLE,Good
24.2,97.03332307025615,558,584,STABLE,Moderate
31.7,95.9146676841932,2889,757,STABLE,Unhealthy
25.8,97.14293142173568,372,490,STABLE,Moderate
28.2,95.68943933707189,62,219,STABLE,Good
31.4,96.62160708924793,1662,1701,STABLE,Unhealthy for Sensitive Groups
29.1,97.7653750641632,3550,2590,STABLE,Unhealthy
30.8,99.36156468992648,1570,1668,STABLE,Unhealthy for Sensitive Groups
28.6,94.28858041183747,3820,1115,STABLE,Unhealthy
28.9,98.44851435678018,96,83,STABLE,Good
27.115535017831515,98.93246016748118,4095,4095,STABLE,Unhealthy
29.12702739376971,97.2004886796356,293,4095,VIBRATING,Unhealthy
24.1,94.89662765147654,1079,848,STABLE,Unhealthy for Sensitive Groups
29.3,94.87355250660173,911,1077,STABLE,Unhealthy for Sensitive Groups
25.1,97.90197503003391,1482,1645,STABLE,Unhealthy for Sensitive Groups
26.0,98.53292668012583,684,719,STABLE,Moderate
28.1,96.174490526541,1908,965,STABLE,Unhealthy
29.6,94.77375041854508,68,75,STABLE,Moderate
28.43553625,95.91870044974219,86,81,STABLE,Unhealthy
28.2,98.40460036945018,88,83,STABLE,Moderate
32.1,96.88738244816534,171,194,STABLE,Good
25.8,96.85001501981378,806,709,STABLE,Moderate
33.6,98.89365949997158,1797,1960,STABLE,Unhealthy for Sensitive Groups
27.8,99.49529591348542,85,78,VIBRATING,Moderate
32.0,99.33024665584018,327,492,STABLE,Moderate
30.2,99.39657361613078,271,2942,STABLE,Unhealthy
28.32511293,98.91242656387337,87,78,VIBRATING,Unhealthy
24.4,99.53152672088171,319,2403,STABLE,Unhealthy
28.4,94.13147445394499,85,81,VIBRATING,Unhealthy
30.6,98.05236838449176,1235,1135,STABLE,Unhealthy for Sensitive Groups
28.4,96.99590054610921,86,75,STABLE,Unhealthy
25.0,96.78986731179063,876,3198,VIBRATING,Unhealthy
29.95487352,95.74799805449663,68,77,VIBRATING,Unhealthy
25.7,94.0927540534828,139,155,STABLE,Good
28.4,97.05209936384227,86,84,STABLE,Unhealthy for Sensitive Groups
28.7,97.15806134883108,3502,2397,STABLE,Unhealthy
28.7,93.86816532248662,185,92,STABLE,Moderate
28.26785425,97.8155352415713,87,84,STABLE,Unhealthy
28.9,94.70077465277072,1198,1378,STABLE,Unhealthy for Sensitive Groups
26.0,94.61483780705068,916,3652,STABLE,Unhealthy
33.4,97.54226124405295,3639,134,VIBRATING,Unhealthy
28.3,96.48558922814874,76,72,STABLE,Moderate
31.4,95.61228377334423,474,3128,STABLE,Unhealthy
33.9,99.44515405948879,81,2858,STABLE,Unhealthy
31.6,95.66224238520833,2727,234,VIBRATING,Unhealthy
24.1,97.41684925240708,2372,2759,STABLE,Unhealthy
28.9,96.01803190997009,739,1162,STABLE,Moderate
33.6,98.9127386793654,3957,786,STABLE,Unhealthy
26.2,98.48683595125166,4028,2328,STABLE,Unhealthy
30.9,98.09997110171004,265,3774,STABLE,Unhealthy
28.5,97.81969262744332,75,76,STABLE,Moderate
31.2,95.54108944407884,668,3880,STABLE,Unhealthy
34.11694927,98.84421661888969,96,60,STABLE,Good
28.4,97.28583793087454,86,76,STABLE,Moderate
26.0,97.79761636513723,2338,984,STABLE,Unhealthy
30.8,98.84713902082248,944,1053,STABLE,Unhealthy for Sensitive Groups
33.6,96.07189153351429,196,79,VIBRATING,Good
31.1,98.26952069057725,565,3466,STABLE,Unhealthy
31.2,97.35931533873722,1951,788,STABLE,Unhealthy
31.3,96.05412735946761,187,230,STABLE,Good
28.55990294,97.96054628832955,86,80,STABLE,Unhealthy for Sensitive Groups
30.6,96.92352949930289,235,55,STABLE,Good
32.4,96.74674789226376,222,209,STABLE,Good
29.8,97.20487381638709,1023,1980,STABLE,Unhealthy for Sensitive Groups
31.0,96.24217858377595,822,346,STABLE,Moderate
30.2,98.06857947619163,69,113,VIBRATING,Unhealthy for Sensitive Groups
29.0,96.47738818697488,55,82,STABLE,Moderate
33.7,93.08864413043086,2429,2877,STABLE,Unhealthy
33.9,96.27814080101285,560,1056,STABLE,Moderate
28.4,95.27504374863653,84,83,STABLE,Unhealthy for Sensitive Groups
28.3,93.98205801490377,86,78,STABLE,Unhealthy for Sensitive Groups
28.29233179,98.16960436424878,86,82,STABLE,Unhealthy for Sensitive Groups
29.4,95.76480367541244,1237,1618,STABLE,Unhealthy for Sensitive Groups
28.5,96.21475522489318,83,76,STABLE,Moderate
30.4,97.77608618882398,576,848,STABLE,Moderate
28.52645135,98.62715849179753,86,80,STABLE,Unhealthy for Sensitive Groups
32.8,97.90520063347122,202,82,STABLE,Good
24.3,97.49872514568396,2419,592,STABLE,Unhealthy
29.79775894,96.81038667858805,93,78,STABLE,Good
33.48670723,96.93930980504707,99,59,STABLE,Good
30.0,93.5127874686134,99,176,STABLE,Good
33.5,96.15428611982081,129,226,STABLE,Good
32.7,97.91586217908932,3063,492,STABLE,Unhealthy
31.8,96.97558363977492,485,452,STABLE,Moderate
27.4,94.74267583381452,54,87,STABLE,Good
28.17464447,97.4489468880081,86,82,STABLE,Unhealthy for Sensitive Groups
25.7,98.28988590340347,3585,679,STABLE,Unhealthy
28.2,95.48253119659603,54,126,STABLE,Unhealthy
31.317826571850084,97.5741477776151,663,2905,STABLE,Unhealthy
24.5,94.4844897975858,314,922,STABLE,Moderate
30.9,98.27590511783794,129,47,STABLE,Good
25.9,96.81552610326156,1879,212,VIBRATING,Unhealthy
30.9,99.0342195209883,2409,562,STABLE,Unhealthy
31.0,96.89195048606913,2484,3261,STABLE,Unhealthy
29.0,97.99174251348533,46,88,STABLE,Unhealthy
28.35029881,97.76987032417068,87,80,VIBRATING,Unhealthy for Sensitive Groups
33.6,99.09698231100991,299,714,STABLE,Moderate
30.6,98.49961533133302,619,534,STABLE,Moderate
31.0,97.69610321503266,122,193,STABLE,Good
29.02979837,95.21964611379407,48,90,VIBRATING,Unhealthy
29.39839654,96.3352462159772,58,83,VIBRATING,Unhealthy
27.5,95.71908373574038,595,1022,STABLE,Moderate
25.1,94.61617228760588,466,766,STABLE,Moderate
32.2,96.69785466141106,4054,591,STABLE,Unhealthy
30.4,99.34510453862931,1493,1829,STABLE,Unhealthy for Sensitive Groups
32.3,95.79843191152261,208,3158,STABLE,Unhealthy
32.6,96.56407771823018,4011,3310,STABLE,Unhealthy
24.9,98.47655822185983,237,232,STABLE,Good
27.2,97.3389567085603,1177,857,STABLE,Unhealthy for Sensitive Groups
25.8,92.86656625989743,788,3146,STABLE,Unhealthy
25.95023318,99.28081888919841,72,85,STABLE,Good
33.9,98.5506201249027,1627,1383,STABLE,Unhealthy for Sensitive Groups
28.3,97.28313196411925,88,81,STABLE,Unhealthy for Sensitive Groups
26.6,94.34119596573403,2193,2910,STABLE,Unhealthy
29.0,95.55511134822136,365,2117,STABLE,Unhealthy
25.8,94.98917359695534,811,586,STABLE,Moderate
30.2,97.84744309134926,96,57,STABLE,Good
27.7,96.28634688453467,3803,1498,STABLE,Unhealthy
28.3,96.15190547857374,86,78,STABLE,Unhealthy for Sensitive Groups
28.1,98.23731406311451,96,81,STABLE,Good
28.8,95.80619196899924,725,1079,STABLE,Unhealthy for Sensitive Groups
30.0,96.01318617707261,66,76,STABLE,Moderate
34.0,97.01991722231797,41,82,STABLE,Good
26.9,96.89746360072792,3458,3474,STABLE,Unhealthy
27.0,97.25548665493736,613,965,STABLE,Moderate
26.7,97.12321534477859,3671,3600,STABLE,Unhealthy
28.15537554,98.97057925218553,86,84,STABLE,Unhealthy
31.4,96.31000410245453,83,198,STABLE,Good
28.7,94.6746799501945,247,183,STABLE,Good
25.2,93.69798295604804,715,989,STABLE,Moderate
25.3,98.71506201702755,219,39,STABLE,Good
29.6,95.98293484315687,1450,1745,VIBRATING,Unhealthy for Sensitive Groups
27.6,97.0693358439418,1638,885,STABLE,Unhealthy for Sensitive Groups
24.391274816963566,96.13790871759618,3835,462,STABLE,Unhealthy
28.3,99.18684899723424,157,213,STABLE,Good
26.5,97.85507247043115,155,222,STABLE,Good
30.2,96.04531288254657,820,4062,STABLE,Unhealthy
30.2,97.748180429509,707,1266,STABLE,Unhealthy for Sensitive Groups
24.2,94.50574937891803,92,48,STABLE,Good
25.67464914,95.51746670894656,65,89,STABLE,Good
29.4,94.9599111647063,67,76,VIBRATING,Moderate
32.5,94.49225984449882,3402,819,STABLE,Unhealthy
29.5,95.49297261686198,1569,1723,STABLE,Unhealthy for Sensitive Groups
26.7,98.40551252522532,473,815,STABLE,Moderate
31.4,96.80534190397336,700,490,STABLE,Moderate
33.61249498788799,98.59153856028219,4095,733,STABLE,Unhealthy
28.6,96.77071150354207,85,82,STABLE,Unhealthy for Sensitive Groups
32.5,92.15657046923253,1761,1639,STABLE,Unhealthy for Sensitive Groups
24.1,97.47725946810219,1264,1271,STABLE,Unhealthy for Sensitive Groups
28.30146327,98.27768571341774,86,75,VIBRATING,Unhealthy
29.1,98.37355992146247,118,104,STABLE,Moderate
30.8,98.57558048325099,864,1158,STABLE,Unhealthy for Sensitive Groups
26.0,95.84262311726688,473,414,STABLE,Moderate
30.75157571,94.86280990781017,97,57,STABLE,Good
26.0,97.25813812905406,604,854,STABLE,Moderate
29.37897796,99.74360167037133,57,90,STABLE,Unhealthy
29.9,96.34416348974479,848,1885,STABLE,Unhealthy for Sensitive Groups
27.3,98.07726978741225,434,553,STABLE,Moderate
25.0,98.19888824711033,1340,1292,STABLE,Unhealthy for Sensitive Groups
28.4,96.27956998744295,176,85,VIBRATING,Moderate
26.9,97.90162202958328,1581,927,STABLE,Unhealthy for Sensitive Groups
28.38224652,94.05894804286211,86,83,STABLE,Unhealthy for Sensitive Groups
33.6,99.03407533697808,31,210,STABLE,Good
29.5,97.34612787269097,2326,409,STABLE,Unhealthy
27.0,92.7949546646846,1720,917,STABLE,Unhealthy for Sensitive Groups
33.8,98.15864624400555,116,45,STABLE,Good
28.9,98.00292856523753,833,1009,STABLE,Moderate
28.54205504,95.03176709619204,86,83,STABLE,Unhealthy for Sensitive Groups
30.21561638,98.6658970544042,68,111,STABLE,Unhealthy for Sensitive Groups
34.0,98.63975827699154,96,59,STABLE,Good
28.4,98.64157629004437,87,83,VIBRATING,Unhealthy for Sensitive Groups
30.0,96.0886358984414,3901,1334,VIBRATING,Unhealthy
28.0,95.41594921404597,173,38,STABLE,Good
27.06713355,97.07243570280883,146,82,VIBRATING,Good
33.633716660756846,96.97364897651303,4095,4095,STABLE,Unhealthy
29.9,98.61925014837013,948,2399,STABLE,Unhealthy
33.6,94.71477656662886,1642,896,STABLE,Unhealthy for Sensitive Groups
29.78472836,98.26951250499108,66,85,STABLE,Unhealthy
33.0,95.76261942254818,165,129,STABLE,Good
30.5,97.38334839933304,885,2164,STABLE,Unhealthy
33.4,98.33661518915537,2263,2748,STABLE,Unhealthy
26.1,97.88940766540256,165,2858,STABLE,Unhealthy
27.9,97.22926876140819,211,124,STABLE,Good
32.0,94.2459524201777,2713,642,STABLE,Unhealthy
26.9,95.60384208169549,169,172,STABLE,Good
28.17427906,99.55884352973916,86,76,STABLE,Unhealthy for Sensitive Groups
25.1,96.12055608259708,2908,2794,STABLE,Unhealthy
29.9,96.29643830726161,127,43,STABLE,Good
28.4,98.49526468933276,82,76,STABLE,Moderate
30.2,96.24680092270309,2046,544,STABLE,Unhealthy
28.6,97.17764009257466,2189,4010,STABLE,Unhealthy
28.4,97.3645050270484,85,73,STABLE,Moderate
31.6,98.83949946005322,1838,61,STABLE,Unhealthy
28.3,91.3801803115679,3233,61,STABLE,Unhealthy
29.3,97.58645650663179,73,231,STABLE,Good
26.402458775947366,96.33961215838819,4095,289,VIBRATING,Unhealthy
32.5,95.05470688908743,3393,373,STABLE,Unhealthy
27.3,96.01229041952072,237,190,STABLE,Good
28.26149503,95.68523097867234,86,77,STABLE,Unhealthy for Sensitive Groups
31.6,94.1878648148733,240,108,STABLE,Good
27.3,94.50895067701218,858,741,VIBRATING,Moderate
27.254459707568735,96.2118402692496,4010,225,STABLE,Unhealthy
24.093263668759892,96.23695996584885,866,4095,STABLE,Unhealthy
25.9,98.00590007804435,562,1050,STABLE,Moderate
27.9,97.22802488576689,762,768,STABLE,Moderate
33.9,93.7957289696398,504,535,STABLE,Moderate
32.4,95.54303345357756,166,2574,STABLE,Unhealthy
28.6,97.71422433464058,104,84,STABLE,Moderate
26.6,95.96251927102446,43,94,STABLE,Good
32.3,95.90511639742384,720,624,STABLE,Moderate
33.2,97.77499756137743,677,696,STABLE,Moderate
24.1,96.09156427873046,3602,878,STABLE,Unhealthy
28.48974367,93.43469123170152,86,75,STABLE,Unhealthy for Sensitive Groups
27.3,93.48242496408827,178,160,STABLE,Good
28.2,98.48269465795148,87,81,VIBRATING,Unhealthy for Sensitive Groups
32.5,94.27428368360853,694,1076,STABLE,Moderate
30.7,97.35541551674973,463,483,STABLE,Moderate
29.2,94.09104912874635,574,1108,STABLE,Moderate
26.9,97.37030455239625,1028,1776,STABLE,Unhealthy for Sensitive Groups
28.66192314,95.55122715712373,87,76,STABLE,Unhealthy
24.5,98.76058888904933,3868,1250,STABLE,Unhealthy
33.4,94.64492579735834,202,203,STABLE,Good
29.8,94.16036822046087,217,84,STABLE,Good
33.4,94.99940042618934,223,111,VIBRATING,Good
28.60797853,96.36224471143643,51,127,STABLE,Unhealthy for Sensitive Groups
28.4,96.28605092211673,198,94,VIBRATING,Moderate
32.0,97.7534326622627,3560,732,STABLE,Unhealthy
28.28251096,96.55833006230498,86,82,STABLE,Unhealthy
28.51447721,97.60184114003953,54,4095,STABLE,Unhealthy
30.8,97.65437092463654,681,962,STABLE,Moderate
28.4,95.94004306813541,82,76,STABLE,Moderate
28.66438001,96.56068002237296,49,100,STABLE,Unhealthy
28.5,97.8554930983951,86,83,VIBRATING,Unhealthy for Sensitive Groups
30.1,97.1795231204348,1878,567,STABLE,Unhealthy
27.0,93.94521228582605,981,1249,STABLE,Unhealthy for Sensitive Groups
28.2,96.78788935804201,180,86,STABLE,Moderate
33.4,96.72832106157766,3982,503,STABLE,Unhealthy
28.50759334,96.35803560372976,86,75,STABLE,Unhealthy for Sensitive Groups
29.17385192,96.545616400154,48,91,STABLE,Unhealthy
24.4,94.87124980979576,893,937,STABLE,Unhealthy for Sensitive Groups
28.4,97.8576777433542,1206,891,STABLE,Unhealthy for Sensitive Groups
24.9,98.32421516033683,475,937,STABLE,Moderate
27.1,95.9029632505826,3929,808,STABLE,Unhealthy
27.6,95.88617110492316,121,190,STABLE,Good
28.2,95.05240449865013,165,220,STABLE,Good
32.3,97.42334865269942,1431,1122,STABLE,Unhealthy for Sensitive Groups
27.6,98.22324400816777,383,802,STABLE,Moderate
24.1,93.28310516497208,954,1840,STABLE,Unhealthy for Sensitive Groups
32.2,98.41837004946908,85,4085,STABLE,Unhealthy
24.4,92.68123406915836,72,96,STABLE,Good
28.7,97.15321781748145,219,114,STABLE,Good
28.5,96.95705244902824,86,82,STABLE,Unhealthy for Sensitive Groups
31.3,97.52640046558659,1220,1488,STABLE,Unhealthy for Sensitive Groups
33.3,98.63464250703603,2469,3072,STABLE,Unhealthy
28.30905708,97.666184905974,86,79,VIBRATING,Unhealthy for Sensitive Groups
32.8,96.53194584120224,299,839,STABLE,Moderate
28.7,94.77173086579096,86,84,STABLE,Unhealthy for Sensitive Groups
26.3,98.61273979870147,1360,1752,STABLE,Unhealthy for Sensitive Groups
33.63500361,95.28077518627278,97,59,STABLE,Good
31.0,98.79853308070385,1222,1816,STABLE,Unhealthy for Sensitive Groups
25.3,94.03341225402936,859,698,STABLE,Moderate
25.87009691,97.12328279266737,66,90,STABLE,Good
30.0,95.6206312080206,1640,836,STABLE,Unhealthy for Sensitive Groups
24.8,96.28945525307748,1506,1878,STABLE,Unhealthy for Sensitive Groups
32.0,97.48327928695399,854,745,STABLE,Moderate
26.2,94.30258444257957,1738,910,STABLE,Unhealthy for Sensitive Groups
24.3,98.8101847315828,3979,3916,STABLE,Unhealthy
29.04739699,95.4345736612239,47,89,STABLE,Unhealthy
32.9,99.10106992146656,702,1105,STABLE,Moderate
26.2,97.60917616601287,1737,934,STABLE,Unhealthy for Sensitive Groups
33.6,95.25041001800858,98,59,STABLE,Good
26.88773731,97.59622981142434,45,92,STABLE,Good
33.6,96.81588910927366,127,149,STABLE,Good
24.8,96.87456062211571,281,2424,STABLE,Unhealthy
33.6,91.7643641074363,721,1435,STABLE,Unhealthy for Sensitive Groups
32.2,95.69264359903956,1974,2164,STABLE,Unhealthy
27.35879793980023,97.97239809250311,4095,253,STABLE,Unhealthy
33.8,96.01258659234722,3042,637,STABLE,Unhealthy
31.8,97.0130072705536,823,1810,STABLE,Unhealthy for Sensitive Groups
24.9,98.06005223970129,659,3948,STABLE,Unhealthy
27.3,96.66845260048885,250,113,STABLE,Good
29.5,96.71154428650578,66,77,STABLE,Moderate
27.9,97.46766450209807,1362,999,STABLE,Unhealthy for Sensitive Groups
26.8,99.11452306941712,153,81,STABLE,Good
29.404769320305444,98.17835787896507,659,3772,STABLE,Unhealthy
33.7,95.75248591631257,68,120,STABLE,Good
28.31034452,98.71636001352876,87,80,STABLE,Unhealthy
28.9,94.86108199854817,82,88,STABLE,Good
28.4,95.78430906608544,86,83,VIBRATING,Unhealthy for Sensitive Groups
30.2,98.4069879067526,68,113,STABLE,Unhealthy for Sensitive Groups
28.52318188,96.83776727724569,86,81,VIBRATING,Unhealthy
26.97905675,95.3673776454385,149,4095,STABLE,Unhealthy
24.1,99.25695896468065,1939,251,STABLE,Unhealthy
32.5,96.05014802183675,1290,1213,STABLE,Unhealthy for Sensitive Groups
27.8,94.31542380897372,3652,892,STABLE,Unhealthy
28.4629386,98.17746923670285,98,87,STABLE,Unhealthy
31.9,99.01934665913417,2588,2222,STABLE,Unhealthy
32.6,93.16583731730532,367,581,STABLE,Moderate
25.6,98.73297942601826,186,250,STABLE,Good
30.5,96.71881956317435,3306,203,STABLE,Unhealthy
26.7,96.41099942186695,2832,472,STABLE,Unhealthy
33.2,94.21919127249697,542,3934,STABLE,Unhealthy
28.5,96.00724559521029,516,705,STABLE,Moderate
32.8,98.82837771112112,166,162,STABLE,Good
25.1,97.16055677564783,1143,1188,STABLE,Unhealthy for Sensitive Groups
27.5,98.79786857138092,3122,2151,STABLE,Unhealthy
28.2,98.10343267015934,1529,1793,STABLE,Unhealthy for Sensitive Groups
28.2,94.6490665690032,87,87,VIBRATING,Moderate
29.7,97.41792243803515,2443,3159,STABLE,Unhealthy
26.8,94.62794637436957,72,58,STABLE,Good
33.4,97.07471250496025,985,974,STABLE,Unhealthy for Sensitive Groups
26.73099369,95.65624068641992,154,4095,VIBRATING,Unhealthy
29.4,94.91517735751526,74,81,STABLE,Moderate
31.8,99.41318566575114,60,225,STABLE,Good
28.4,96.6260910204606,87,75,VIBRATING,Unhealthy
24.4,97.63693820962014,59,111,STABLE,Good
25.3,96.13195793573045,1597,1540,STABLE,Unhealthy for Sensitive Groups
33.6,97.92873267777945,97,59,STABLE,Good
28.7,97.75206612491054,1741,1509,STABLE,Unhealthy for Sensitive Groups
28.8,94.97654479642793,179,92,STABLE,Moderate
25.4,98.77173057375303,73,85,VIBRATING,Good
26.73169932,97.50512924988534,45,92,STABLE,Good
24.4,95.44255816780183,382,317,STABLE,Moderate
30.6,98.24787574061247,337,412,STABLE,Moderate
32.5,99.02798536623563,1754,1555,STABLE,Unhealthy for Sensitive Groups
28.8,98.00316586161824,247,52,STABLE,Good
26.2,99.0743741837639,85,145,STABLE,Good
26.7,98.36226380042547,171,75,VIBRATING,Good
31.8,96.00931156523623,893,1049,STABLE,Moderate
26.9,97.52306375185462,163,231,STABLE,Good
30.2,96.78354819122481,814,779,STABLE,Moderate
27.5,97.30466996926548,84,69,VIBRATING,Moderate
26.8,96.38740312529598,930,850,STABLE,Unhealthy for Sensitive Groups
26.0,98.62597472566478,158,135,STABLE,Good
31.9,98.47950984579573,798,855,STABLE,Moderate
28.1,97.63023237741383,171,93,STABLE,Moderate
32.0,97.88249621576949,1369,1074,STABLE,Unhealthy for Sensitive Groups
28.57814454,95.46840253718,86,81,STABLE,Unhealthy for Sensitive Groups
25.2,93.04329007078438,1503,1571,STABLE,Unhealthy for Sensitive Groups
28.1184031,96.8909474947542,86,81,VIBRATING,Unhealthy for Sensitive Groups
32.0,97.96729686092375,3366,2645,STABLE,Unhealthy
28.6,98.94767164591318,222,88,STABLE,Moderate
28.36792573,96.34274294664846,84,83,STABLE,Unhealthy for Sensitive Groups
33.51975559924079,96.83054019602233,590,4095,STABLE,Unhealthy
32.1,95.17477524312812,1648,1289,STABLE,Unhealthy for Sensitive Groups
28.4,96.82029094349507,88,75,VIBRATING,Moderate
28.3,92.81803593747634,87,81,STABLE,Moderate
29.02195105,97.61801678746356,47,92,STABLE,Unhealthy
24.4,98.02483591921018,796,409,STABLE,Moderate
29.8,97.45863288101937,65,80,STABLE,Moderate
31.8,97.41071960904159,78,198,STABLE,Good
27.2,96.4965334990039,62,66,STABLE,Good
28.0,99.05446484474581,147,74,STABLE,Good
25.7,96.65317178269765,100,139,STABLE,Good
33.3,98.87298449739711,892,949,STABLE,Moderate
27.8,94.44028289408026,1156,1386,STABLE,Unhealthy for Sensitive Groups
33.4,99.02125916769997,125,114,STABLE,Good
29.9,96.10435101739039,1270,805,STABLE,Unhealthy for Sensitive Groups
28.4,97.18300389006178,3336,2654,VIBRATING,Unhealthy
32.1,99.36610706072352,823,460,STABLE,Moderate
31.4,98.17252851408759,1414,1160,STABLE,Unhealthy for Sensitive Groups
26.0,99.29610875484009,1663,1995,STABLE,Unhealthy for Sensitive Groups
33.6,98.56981700120303,1112,1444,STABLE,Unhealthy for Sensitive Groups
27.8,98.45011287972301,83,77,STABLE,Moderate
26.3,97.00038988441352,68,91,VIBRATING,Good
31.6,98.42761316031093,1958,2261,STABLE,Unhealthy
26.2,98.77276743826775,72,85,STABLE,Good
28.88957213,96.81791935219042,45,48,STABLE,Unhealthy for Sensitive Groups
33.5,97.56504907337178,1086,1765,VIBRATING,Unhealthy for Sensitive Groups
33.0,94.3755703477431,497,1199,STABLE,Moderate
30.3,97.65469949760778,94,57,STABLE,Good
32.8,96.30104593320209,854,699,STABLE,Moderate
28.39269585,97.66553769165948,95,88,STABLE,Unhealthy
28.6,93.81928768055693,142,2870,STABLE,Unhealthy
25.3,93.63216227685814,56,88,STABLE,Good
27.6,97.51606896587256,874,898,STABLE,Moderate
24.7,95.46200460170878,3682,1538,STABLE,Unhealthy
30.9,97.27388653417879,3201,2903,STABLE,Unhealthy
31.8,99.02947458074406,223,137,STABLE,Good
26.9,98.0364877164675,839,297,STABLE,Moderate
27.8,94.341670072693,283,523,STABLE,Moderate
28.2,97.5424191678353,1232,953,STABLE,Unhealthy for Sensitive Groups
30.0,97.97844006217079,302,599,STABLE,Moderate
25.9,99.61851316508195,235,216,STABLE,Good
29.1,95.38118955575918,180,217,STABLE,Good
24.965227820057645,99.64068748859609,290,4095,STABLE,Unhealthy
32.0,98.18361420673017,1474,1949,STABLE,Unhealthy for Sensitive Groups
28.31889504,99.3956244427837,76,4095,STABLE,Unhealthy
30.9,97.89121332367867,218,244,STABLE,Good
29.68549761,96.09625249994689,66,76,STABLE,Unhealthy
33.6809715724494,97.6995986712653,4095,774,STABLE,Unhealthy
24.8,96.92710614401211,714,456,STABLE,Moderate
28.53205833,94.47962334144533,75,82,STABLE,Unhealthy
33.0,94.758899242539,211,37,STABLE,Good
28.3,98.27657567569962,85,80,STABLE,Unhealthy for Sensitive Groups
33.8,94.02091981212635,714,429,STABLE,Moderate
30.2,99.54078231403341,68,80,VIBRATING,Moderate
29.1,98.7219248924751,1987,3170,STABLE,Unhealthy
29.7,99.03520827933555,3697,727,VIBRATING,Unhealthy
30.1,94.38990880844928,96,59,VIBRATING,Good
29.3,94.06543883229051,438,3693,STABLE,Unhealthy
28.7,98.78085305204527,2886,3396,STABLE,Unhealthy
28.7,97.26167272695903,87,84,STABLE,Moderate
30.5,98.38156336632203,274,615,STABLE,Moderate
33.3,93.84811856804143,458,1100,STABLE,Moderate
24.3,97.50134524208292,1113,708,STABLE,Unhealthy for Sensitive Groups
28.3,94.20613856389474,54,101,STABLE,Unhealthy for Sensitive Groups
33.40341287842856,97.30905142846767,877,3137,STABLE,Unhealthy
32.5,96.17011308401806,577,2904,VIBRATING,Unhealthy
31.6,97.81568427015416,1399,1741,STABLE,Unhealthy for Sensitive Groups
30.1,98.06680699057299,71,79,STABLE,Moderate
28.34775654,97.55312860497176,85,75,VIBRATING,Unhealthy
28.2,97.33143901480327,505,2227,STABLE,Unhealthy
28.0,98.32119976604531,779,1179,STABLE,Unhealthy for Sensitive Groups
25.3,97.15073966813186,4051,4077,STABLE,Unhealthy
28.5,98.28060588856638,883,76,STABLE,Moderate
26.9,97.77046616533454,479,1167,STABLE,Moderate
29.3,95.85235845343513,39,75,STABLE,Moderate
24.4,99.46438985334497,1522,1279,STABLE,Unhealthy for Sensitive Groups
25.9,97.08077394203278,80,85,STABLE,Good
28.3,97.42108933871644,78,74,VIBRATING,Moderate
29.276249367005654,98.98363147688265,4095,4095,STABLE,Unhealthy
28.2,96.84467807597801,87,83,STABLE,Moderate
32.3,95.22819667557064,1387,1176,STABLE,Unhealthy for Sensitive Groups
29.0,96.32638541828672,47,109,STABLE,Good
30.5,98.84881889380458,103,57,STABLE,Good
32.0,98.06105648059307,2096,815,STABLE,Unhealthy
29.6,97.08847895790595,1159,805,STABLE,Unhealthy for Sensitive Groups
30.4,99.43976417402857,2649,365,STABLE,Unhealthy
27.8,95.5172249919087,607,975,STABLE,Moderate
28.2161447,98.66346879382276,86,79,STABLE,Unhealthy for Sensitive Groups
29.4,96.14767238713637,357,3963,STABLE,Unhealthy
28.8,98.76442268771272,172,100,VIBRATING,Moderate
28.0,94.06898475398171,120,71,VIBRATING,Good
28.306449,96.23600820173326,86,82,STABLE,Unhealthy for Sensitive Groups
28.4,98.02126965933462,86,77,STABLE,Moderate
29.2,96.03677207803605,184,102,VIBRATING,Moderate
33.3,96.20696097693572,1150,1197,VIBRATING,Unhealthy for Sensitive Groups
30.5,96.7938554004291,3540,916,STABLE,Unhealthy
25.6,96.50837394709092,2042,702,STABLE,Unhealthy
29.8,96.19657060222755,33,169,STABLE,Good
30.3,96.05119988589121,3617,1778,STABLE,Unhealthy
29.3,94.02022140450018,2075,174,STABLE,Unhealthy
24.0,97.21342950404463,119,53,STABLE,Good
28.28927373,99.37412495023489,86,79,STABLE,Unhealthy for Sensitive Groups
33.7,99.23921464601506,3891,462,STABLE,Unhealthy
26.2,97.32694509696888,74,86,STABLE,Good
27.1,98.14929444072555,367,571,VIBRATING,Moderate
26.5,96.31773735486195,1553,1272,STABLE,Unhealthy for Sensitive Groups
30.7,97.69089362817716,350,1036,STABLE,Moderate
24.1,98.02701903863851,2460,3065,STABLE,Unhealthy
27.2,97.19376855865957,190,169,STABLE,Good
24.0,94.57500166171504,3901,235,VIBRATING,Unhealthy
30.1,97.3185240871188,486,4036,STABLE,Unhealthy
31.3,95.68257994835598,3455,667,STABLE,Unhealthy
24.863261404741756,98.7382377952357,725,4095,STABLE,Unhealthy
30.3,98.26516837229475,1034,761,STABLE,Unhealthy for Sensitive Groups
26.52300064,95.42580439472687,41,92,STABLE,Good
28.40969994,97.62845893878006,86,77,STABLE,Unhealthy for Sensitive Groups
27.9,98.3611979194897,178,151,STABLE,Good
28.5,94.68473884980966,3367,734,STABLE,Unhealthy
28.6,96.33209014231976,1846,2014,STABLE,Unhealthy
26.7666923,95.34960540279411,154,4095,STABLE,Unhealthy
29.2,95.98695669210665,988,2683,STABLE,Unhealthy
25.4,96.5699378341797,1669,1999,STABLE,Unhealthy for Sensitive Groups
26.3,96.54399406520372,69,92,STABLE,Good
28.9,98.83976415076074,804,1108,STABLE,Moderate
24.1,98.12111699796863,152,220,STABLE,Good
25.2,94.35884338968765,323,329,STABLE,Moderate
25.4,94.54258182623141,3532,1952,STABLE,Unhealthy
26.0,98.18166132240891,282,2676,STABLE,Unhealthy
32.8,98.07121260010648,435,310,VIBRATING,Moderate
32.6,97.9614075290455,513,388,STABLE,Moderate
31.8,98.52455757046701,87,60,VIBRATING,Good
28.2,95.31447150870234,34,201,STABLE,Good
24.6,96.8722772031457,425,1183,STABLE,Moderate
26.5,94.43624363531465,1350,1528,STABLE,Unhealthy for Sensitive Groups
28.53326632,97.46209861687763,86,83,STABLE,Unhealthy for Sensitive Groups
28.9973633,97.85381285143788,106,86,STABLE,Good
28.52319534,99.03264807510493,51,4095,STABLE,Unhealthy
25.1,97.78161061481221,654,537,STABLE,Moderate
33.4,91.92797224361064,1848,44,STABLE,Unhealthy
29.7,97.75561755289891,895,590,STABLE,Moderate
26.8,97.90321102330694,1392,1792,STABLE,Unhealthy for Sensitive Groups
28.65124577,97.09705276344371,86,83,VIBRATING,Unhealthy for Sensitive Groups
26.3,98.07496478182205,2254,256,STABLE,Unhealthy
26.2,95.87850976077489,1573,730,STABLE,Unhealthy for Sensitive Groups
28.4,98.51083312919717,86,85,STABLE,Unhealthy for Sensitive Groups
24.2,98.11609690258324,59,177,STABLE,Good
24.5,97.3655237227448,1390,1670,STABLE,Unhealthy for Sensitive Groups
26.2,98.28907056381362,907,1460,STABLE,Unhealthy for Sensitive Groups
33.5,95.64832334959125,213,211,STABLE,Good
33.8,97.01086913930375,38,46,STABLE,Good
28.1,96.35291280143711,48,97,STABLE,Moderate
28.6,97.32947609415156,185,82,STABLE,Moderate
33.8,96.98580821116997,1239,1614,VIBRATING,Unhealthy for Sensitive Groups
26.9,97.92383611308269,1692,1307,STABLE,Unhealthy for Sensitive Groups
32.4,96.2335234783762,168,3540,STABLE,Unhealthy
24.6,97.26537622156869,745,429,STABLE,Moderate
32.6,98.33348918202398,972,1540,STABLE,Unhealthy for Sensitive Groups
28.36389494,96.15010106063818,87,78,STABLE,Unhealthy for Sensitive Groups
30.4,98.85640668632615,2610,689,STABLE,Unhealthy
27.9,96.08582575044055,3272,727,STABLE,Unhealthy
32.1,98.72635132221761,993,1354,STABLE,Unhealthy for Sensitive Groups
27.3,96.01987757968166,1472,1493,STABLE,Unhealthy for Sensitive Groups
25.2,97.54199125240723,1004,1289,STABLE,Unhealthy for Sensitive Groups
28.5,99.56525993755196,85,72,STABLE,Moderate
31.1,97.7682893994981,185,149,STABLE,Good
30.02797974,97.22653115837824,84,125,STABLE,Unhealthy
25.5,97.64399253074785,2471,225,STABLE,Unhealthy
33.6,96.82568698159096,2819,206,STABLE,Unhealthy
29.2,96.81271130790681,47,94,STABLE,Unhealthy
29.4,98.00757466503055,39,41,STABLE,Good
30.0,96.92790524225762,51,145,STABLE,Good
29.6,97.10709796315774,3714,221,STABLE,Unhealthy
25.3,94.89663673014957,370,712,STABLE,Moderate
29.0,97.62546801215139,3319,286,STABLE,Unhealthy
27.7,98.04408693480853,2789,4053,STABLE,Unhealthy
32.6,96.69820711949,1260,1541,STABLE,Unhealthy for Sensitive Groups
28.24364193,99.42947295712919,86,77,STABLE,Unhealthy for Sensitive Groups
30.4,95.88901128204942,41,118,STABLE,Good
29.2,96.94649936760015,1313,1438,STABLE,Unhealthy for Sensitive Groups
27.2,97.15680121044586,458,562,STABLE,Moderate
31.8,98.06856940831848,1705,1138,STABLE,Unhealthy for Sensitive Groups
29.3,97.32699593894934,94,79,VIBRATING,Good
32.9,94.23190499981222,679,317,STABLE,Moderate
27.6,95.68287388578345,417,854,STABLE,Moderate
24.6,94.75426640742477,1070,1534,STABLE,Unhealthy for Sensitive Groups
31.2,99.6749794145342,209,235,STABLE,Good
28.4,97.08931195803919,1745,1412,STABLE,Unhealthy for Sensitive Groups
30.2,97.08041438599165,68,112,VIBRATING,Unhealthy for Sensitive Groups
28.2,97.67871731882249,140,163,STABLE,Good
29.4,98.72943377810806,100,136,STABLE,Good
26.2,99.24040302467151,72,85,STABLE,Good
25.1,96.60339001854395,696,771,STABLE,Moderate
26.0,96.75152696969137,75,74,STABLE,Good
31.9,94.68588585306513,320,3236,STABLE,Unhealthy
28.5,98.60276889028304,202,88,STABLE,Moderate
28.5,96.87687992355853,86,83,STABLE,Moderate
32.9,98.59599962435513,3138,2747,STABLE,Unhealthy
33.1,99.56944841518427,1945,3534,STABLE,Unhealthy
24.4,94.57202600370887,1707,1803,STABLE,Unhealthy for Sensitive Groups
32.7,98.55897571292223,473,2635,STABLE,Unhealthy
31.0,98.59619764493458,111,201,STABLE,Good
25.8,97.27231433863287,898,685,STABLE,Moderate
31.908026020317,97.38073736589278,4095,4095,STABLE,Unhealthy
28.45767576,96.82115913433526,51,107,STABLE,Unhealthy
24.4,95.78270630581719,2208,904,STABLE,Unhealthy
31.3,93.1925586202743,195,105,STABLE,Good
24.7,96.96475229508687,251,4052,STABLE,Unhealthy
32.8,97.76951169718711,733,1110,STABLE,Moderate
28.38876957,95.89577777212567,86,77,STABLE,Unhealthy
25.1,97.84867855560265,810,1077,STABLE,Moderate
33.0,97.60885987326202,3542,766,STABLE,Unhealthy
29.8,99.22119098067647,196,159,STABLE,Good
30.3,93.1633430605452,99,178,STABLE,Good
28.83346337,97.42566254429656,64,235,STABLE,Unhealthy
26.40693613,96.35878827954171,43,93,STABLE,Good
28.4,98.51143378487878,86,84,STABLE,Moderate
28.4,98.3936758315281,163,177,STABLE,Good
31.8,94.93266628210152,217,89,STABLE,Good
25.3,99.1634801895174,3698,2004,STABLE,Unhealthy
24.2,98.49353480061927,2105,3255,STABLE,Unhealthy
29.3,97.97300247669668,104,193,STABLE,Good
28.6,99.09830560079021,241,156,STABLE,Good
26.8,97.0286044757303,445,92,STABLE,Good
28.4,94.444560652394,846,1069,VIBRATING,Unhealthy for Sensitive Groups
28.5,94.55371291438777,171,89,STABLE,Moderate
24.8,98.73900009886663,785,309,VIBRATING,Moderate
27.4,96.47599878842519,951,2747,STABLE,Unhealthy
28.0,98.27639767109271,1919,3675,STABLE,Unhealthy
33.2,98.10618680522157,470,647,STABLE,Moderate
32.1,98.65157466515208,2294,382,STABLE,Unhealthy
33.0,96.74161794216583,97,59,STABLE,Good
25.5,99.09519739538848,72,91,STABLE,Good
26.3,97.97218202753785,72,86,STABLE,Good
24.2,98.64125374891654,1428,1381,STABLE,Unhealthy for Sensitive Groups
25.3,95.68543134551923,126,157,STABLE,Good
28.4,97.27090303331022,173,96,STABLE,Moderate
30.6,96.12716271584178,503,3081,STABLE,Unhealthy
27.2,97.03147336598923,493,3903,STABLE,Unhealthy
28.1,97.27447251329934,1038,1664,STABLE,Unhealthy for Sensitive Groups
32.7,99.77778048424386,2604,411,STABLE,Unhealthy
28.7,94.68308522195963,469,3136,STABLE,Unhealthy
28.30187636,96.81998538172986,87,85,VIBRATING,Unhealthy for Sensitive Groups
28.52671041,94.20919532408824,86,83,STABLE,Unhealthy for Sensitive Groups
28.23483867,97.18328984755799,85,76,STABLE,Unhealthy for Sensitive Groups
29.1,98.59452150703004,47,95,STABLE,Unhealthy
32.6,96.42610859973473,478,2014,STABLE,Unhealthy
26.2,97.6492595484776,135,67,STABLE,Good
29.5,96.69911005629358,272,2528,STABLE,Unhealthy
32.4,97.49235760509279,792,1631,STABLE,Unhealthy for Sensitive Groups
26.8,98.59088683395036,1454,853,STABLE,Unhealthy for Sensitive Groups
33.2,95.66056131745651,131,219,STABLE,Good
29.9,99.48983400266825,632,2866,STABLE,Unhealthy
31.4,98.55799425825673,1651,910,STABLE,Unhealthy for Sensitive Groups
32.2,98.38404374745254,242,250,STABLE,Good
27.7,97.16406925370302,521,615,STABLE,Moderate
26.3,96.85876714463326,3243,613,STABLE,Unhealthy
31.1,96.87208755502033,1334,1577,STABLE,Unhealthy for Sensitive Groups
30.8,99.05278760192112,865,2107,STABLE,Unhealthy
33.6,96.86481749866624,1698,951,STABLE,Unhealthy for Sensitive Groups
29.64088507,97.50050220431125,68,149,STABLE,Unhealthy
25.8,96.84497134341954,1158,1032,STABLE,Unhealthy for Sensitive Groups
29.00268897,97.79122999892245,46,87,STABLE,Unhealthy
26.7,98.3581254740388,445,93,STABLE,Good
25.6,91.92373610276094,94,89,STABLE,Good
29.8,98.99960468146111,250,159,STABLE,Good
29.3,98.62533957777057,3269,530,STABLE,Unhealthy
26.8,98.56522444494968,51,206,STABLE,Good
28.3,98.80829679989523,86,80,STABLE,Unhealthy for Sensitive Groups
30.9,99.6530429117609,2302,954,STABLE,Unhealthy
28.7,96.9449457607447,520,2902,STABLE,Unhealthy
25.6,97.86556080845467,155,48,STABLE,Good
30.3,98.02209036506329,900,3652,STABLE,Unhealthy
32.9,96.08025641170191,425,540,STABLE,Moderate
30.2,97.32689350248793,632,1172,STABLE,Moderate
27.8,95.18654280969105,1508,1961,STABLE,Unhealthy for Sensitive Groups
31.0,98.90382557112245,112,197,STABLE,Good
25.1,95.85836650933317,3411,3458,STABLE,Unhealthy
27.3,98.8229702535817,1301,828,STABLE,Unhealthy for Sensitive Groups
25.8,97.75187661418566,66,90,STABLE,Good
28.90501034,95.63432070707847,77,81,STABLE,Unhealthy for Sensitive Groups
33.8,96.81185693084142,97,59,VIBRATING,Good
28.44226288,97.58648401258473,86,80,STABLE,Unhealthy
28.4,98.88925576675035,86,74,STABLE,Moderate
32.1,93.57018886310011,1260,835,STABLE,Unhealthy for Sensitive Groups
24.8,98.75047425757569,322,635,STABLE,Moderate
26.7,94.40973530537777,1065,1989,STABLE,Unhealthy for Sensitive Groups
30.6,98.61641177909132,1594,1690,STABLE,Unhealthy for Sensitive Groups
28.8,96.02391678658066,3318,3559,STABLE,Unhealthy
28.8,98.49104846426587,803,961,STABLE,Moderate
28.1,97.64460251535327,469,1189,STABLE,Moderate
25.6,96.4505730235398,227,215,STABLE,Good
32.13467391734767,99.21890896438511,2914,505,STABLE,Unhealthy
29.7,98.06946783140201,203,111,STABLE,Good
27.4,93.92209461450643,148,199,STABLE,Good
30.6,97.54013198396598,781,466,STABLE,Moderate
31.6,97.64474581561667,771,1196,STABLE,Moderate
26.7,96.37635586571714,151,82,STABLE,Good
27.6,94.06047110901358,131,148,STABLE,Good
28.3,96.18571526041107,85,70,STABLE,Moderate
29.8,97.63920077630665,4058,45,STABLE,Unhealthy
30.7,97.12133396481585,1128,1635,STABLE,Unhealthy for Sensitive Groups
30.9,95.06029444980642,3844,3475,STABLE,Unhealthy
28.42933298,97.12631192827423,86,76,STABLE,Unhealthy for Sensitive Groups
24.9,98.8004856647212,221,137,STABLE,Good
28.87088714,98.57065395618977,86,76,STABLE,Unhealthy for Sensitive Groups
25.8,95.91146206177895,97,212,STABLE,Good
31.7,97.43745326220234,2630,730,STABLE,Unhealthy
28.8,98.16161019973276,578,1169,STABLE,Moderate
33.4,99.3860680646439,1769,847,STABLE,Unhealthy for Sensitive Groups
29.22734975,96.89683519691421,76,76,STABLE,Unhealthy for Sensitive Groups
24.6,91.92168570671014,1367,1960,STABLE,Unhealthy for Sensitive Groups
28.4,93.26795343816154,51,177,STABLE,Good
28.52453647,98.10996387851704,86,81,STABLE,Unhealthy for Sensitive Groups
28.52051608,97.94080365793583,79,4095,STABLE,Unhealthy
29.2,97.96191229171274,184,84,STABLE,Good
28.6,94.28250730503783,104,87,STABLE,Unhealthy for Sensitive Groups
33.1,96.4141291094849,154,172,STABLE,Good
24.3,96.66966036920797,70,100,STABLE,Good
27.2,95.7327597095996,69,76,STABLE,Good
29.3,96.98720890926502,143,80,STABLE,Good
29.4,93.9842715795158,73,82,STABLE,Moderate
31.9,94.15302370744766,747,1987,VIBRATING,Unhealthy for Sensitive Groups
26.5,96.47687979813892,537,358,STABLE,Moderate
29.16878519,97.44740986936985,47,94,STABLE,Unhealthy
29.3,97.97985604721224,171,129,STABLE,Good
30.3,99.47419431992307,87,204,STABLE,Good
28.1,95.59084482937809,131,148,STABLE,Good
29.4,97.26030975160288,871,4059,STABLE,Unhealthy
29.4,97.21249199990766,752,777,STABLE,Moderate
28.40009146,91.09928212878272,86,82,VIBRATING,Unhealthy for Sensitive Groups
24.6,94.57321153396964,3851,3953,VIBRATING,Unhealthy
29.5,97.95611118081683,73,83,STABLE,Moderate
31.8,98.9026777411732,1105,1870,STABLE,Unhealthy for Sensitive Groups
27.2,96.20779391583835,277,3571,STABLE,Unhealthy
32.9,97.38510395963418,1470,901,STABLE,Unhealthy for Sensitive Groups
29.9,93.86676305381684,113,215,STABLE,Good
32.1,96.563981264012,836,781,STABLE,Moderate
32.5,98.82023640871913,40,76,STABLE,Good
29.9,98.15838440216655,801,953,STABLE,Moderate
25.2,96.7892477745179,42,179,STABLE,Good
26.6,95.18740510846628,306,379,STABLE,Moderate
27.398830185137754,98.01611461614341,4095,702,STABLE,Unhealthy
32.8,96.1310444816296,55,211,STABLE,Good
27.4,98.96473622611431,810,3488,STABLE,Unhealthy
32.1,95.75577192448051,1274,1436,STABLE,Unhealthy for Sensitive Groups
28.36950104,98.1184401709142,52,116,STABLE,Unhealthy for Sensitive Groups
33.3,94.517872135856,1219,1474,STABLE,Unhealthy for Sensitive Groups
31.4,98.4979713892102,62,106,STABLE,Good
33.4,97.70506198271904,627,3140,STABLE,Unhealthy
30.2,96.04947215448664,38,52,STABLE,Good
29.0,95.61312350674147,55,87,STABLE,Moderate
33.4,97.84562519387462,1644,1997,STABLE,Unhealthy for Sensitive Groups
29.65566968,98.12012169434027,65,78,STABLE,Unhealthy
29.13742903,94.42673901560258,47,90,STABLE,Unhealthy
33.9,98.31726752993785,111,168,STABLE,Good
30.7,98.05420870469185,66,88,STABLE,Good
32.3,99.02501981074823,1253,841,STABLE,Unhealthy for Sensitive Groups
29.4,96.57246884334043,135,109,STABLE,Good
34.0,97.03540098543306,702,356,STABLE,Moderate
29.0,98.4105521247111,1375,1029,STABLE,Unhealthy for Sensitive Groups
26.5,96.7948381149364,408,851,STABLE,Moderate
26.4,96.69144293551993,760,580,STABLE,Moderate
31.41352776,98.77077555754403,86,60,STABLE,Good
29.0,96.5606466629074,1395,1380,STABLE,Unhealthy for Sensitive Groups
28.6395879,96.3705617159043,86,82,VIBRATING,Unhealthy for Sensitive Groups
30.3,97.690508392029,3548,2873,STABLE,Unhealthy
29.51507766,97.83557557834754,95,78,STABLE,Good
24.2,95.81341294444559,963,1475,STABLE,Unhealthy for Sensitive Groups
25.8,98.28698097489567,2456,954,STABLE,Unhealthy
29.6,97.36823448449698,615,687,STABLE,Moderate
30.4,98.46740859070309,95,57,STABLE,Good
29.1,95.7356034885641,2097,2802,STABLE,Unhealthy
28.0,99.48131293922798,1303,1907,STABLE,Unhealthy for Sensitive Groups
30.5,96.87425297280143,451,448,STABLE,Moderate
26.1,96.39918727353597,400,3488,STABLE,Unhealthy
29.0,96.67442081526326,46,87,VIBRATING,Unhealthy
29.1,98.65516998538759,719,1440,STABLE,Unhealthy for Sensitive Groups
27.6,98.57875928497252,1713,1636,VIBRATING,Unhealthy for Sensitive Groups
32.5,97.34606786130583,424,2942,STABLE,Unhealthy
30.0,98.3527500058867,84,81,STABLE,Good
28.38661963,98.15995576393642,86,77,STABLE,Unhealthy for Sensitive Groups
24.4,98.1862618947926,106,98,STABLE,Good
32.7,98.19359347766893,526,1149,STABLE,Moderate
30.1,95.39631577675836,96,58,STABLE,Good
29.4,99.3052296742219,76,2212,STABLE,Unhealthy
24.4,96.81217245567927,3945,2633,STABLE,Unhealthy
28.2,96.33477647964875,96,67,STABLE,Moderate
32.3,95.71881916314581,78,167,STABLE,Good
32.7,96.82421607348249,200,125,STABLE,Good
30.9,96.83502757269201,353,1158,STABLE,Moderate
25.7,97.08997166427882,2155,865,STABLE,Unhealthy
28.34070816,99.02793458173512,85,78,STABLE,Unhealthy for Sensitive Groups
31.7,95.87190815536549,96,68,VIBRATING,Good
27.0,96.37354336367235,1535,958,STABLE,Unhealthy for Sensitive Groups
25.8,97.47607460589185,313,2470,STABLE,Unhealthy
24.3,98.14670510348674,838,414,STABLE,Moderate
24.9,98.5904246289416,600,873,STABLE,Moderate
28.4,96.66855883844096,84,79,STABLE,Moderate
31.6,94.13147225578254,220,45,STABLE,Good
30.8,96.27381950095871,1293,1115,STABLE,Unhealthy for Sensitive Groups
28.1,97.59312821708424,1385,1726,STABLE,Unhealthy for Sensitive Groups
29.8,98.70681061644659,66,78,VIBRATING,Moderate
27.8,98.02411532110594,4086,3762,STABLE,Unhealthy
26.2,97.62084891844138,4065,89,STABLE,Unhealthy
29.2,98.61804311153739,701,402,VIBRATING,Moderate
26.7,96.37094243779616,44,94,VIBRATING,Good
26.9,97.29987528518679,44,94,STABLE,Good
33.4,98.14815446350734,3642,58,STABLE,Unhealthy
29.2,98.48703460714124,309,2020,STABLE,Unhealthy
30.3,95.33329931104231,1581,1878,STABLE,Unhealthy for Sensitive Groups
28.5,99.0311690035281,50,116,STABLE,Moderate
30.2,96.90809424786927,596,2394,STABLE,Unhealthy
25.5,95.80146113294745,491,3058,STABLE,Unhealthy
30.3,96.405658454431,154,65,STABLE,Good
28.8,98.86061022901492,127,3333,STABLE,Unhealthy
24.8,98.13476738128973,78,182,STABLE,Good
28.3,93.78914156890409,85,76,STABLE,Unhealthy for Sensitive Groups
27.7,94.95478957685604,428,2368,STABLE,Unhealthy
28.35859122,98.35333684966244,85,83,STABLE,Unhealthy for Sensitive Groups
25.1,94.07050397967619,864,547,STABLE,Moderate
24.2,94.02224633643311,376,3161,STABLE,Unhealthy
31.6,96.65786791422585,1950,154,STABLE,Unhealthy
33.6,98.7358764947817,4007,2660,STABLE,Unhealthy
30.4,96.92214343085297,250,2357,STABLE,Unhealthy
24.6,94.16077788800281,350,852,STABLE,Moderate
28.6,98.63941393404335,88,73,STABLE,Moderate
26.7,99.456133399053,970,1271,STABLE,Unhealthy for Sensitive Groups
30.3,95.89275018754577,2281,957,STABLE,Unhealthy
30.0,97.08957683682304,765,1909,STABLE,Unhealthy for Sensitive Groups
26.88685991,94.42381369711852,445,92,STABLE,Good
28.5,97.61756265113958,171,60,STABLE,Good
26.2,96.8093805113238,2469,345,STABLE,Unhealthy
24.8,95.57952380905847,802,461,STABLE,Moderate
24.3,97.3499978489539,568,897,STABLE,Moderate
32.8,95.8520859617682,267,398,STABLE,Moderate
29.08905324,98.19488227853192,46,89,STABLE,Unhealthy
26.1,99.01117270033768,62,94,STABLE,Good
31.8,95.46251521134256,1912,2542,VIBRATING,Unhealthy
31.6,95.14412357637144,1710,858,STABLE,Unhealthy for Sensitive Groups
29.7,98.00114655884988,67,76,STABLE,Moderate
32.2,99.50214204683537,239,113,STABLE,Good
25.7,97.74477438229943,65,89,STABLE,Good
27.8,95.35550310326184,51,243,STABLE,Good
25.2,94.04921058383306,88,163,STABLE,Good
27.4,98.85894674348873,726,3603,STABLE,Unhealthy
29.15322602,94.1762445332813,47,93,STABLE,Unhealthy
30.2,95.27397940362138,468,673,STABLE,Moderate
28.3,96.14201976918561,86,84,STABLE,Moderate
31.5,98.33994182967317,840,1404,STABLE,Unhealthy for Sensitive Groups
25.5,98.03784756971424,66,90,STABLE,Good
26.363447881220868,96.52937014296648,4095,543,STABLE,Unhealthy
28.46484598,97.76138002524972,85,81,STABLE,Unhealthy
26.7,97.0243108838857,1416,1939,STABLE,Unhealthy for Sensitive Groups
26.5,98.88916915149791,688,570,STABLE,Moderate
30.0,95.7459204052492,213,180,STABLE,Good
28.2,98.46042906090429,208,2936,STABLE,Unhealthy
24.8,97.90780662047801,46,112,STABLE,Good
30.6,99.72381154473575,259,1010,STABLE,Moderate
32.0,97.44249754289481,486,883,STABLE,Moderate
27.0,97.86910508386543,688,3650,STABLE,Unhealthy
33.1,94.68546572699401,213,142,STABLE,Good
30.3,96.40709482370796,72,107,STABLE,Unhealthy for Sensitive Groups
33.2,94.86807089514983,242,181,STABLE,Good
30.7,98.85085341308054,3961,3069,STABLE,Unhealthy
25.5,97.16008411356457,126,48,STABLE,Good
29.6,94.67646828814571,1081,1856,VIBRATING,Unhealthy for Sensitive Groups
30.1,98.5599357874114,94,56,VIBRATING,Good
27.9,94.84586537134936,423,605,STABLE,Moderate
28.32507307,95.49018855545536,78,4095,STABLE,Unhealthy
28.33630592,99.455947654208,86,79,STABLE,Unhealthy for Sensitive Groups
28.6,96.62715473522745,3702,467,STABLE,Unhealthy
25.1,97.85470043639897,188,174,STABLE,Good
27.4,98.83237557894054,2445,135,STABLE,Unhealthy
27.5,97.72351695063206,486,621,STABLE,Moderate
27.4,96.59929434498176,4015,69,STABLE,Unhealthy
28.62218717,95.40089880525848,63,166,VIBRATING,Unhealthy for Sensitive Groups
34.1,97.87613011567909,97,59,VIBRATING,Good
30.1,95.22905189950518,869,454,STABLE,Moderate
30.9,95.32645771387908,1044,1865,STABLE,Unhealthy for Sensitive Groups
27.1,97.31629783134585,510,325,STABLE,Moderate
33.0,98.95088850002227,62,201,STABLE,Good
29.4,97.07986002107397,1016,1172,STABLE,Unhealthy for Sensitive Groups
31.9,99.38377309535521,1096,1537,STABLE,Unhealthy for Sensitive Groups
29.3,94.57643285891871,66,75,STABLE,Moderate
30.5,98.12736828123458,3179,3062,STABLE,Unhealthy
33.6,98.07884953761986,292,488,STABLE,Moderate
26.60739490909953,96.55729965842066,444,3691,VIBRATING,Unhealthy
28.8,98.72793852588974,273,1012,STABLE,Moderate
29.86641341,95.98498490758027,68,84,VIBRATING,Unhealthy
29.1823174,97.57052861635215,47,95,VIBRATING,Unhealthy
32.1,94.82656281729875,814,516,STABLE,Moderate
31.0,97.66028500858992,1480,921,STABLE,Unhealthy for Sensitive Groups
32.6,97.86268532560746,1497,1967,STABLE,Unhealthy for Sensitive Groups
28.26039579,97.90102149725688,85,77,VIBRATING,Unhealthy for Sensitive Groups
31.7,97.68765187690906,3756,1793,STABLE,Unhealthy
32.4,93.9901321015049,631,3848,STABLE,Unhealthy
25.2,97.40553419019842,173,167,STABLE,Good
28.52568838,98.57964181594784,74,4095,STABLE,Unhealthy
30.4,93.52010964945951,59,5,STABLE,Moderate
30.7,95.26379216835835,224,57,STABLE,Good
26.0,96.19024549255734,1682,1750,STABLE,Unhealthy for Sensitive Groups
28.1,98.15286670918039,625,2684,STABLE,Unhealthy
27.9,96.8012738994265,3297,3154,STABLE,Unhealthy
33.5,99.0207649333535,776,1122,STABLE,Moderate
28.0,96.76568942927742,347,3954,STABLE,Unhealthy
30.2,98.40649134808471,139,134,STABLE,Good
26.4,95.65520547401592,882,1444,STABLE,Unhealthy for Sensitive Groups
28.0,99.29285316904406,3046,569,STABLE,Unhealthy
28.3,95.85185191670149,1586,1981,STABLE,Unhealthy for Sensitive Groups
29.3,95.89954268240658,763,1060,STABLE,Unhealthy for Sensitive Groups
28.38743308,99.29404572631924,86,81,STABLE,Unhealthy for Sensitive Groups
32.4,96.0070441979753,3058,2532,STABLE,Unhealthy
30.9,96.71463894858051,113,216,STABLE,Good
28.3,96.77929728934528,86,79,STABLE,Moderate
25.3,94.43633971271197,213,46,STABLE,Good
33.3,92.61150233536456,3952,3800,STABLE,Unhealthy
30.5,96.58408463793312,734,3663,STABLE,Unhealthy
27.534933651032578,98.24074693409199,879,4095,STABLE,Unhealthy
28.2,96.51114606808115,87,83,STABLE,Moderate
34.1,97.92441332971072,97,59,STABLE,Good
33.4,98.45481667744116,233,3283,STABLE,Unhealthy
31.7,96.99841869971615,179,166,STABLE,Good
25.4,96.1138937418817,65,89,STABLE,Good
33.1,97.50364255474811,100,59,STABLE,Good
31.9,97.58477506635897,840,360,STABLE,Moderate
29.4,97.98510049775824,1039,1230,STABLE,Unhealthy for Sensitive Groups
28.7,98.26635707982835,173,82,STABLE,Moderate
30.3,98.96037440364474,67,81,STABLE,Moderate
29.7,99.00802354831616,95,77,STABLE,Good
29.3,99.27220315188228,2893,858,STABLE,Unhealthy
26.2,98.71269562618625,2424,248,VIBRATING,Unhealthy
31.7,96.52470138991664,1074,1863,STABLE,Unhealthy for Sensitive Groups
31.8,98.16786246204256,53,161,STABLE,Good
28.93832456,94.5319666049728,50,88,VIBRATING,Unhealthy
24.8,95.09548617083738,1283,757,STABLE,Unhealthy for Sensitive Groups
26.8,98.45696604124838,1421,1622,STABLE,Unhealthy for Sensitive Groups
27.6,98.03137718988647,737,316,STABLE,Moderate
29.4,95.91489037249919,293,3538,STABLE,Unhealthy
32.3,93.92429226626784,785,1192,STABLE,Moderate
32.6,98.56245514045357,196,87,STABLE,Good
31.8,98.21757883754103,3068,437,STABLE,Unhealthy
26.0,92.67399728946596,390,894,STABLE,Moderate
28.32077138,98.5117693651536,85,83,STABLE,Unhealthy for Sensitive Groups
25.5,98.48129380001271,3566,1449,STABLE,Unhealthy
27.5,94.92511520163667,202,181,STABLE,Good
24.5,98.67814117012468,174,182,STABLE,Good
28.3,98.81509845671842,79,78,STABLE,Unhealthy for Sensitive Groups
29.4,95.13687709476379,1250,1956,STABLE,Unhealthy for Sensitive Groups
25.6,96.29008731485317,3683,2665,STABLE,Unhealthy
31.0,98.96486976005374,837,1172,STABLE,Unhealthy for Sensitive Groups
26.25693529945551,96.2897576355021,4095,656,STABLE,Unhealthy
31.3,98.24662702207789,323,604,STABLE,Moderate
30.24115874,98.93525330340759,69,112,STABLE,Unhealthy for Sensitive Groups
33.6,98.22836957838845,1029,1204,STABLE,Unhealthy for Sensitive Groups
25.6,97.52229325797573,216,114,STABLE,Good
28.5,94.56605813391032,86,82,STABLE,Unhealthy
33.2,95.93077074828865,171,129,STABLE,Good
28.6,96.92911338339135,185,97,STABLE,Moderate
28.3,99.0113884187312,86,80,STABLE,Unhealthy for Sensitive Groups
29.3,97.81728524270822,764,670,STABLE,Moderate
29.58027075,98.93172907454453,75,242,STABLE,Unhealthy
33.1,94.3099893024872,1754,1207,STABLE,Unhealthy for Sensitive Groups
30.3,94.36611894443371,275,994,STABLE,Moderate
28.7,98.59533955506046,175,113,STABLE,Moderate
28.22845091,97.23543781970453,86,76,STABLE,Unhealthy for Sensitive Groups
25.2,98.56665105894649,253,798,STABLE,Moderate
33.9,93.98805090279369,775,704,STABLE,Moderate
27.2,97.0064028380143,1402,1921,STABLE,Unhealthy for Sensitive Groups
27.9,92.59648513484669,324,1199,STABLE,Moderate
24.7,95.41765645039958,2667,552,STABLE,Unhealthy
28.5,97.7025891243911,1280,783,STABLE,Unhealthy for Sensitive Groups
25.1,97.6529491628503,817,1165,STABLE,Unhealthy for Sensitive Groups
29.3,98.93617502830149,2804,876,STABLE,Unhealthy
24.8,95.49905951237157,776,1735,STABLE,Unhealthy for Sensitive Groups
31.8,98.01327206983908,1331,989,STABLE,Unhealthy for Sensitive Groups
24.9,96.76549068731218,197,201,STABLE,Good
31.0,98.6186250870926,726,1596,STABLE,Unhealthy for Sensitive Groups
24.3,98.21823091268891,61,230,STABLE,Good
28.8,97.56327232125552,83,70,VIBRATING,Moderate
26.0,98.87577590828354,270,1100,STABLE,Moderate
29.11125395,98.9275117796731,46,93,VIBRATING,Unhealthy
27.97288460141664,96.36375523375578,719,2530,STABLE,Unhealthy
33.8,99.13884879051193,850,1682,STABLE,Unhealthy for Sensitive Groups
25.3,97.3754696244153,3596,994,STABLE,Unhealthy
24.3,99.30823624803794,130,177,STABLE,Good
28.1,98.63179826432597,180,87,STABLE,Moderate
30.4,95.77563758141433,272,3889,VIBRATING,Unhealthy
25.9,97.75421583467573,162,142,STABLE,Good
28.8,94.3709573152539,194,82,STABLE,Moderate
30.8,99.09532757305483,1751,1335,VIBRATING,Unhealthy for Sensitive Groups
33.8,97.50258299141325,1033,1769,STABLE,Unhealthy for Sensitive Groups
33.3,96.8462095146993,237,141,STABLE,Good
30.01225106,95.74317071097671,69,79,STABLE,Unhealthy
33.6,95.57039041775626,97,59,STABLE,Good
30.8,96.61521776011884,879,540,STABLE,Moderate
28.2,97.3265381181017,185,109,STABLE,Good
31.9,98.65090604302006,249,215,STABLE,Good
25.6,95.63830602685258,89,228,STABLE,Good
30.9,99.78454531392401,670,609,STABLE,Moderate
29.71618641,95.47045308051898,69,76,STABLE,Unhealthy for Sensitive Groups
30.6,96.99569975279823,388,641,STABLE,Moderate
25.2,93.93089940258632,222,151,STABLE,Good
25.8,99.29471910781625,643,1127,STABLE,Moderate
29.5,96.15962454949069,270,898,STABLE,Moderate
32.1,96.85663670217312,123,216,STABLE,Good
26.6,99.15726130899724,890,1923,STABLE,Unhealthy for Sensitive Groups
32.2,96.96413592646401,108,144,STABLE,Good
31.7,95.92184927111222,1401,1522,STABLE,Unhealthy for Sensitive Groups
26.3,99.3093308397263,42,226,STABLE,Good
25.9,97.89675777361792,219,195,VIBRATING,Good
33.9,99.62224642962607,619,545,STABLE,Moderate
28.5,95.82614777144778,85,75,STABLE,Moderate
30.1,98.07995819633209,95,57,STABLE,Good
25.8,96.48806209104193,1290,1628,STABLE,Unhealthy for Sensitive Groups
28.2,96.27779953262979,174,94,STABLE,Moderate
27.7,99.3852533365425,1265,900,STABLE,Unhealthy for Sensitive Groups
28.3,97.17042757066038,86,78,VIBRATING,Unhealthy for Sensitive Groups
30.6,97.26381893733652,784,653,STABLE,Moderate
26.6,94.28878908107681,243,141,VIBRATING,Good
24.1,96.36404568895023,1199,1048,STABLE,Unhealthy for Sensitive Groups
24.9,94.67998804502945,705,793,STABLE,Moderate
28.45192272,95.40477047122792,85,82,VIBRATING,Unhealthy for Sensitive Groups
31.0,97.16379121787836,784,777,STABLE,Moderate
29.3,98.13734451926564,1628,712,STABLE,Unhealthy for Sensitive Groups
31.4,95.83732465936946,75,107,STABLE,Good
26.3,95.80254143779456,411,551,STABLE,Moderate
26.32917957368339,97.58800819898552,4095,770,STABLE,Unhealthy
32.1,98.1609399097592,1262,1033,STABLE,Unhealthy for Sensitive Groups
27.6,92.01367546082923,41,33,STABLE,Good
29.05982861,97.52628119992447,47,93,STABLE,Unhealthy
33.7,96.29325128442568,96,59,STABLE,Good
31.6,97.71184206343574,783,979,STABLE,Unhealthy for Sensitive Groups
29.8377504,96.71002765225309,68,243,VIBRATING,Unhealthy
28.42300553,97.75709858475213,86,82,STABLE,Unhealthy for Sensitive Groups
28.6,97.34057005561162,85,82,STABLE,Unhealthy for Sensitive Groups
27.8,96.79624656895365,282,374,STABLE,Moderate
33.399052998149884,97.01750753575486,1820,577,STABLE,Unhealthy
32.4,98.70390192782867,250,3064,STABLE,Unhealthy
25.9,98.91640028722061,66,89,STABLE,Good
28.4,98.6062207874267,135,3671,STABLE,Unhealthy
27.5,95.99724056370971,366,2478,STABLE,Unhealthy
24.3,96.05516066834767,280,817,STABLE,Moderate
24.957763528965156,96.78490830714583,4095,4095,STABLE,Unhealthy
28.42235946,98.14437005869712,79,80,VIBRATING,Unhealthy for Sensitive Groups
28.5,98.8572164420261,74,75,STABLE,Moderate
33.2,98.04780326862215,3353,2275,STABLE,Unhealthy
30.1,97.24049813897955,2957,927,STABLE,Unhealthy
30.9,96.44299101666344,256,460,STABLE,Moderate
32.4,98.90778286968924,732,2461,STABLE,Unhealthy
32.1,98.54908603794907,235,2114,STABLE,Unhealthy
29.5,99.2065159289605,2328,3796,STABLE,Unhealthy
31.8,96.34512649174572,218,147,STABLE,Good
28.1,96.77211854634547,184,193,STABLE,Good
26.72729594,97.30410618733963,154,4095,STABLE,Unhealthy
28.498065270084037,96.89726756293148,2805,131,STABLE,Unhealthy
24.3,98.06011420881534,1003,981,STABLE,Unhealthy for Sensitive Groups
24.9,97.62487040408419,221,217,STABLE,Good
28.28440721,99.3504470063796,85,76,STABLE,Unhealthy for Sensitive Groups
28.1,96.20886019218,87,83,STABLE,Unhealthy for Sensitive Groups
29.4,96.52349676484275,793,872,VIBRATING,Unhealthy for Sensitive Groups
31.7,96.31498448460023,3868,729,STABLE,Unhealthy
33.4,96.227522265073,653,279,STABLE,Moderate
31.3,97.38797807582284,37,204,STABLE,Good
24.3,95.75714900942923,1710,1979,STABLE,Unhealthy for Sensitive Groups
30.8,98.61937143885189,45,9,VIBRATING,Moderate
33.4,97.18241597078675,102,150,STABLE,Good
29.4,97.87719842437389,63,202,STABLE,Good
28.3,98.04138324351088,87,80,STABLE,Moderate
28.64163117,97.92745948645795,51,131,STABLE,Unhealthy for Sensitive Groups
29.71376363,95.01598544168877,95,77,VIBRATING,Good
26.7,95.5986343651239,155,4095,STABLE,Unhealthy
30.4,97.97508178009646,66,3593,STABLE,Unhealthy
29.04401557,95.28017874695172,47,92,STABLE,Unhealthy
29.1,94.17086050461438,47,91,STABLE,Unhealthy
33.9,98.51201019731398,207,184,STABLE,Good
28.3,95.22979499130328,1006,1522,STABLE,Unhealthy for Sensitive Groups
24.6,97.52515764515333,515,998,STABLE,Moderate
29.3,98.45654474135335,906,865,STABLE,Unhealthy for Sensitive Groups
32.4,96.21146083247507,396,575,STABLE,Moderate
30.1,94.88204756805817,904,1044,STABLE,Unhealthy for Sensitive Groups
30.8,95.11904855183641,79,61,STABLE,Good
26.0,95.09218192098818,702,1129,STABLE,Moderate
32.1,99.25739978392441,401,552,STABLE,Moderate
26.6,95.85860147832152,41,93,STABLE,Good
33.9,98.60706522744236,1133,1101,STABLE,Unhealthy for Sensitive Groups
26.9,98.3611488930834,885,1576,STABLE,Unhealthy for Sensitive Groups
30.7,98.77523688707737,203,149,STABLE,Good
24.1,94.07905340652778,568,862,STABLE,Moderate
33.1,95.7557411381075,100,59,STABLE,Good
28.47817807,93.87189351103592,84,4095,STABLE,Unhealthy
28.37413117,96.93987174361762,74,72,STABLE,Unhealthy for Sensitive Groups
28.7,97.98933376635534,705,364,STABLE,Moderate
31.9,98.03202778084281,252,693,STABLE,Moderate
30.1,96.93720958743066,96,59,STABLE,Good
31.9,97.09702238321965,1321,1364,STABLE,Unhealthy for Sensitive Groups
29.3,98.02064902953094,1178,1652,STABLE,Unhealthy for Sensitive Groups
32.4,98.95265801013906,3776,827,STABLE,Unhealthy
27.6,96.7879569083194,48,226,STABLE,Good
29.9,96.48943718121144,663,310,STABLE,Moderate
33.3,98.43757773897143,3829,1188,STABLE,Unhealthy
33.3,94.86472004645448,850,837,STABLE,Unhealthy for Sensitive Groups
33.7,97.52322940316932,230,3429,STABLE,Unhealthy
29.4,97.57254413487979,76,69,STABLE,Moderate
29.4,96.06910026601756,812,424,VIBRATING,Moderate
30.3,95.09433794109978,925,1551,STABLE,Unhealthy for Sensitive Groups
28.7,96.81203919252944,2770,397,STABLE,Unhealthy
26.7,96.56904023595521,155,4095,STABLE,Unhealthy
31.2,99.27276918581306,228,77,STABLE,Good
29.74168163,98.30843327885056,72,73,STABLE,Unhealthy for Sensitive Groups
33.7,95.17394539072416,1764,1612,STABLE,Unhealthy for Sensitive Groups
28.3,96.30034602701934,87,79,STABLE,Unhealthy for Sensitive Groups
33.6,98.67710603397926,780,909,STABLE,Moderate
30.1,98.2515946487634,96,57,STABLE,Good
28.27807001,97.3489557656695,86,84,STABLE,Unhealthy for Sensitive Groups
27.8,95.28919028911196,2061,319,STABLE,Unhealthy
24.7,95.81946725485722,197,54,STABLE,Good
30.5,98.23180034060117,483,320,STABLE,Moderate
32.5,98.37591294674584,147,218,STABLE,Good
32.3,97.66972822159276,64,116,STABLE,Good
27.5,97.86808001412054,795,1978,STABLE,Unhealthy for Sensitive Groups
29.40354915,97.05081344023773,77,234,STABLE,Unhealthy
32.1,96.08499198456586,237,211,STABLE,Good
28.30098516,96.17869187557669,73,70,STABLE,Unhealthy for Sensitive Groups
33.7,97.70078294375352,951,1654,STABLE,Unhealthy for Sensitive Groups
28.46871655,98.50979645561704,86,81,STABLE,Unhealthy
33.4,98.29402756567737,1007,1427,STABLE,Unhealthy for Sensitive Groups
33.0,97.06939839158903,188,243,STABLE,Good
26.5,98.0435408125933,842,1241,STABLE,Unhealthy for Sensitive Groups
28.6,97.3975639408075,85,82,STABLE,Moderate
29.4,94.14715750147496,94,79,STABLE,Good
30.6,98.3025591149267,1012,876,STABLE,Unhealthy for Sensitive Groups
29.2,93.96220709364698,250,49,STABLE,Good
26.0,96.93506938947404,749,588,VIBRATING,Moderate
25.6,98.26981243049485,2847,291,STABLE,Unhealthy
28.4,97.58957271463252,4049,3773,STABLE,Unhealthy
28.4,95.34699079944271,88,36,STABLE,Good
24.1,95.2301911760037,445,306,VIBRATING,Moderate
28.3,99.62637343382296,85,75,STABLE,Unhealthy
31.9,98.56360004170885,1758,1178,STABLE,Unhealthy for Sensitive Groups
33.4,97.25409851110007,231,209,STABLE,Good
28.9,97.76111793643587,811,344,STABLE,Moderate
30.1,97.0460916368215,552,504,STABLE,Moderate
33.1,95.55332589774952,1787,962,STABLE,Unhealthy for Sensitive Groups
30.1,93.80917366872492,760,1704,STABLE,Unhealthy for Sensitive Groups
28.47362472,97.58960606137236,85,81,STABLE,Unhealthy
33.8,97.37267991916285,1422,1932,STABLE,Unhealthy for Sensitive Groups
27.8,96.36678363104427,213,232,STABLE,Good
32.4,97.9867126795032,436,885,STABLE,Moderate
31.1,96.90473764558907,787,1326,STABLE,Unhealthy for Sensitive Groups
28.12100891,98.42189160478773,86,84,STABLE,Unhealthy
31.5,96.89937463886537,3938,744,STABLE,Unhealthy
24.4,96.41272632121425,143,58,STABLE,Good
31.7,94.43946701306268,38,105,STABLE,Good
32.2,98.85698735642633,1683,1325,STABLE,Unhealthy for Sensitive Groups
28.30250235,94.24035878007844,87,81,STABLE,Unhealthy for Sensitive Groups
33.2,97.96822952609445,802,1215,STABLE,Unhealthy for Sensitive Groups
29.4,95.55617785881982,704,712,VIBRATING,Moderate
25.3,98.24912429109392,2421,864,STABLE,Unhealthy
29.2,95.4385154232998,1565,1772,STABLE,Unhealthy for Sensitive Groups
27.6,98.18954094816634,2952,3953,STABLE,Unhealthy
29.9,95.34990286062491,134,120,STABLE,Good
28.18434414,99.0818590416219,72,4095,VIBRATING,Unhealthy
29.2,96.13478467414834,91,212,STABLE,Good
30.4,98.58460409162694,1749,1736,STABLE,Unhealthy for Sensitive Groups
30.4,94.44175174545258,1309,1567,STABLE,Unhealthy for Sensitive Groups
25.1,98.43721136826538,3020,2461,STABLE,Unhealthy
26.136509518090023,96.28104556738656,543,3367,VIBRATING,Unhealthy
25.1,97.55297559037281,1142,1444,STABLE,Unhealthy for Sensitive Groups
32.2,98.43930849718869,2467,331,STABLE,Unhealthy
30.8,96.25716461517781,1803,2440,STABLE,Unhealthy
29.4,97.0357272925149,67,76,STABLE,Moderate
29.9,97.54268092769188,683,3282,STABLE,Unhealthy
30.9,95.88258945686026,1613,1713,VIBRATING,Unhealthy for Sensitive Groups
31.5,98.39437953104641,38,106,STABLE,Good
25.959974290819567,99.79107089813833,4095,4095,STABLE,Unhealthy
24.1,95.17437059096966,725,3166,STABLE,Unhealthy
26.8,95.84376774415023,702,1338,STABLE,Unhealthy for Sensitive Groups
29.12678154,97.81187190269705,47,91,STABLE,Unhealthy
28.3,97.38231321746883,672,1081,STABLE,Moderate
26.9,98.9439316999909,845,3345,STABLE,Unhealthy
28.4,98.91950835346,87,79,STABLE,Unhealthy for Sensitive Groups
28.9,95.73074710206036,39,76,STABLE,Moderate
28.14971871,96.78808912619144,86,79,VIBRATING,Unhealthy for Sensitive Groups
28.38238832,98.79085987398595,86,79,STABLE,Unhealthy
24.1,97.5310087451616,446,687,STABLE,Moderate
26.7,94.00485643734115,1333,979,STABLE,Unhealthy for Sensitive Groups
31.5,94.87157405422252,246,117,STABLE,Good
30.9,98.55145551775061,3801,848,STABLE,Unhealthy
29.6,92.98721074009012,94,78,STABLE,Good
30.7,95.18456677459007,1246,1154,STABLE,Unhealthy for Sensitive Groups
29.9,97.82757704145287,1926,2131,STABLE,Unhealthy
30.26044549,94.61049195056869,71,110,STABLE,Unhealthy for Sensitive Groups
32.3,94.73711938005184,199,3220,STABLE,Unhealthy
28.2,97.14837021960562,87,87,STABLE,Unhealthy
26.7,95.07159309405188,3819,1999,STABLE,Unhealthy
29.0,96.40108455623923,440,805,STABLE,Moderate
32.8,98.20023128558407,366,2973,STABLE,Unhealthy
28.60552955,96.10207562332472,86,82,STABLE,Unhealthy for Sensitive Groups
26.2,95.46737061392722,63,94,STABLE,Good
33.7,97.0052844048919,104,231,STABLE,Good
29.0,95.53252516395328,507,911,STABLE,Moderate
27.4,94.69622207265903,2755,3465,VIBRATING,Unhealthy
28.2,98.63722556813885,1448,1564,STABLE,Unhealthy for Sensitive Groups
33.5,97.95714306765223,99,59,STABLE,Good
26.0,96.37995405481622,2656,817,STABLE,Unhealthy
30.4,97.30928142713495,95,57,VIBRATING,Good
27.5,97.0032152118234,92,68,VIBRATING,Moderate
29.5,96.84034342600782,411,536,STABLE,Moderate
30.5,96.90355703852093,59,4,STABLE,Moderate
28.2,98.30257855307741,431,3063,STABLE,Unhealthy
28.9,97.41396757371015,105,86,STABLE,Moderate
29.60192596,97.61554706319816,63,102,STABLE,Unhealthy
26.1,98.71865687794386,86,233,STABLE,Good
27.2,95.62566671396459,540,1101,STABLE,Moderate
26.4,99.23078515887508,733,987,STABLE,Moderate
24.335201279022204,96.12586891116231,630,2801,STABLE,Unhealthy
32.4,97.46815821234537,3991,2038,STABLE,Unhealthy
28.4,97.0970450882302,32,54,STABLE,Good
32.8,97.70497644387606,1103,1239,STABLE,Unhealthy for Sensitive Groups
27.0,97.2413434838994,147,2996,STABLE,Unhealthy
33.32199893,97.03360735428534,99,59,STABLE,Good
24.5,95.45030413425181,897,1098,STABLE,Moderate
28.7,98.40286523294463,222,128,STABLE,Good
31.95922544052578,98.51733989979238,421,4095,STABLE,Unhealthy
25.097458775326395,99.716583035782,4095,4095,STABLE,Unhealthy
26.602193593415834,96.61358770516563,4095,221,STABLE,Unhealthy
32.4,99.45071306249733,89,59,STABLE,Good
28.26089572,98.94668865016445,85,77,STABLE,Unhealthy for Sensitive Groups
31.7,97.98100373192683,3429,2592,STABLE,Unhealthy
28.6,99.16079740164024,101,126,STABLE,Good
27.9,98.96809525260512,849,851,STABLE,Moderate
28.9,94.8293042605619,599,566,STABLE,Moderate
29.1,95.81156367456374,137,185,STABLE,Good
32.3,98.35934975412117,873,2029,STABLE,Unhealthy
28.49145711,96.36841854912554,88,80,STABLE,Unhealthy for Sensitive Groups
30.6,98.6617495363121,249,149,STABLE,Good
33.2,98.18464128214123,392,307,STABLE,Moderate
26.63882793,96.8923668530777,72,85,STABLE,Good
28.3,95.982092941461,47,197,STABLE,Good
27.4,98.6299540642428,137,247,STABLE,Good
31.2,97.8817759249738,200,141,STABLE,Good
26.2,98.09501057801194,63,95,STABLE,Good
28.3324762,96.83775228047338,86,82,STABLE,Unhealthy
32.7,96.82650396378017,218,128,STABLE,Good
29.2,97.86826602474655,48,95,STABLE,Unhealthy
33.6,97.97791012691293,3432,2661,STABLE,Unhealthy
25.1,95.65954278296387,3817,593,STABLE,Unhealthy
33.0,98.2421071013896,1533,1107,STABLE,Unhealthy for Sensitive Groups
29.0,97.23118050229482,47,87,STABLE,Unhealthy
28.1,97.06488765493017,3113,774,STABLE,Unhealthy
31.6,96.83893993351151,2652,2233,STABLE,Unhealthy
28.4,96.52992873403707,86,83,STABLE,Unhealthy for Sensitive Groups
24.6,98.49942592408131,2615,2194,STABLE,Unhealthy
27.9,96.07596161566262,180,39,STABLE,Good
30.1,93.85534407855178,1707,1425,STABLE,Unhealthy for Sensitive Groups
31.7,98.25458829117073,2001,3001,STABLE,Unhealthy
29.1,97.79385431084481,260,1197,STABLE,Moderate
26.7,97.70288422275073,3832,1852,STABLE,Unhealthy
25.4,96.11349671683693,191,71,STABLE,Good
32.2,98.7801375032772,59,205,STABLE,Good
28.9,97.46366105694266,84,69,STABLE,Moderate
32.6,97.56084687374101,898,1314,STABLE,Unhealthy for Sensitive Groups
26.9,96.05803105662315,444,94,VIBRATING,Good
28.41062255,94.845937728824,75,71,STABLE,Unhealthy for Sensitive Groups
33.6,98.082775312382,1191,1010,STABLE,Unhealthy for Sensitive Groups
28.23075094,99.11349018095791,86,79,STABLE,Unhealthy for Sensitive Groups
28.9,97.32677227187233,70,90,VIBRATING,Good
25.4,96.79626735182279,1194,915,STABLE,Unhealthy for Sensitive Groups
26.2,98.25038734057894,1785,1054,STABLE,Unhealthy for Sensitive Groups
28.4,99.34650165256468,123,35,STABLE,Good
29.1,98.36818833645371,3412,824,STABLE,Unhealthy
24.5,95.6340248317858,86,3264,STABLE,Unhealthy
25.3,96.54454397704427,443,826,STABLE,Moderate
32.5,96.87775877019584,138,128,STABLE,Good
32.0,98.13056630573395,229,222,STABLE,Good
26.3,99.35805003676428,832,873,STABLE,Moderate
26.6,98.26813570007624,1397,1362,STABLE,Unhealthy for Sensitive Groups
30.2478234,99.08422191859871,73,113,STABLE,Unhealthy for Sensitive Groups
32.4,97.18816178644343,503,947,STABLE,Moderate
26.1,96.78063310677275,102,218,STABLE,Good
28.4,97.85411735901076,911,1570,STABLE,Unhealthy for Sensitive Groups
29.14628277,96.29557368596355,51,92,STABLE,Unhealthy
33.0,96.43792819881439,1976,2659,STABLE,Unhealthy
25.4,95.47803483280119,211,105,STABLE,Good
25.0,94.84514523614081,2891,231,STABLE,Unhealthy
33.1,97.10027119172979,824,1096,STABLE,Moderate
29.9795963,93.03689968354402,66,86,STABLE,Unhealthy
29.3,98.38303107596509,155,55,STABLE,Good
27.3,98.79708234317827,167,234,STABLE,Good
32.0,98.05320005298489,794,642,STABLE,Moderate
29.5,99.18460750544872,973,1188,STABLE,Unhealthy for Sensitive Groups
27.8,96.82556231902083,274,2500,STABLE,Unhealthy
29.8,99.15612902402444,67,79,STABLE,Moderate
33.6,96.86849601409564,88,240,STABLE,Good
32.5,96.53979943747544,89,60,STABLE,Good
28.33863504,99.56485287782215,83,81,STABLE,Unhealthy
24.1,97.43159516979367,173,125,STABLE,Good
32.1,98.44928316930182,239,158,STABLE,Good
26.0,96.8993181244888,587,455,STABLE,Moderate
32.7,97.49031642846863,309,473,STABLE,Moderate
30.8,98.97522123322821,3659,413,STABLE,Unhealthy
29.2,98.27123355030245,601,596,STABLE,Moderate
28.5,97.38614078294992,881,1153,STABLE,Moderate
30.4,98.735946901641,1258,1736,STABLE,Unhealthy for Sensitive Groups
26.24925177,96.75475923861273,63,94,VIBRATING,Good
25.2,96.01607342225547,666,3258,STABLE,Unhealthy
28.4,97.08648287572986,85,70,STABLE,Moderate
28.3,97.71144213784892,1504,1386,STABLE,Unhealthy for Sensitive Groups
29.5,98.50565736075761,66,77,STABLE,Good
32.6,95.17371283485681,782,623,STABLE,Moderate
28.48259208,97.41843995157622,86,80,STABLE,Unhealthy
28.9,97.82029627602998,194,82,STABLE,Moderate
28.5,98.55719734994864,1219,1226,STABLE,Unhealthy for Sensitive Groups
28.29443036,98.14651502983949,87,81,STABLE,Unhealthy for Sensitive Groups
28.3,95.8158244600786,347,391,STABLE,Moderate
30.8,98.13361474226501,3846,1303,STABLE,Unhealthy
28.4,98.9446687375173,86,83,STABLE,Unhealthy for Sensitive Groups
29.04703383,96.04981079222891,46,88,STABLE,Unhealthy
28.7,97.76803583458779,90,78,STABLE,Moderate
25.1,97.5494705609899,98,78,STABLE,Good
26.0,97.3909362597292,67,90,STABLE,Good
33.6,98.40035520868925,217,200,STABLE,Good
33.6,95.58336747183692,131,77,STABLE,Good
28.5,97.05943642926081,84,71,STABLE,Moderate
27.6,97.11605298829048,1127,1766,STABLE,Unhealthy for Sensitive Groups
27.5,96.46069760489405,876,771,STABLE,Moderate
29.2,99.05566086314022,48,96,STABLE,Unhealthy
28.4,98.96846297253799,84,79,VIBRATING,Unhealthy
27.39081629379679,98.42880144151569,988,3143,STABLE,Unhealthy
28.1,96.92688069570337,98,166,STABLE,Good
28.4,94.15661115369748,83,81,VIBRATING,Unhealthy
30.1,95.55366373831761,96,58,VIBRATING,Good
28.0,94.58488196660998,1589,1455,STABLE,Unhealthy for Sensitive Groups
26.7,93.43089027509856,445,92,VIBRATING,Good
26.3,94.75648208637261,540,509,VIBRATING,Moderate
33.2,98.29270618087867,88,80,STABLE,Good
30.2,97.69352515201874,95,57,STABLE,Good
29.096530916244625,98.8086269140334,3276,362,STABLE,Unhealthy
33.4,97.86838647078926,100,61,VIBRATING,Good
33.1,97.62693032170236,900,2667,STABLE,Unhealthy
26.5,96.91882742576708,43,92,STABLE,Good
30.3,96.08726797480804,2204,252,STABLE,Unhealthy
29.0,98.00775170210972,46,88,VIBRATING,Unhealthy
28.422105095957082,98.65906557704216,2541,992,STABLE,Unhealthy
26.6,98.55773919909858,45,92,VIBRATING,Good
25.1,96.44282040172165,2271,358,STABLE,Unhealthy
33.41894096078103,97.76552514422917,593,2124,STABLE,Unhealthy
30.2,99.74446782779764,1370,1653,STABLE,Unhealthy for Sensitive Groups
29.0,98.05773087885335,46,87,VIBRATING,Unhealthy for Sensitive Groups
34.13808909,97.75356191664613,96,59,STABLE,Good
32.0,99.52141368978832,1115,1130,STABLE,Unhealthy for Sensitive Groups
28.3,96.06986063361323,84,80,STABLE,Moderate
31.8,94.55843966664412,534,798,STABLE,Moderate
32.4,97.3783180934027,494,928,STABLE,Moderate
29.7,95.15833458534426,520,849,STABLE,Moderate
30.8,95.90248405689489,398,776,STABLE,Moderate
27.6,96.86566473774153,1256,707,STABLE,Unhealthy for Sensitive Groups
26.3,94.71936022705125,2002,3275,STABLE,Unhealthy
27.0,97.3179365016922,151,144,STABLE,Good
25.7,98.57668472630587,304,782,STABLE,Moderate
31.2,95.89569289663045,525,4022,STABLE,Unhealthy
31.7,97.733888160018,787,915,STABLE,Moderate
29.7,99.05689335759821,830,317,STABLE,Moderate
29.8,95.17548709762983,740,1074,STABLE,Unhealthy for Sensitive Groups
32.9,98.16307786975592,3141,159,STABLE,Unhealthy
26.6,96.00847638108237,227,119,STABLE,Good
30.5,96.39459508706531,303,344,STABLE,Moderate
26.1,97.06960733320548,94,66,STABLE,Good
31.7,98.4565977658179,378,3896,STABLE,Unhealthy
25.1,99.19968354426335,158,31,STABLE,Good
30.2,95.74741902529921,96,57,VIBRATING,Good
27.2,98.78169326229099,760,2920,STABLE,Unhealthy
29.19058911,95.37151275193663,47,91,STABLE,Unhealthy
29.2,97.16832929705299,131,53,STABLE,Good
25.6,94.84192616453598,1668,821,STABLE,Unhealthy for Sensitive Groups
25.1,95.6816693246643,895,1133,STABLE,Moderate
28.2,96.75686724332313,87,87,STABLE,Unhealthy for Sensitive Groups
26.7,94.84455522047168,2631,2645,STABLE,Unhealthy
27.3,99.21304051879117,264,3914,STABLE,Unhealthy
29.8,96.63241171315174,70,95,STABLE,Moderate
26.1,99.35255890486712,98,63,STABLE,Good
25.71554693,98.87628499847852,65,89,STABLE,Good
28.4,96.90059549334826,86,82,STABLE,Unhealthy for Sensitive Groups
26.3,98.29400687388923,2682,984,STABLE,Unhealthy
30.4,96.56187541687974,637,814,STABLE,Moderate
26.6,98.9092932554752,842,868,STABLE,Moderate
32.95689647456626,98.64322900305469,322,3833,STABLE,Unhealthy
29.0,98.19308104585109,1402,781,STABLE,Unhealthy for Sensitive Groups
24.2,94.46083500982434,1716,1652,STABLE,Unhealthy for Sensitive Groups
25.6,96.98204196333963,32,245,STABLE,Good
28.54816773,94.80955797808173,86,84,STABLE,Unhealthy for Sensitive Groups
28.4,94.54355556843076,180,83,STABLE,Moderate
29.6,95.33659498869024,791,3587,STABLE,Unhealthy
27.7,95.80273989274744,704,2797,STABLE,Unhealthy
25.5,98.10893102500647,86,120,STABLE,Good
34.0,96.72778801194865,913,1680,STABLE,Unhealthy for Sensitive Groups
28.37843024,97.77412548070497,54,132,STABLE,Unhealthy for Sensitive Groups
30.5,96.83851556208829,121,192,STABLE,Good
27.6,96.48403496061869,320,335,STABLE,Moderate
28.56673862,94.33430592936627,86,82,STABLE,Unhealthy for Sensitive Groups
30.5,97.09609198907464,177,187,STABLE,Good
30.7,95.31103237574118,60,36,STABLE,Good
33.3,98.41448382599823,317,328,STABLE,Moderate
31.0,99.682456288336,3383,548,STABLE,Unhealthy
24.9,97.99510866829291,3802,2528,STABLE,Unhealthy
24.4032513,98.07503871019135,74,94,STABLE,Good
24.1,94.80713241463403,1478,835,STABLE,Unhealthy for Sensitive Groups
33.4,98.14460672957821,1263,1733,STABLE,Unhealthy for Sensitive Groups
28.2,97.65178929076158,52,116,STABLE,Unhealthy
32.8,94.11418936690893,1150,1925,VIBRATING,Unhealthy for Sensitive Groups
28.34748865,95.84096121535627,87,85,STABLE,Unhealthy for Sensitive Groups
25.1,98.57207743952235,235,178,STABLE,Good
29.0,96.37614914863846,2607,525,STABLE,Unhealthy
28.81123635,94.93316545403812,68,195,VIBRATING,Unhealthy
30.6,96.86963032936633,388,3267,STABLE,Unhealthy
30.2,98.61850564694484,68,76,STABLE,Moderate
26.4,96.58811012141142,66,95,STABLE,Good
26.256271735811865,99.85338285309433,1861,897,STABLE,Unhealthy
28.42572094,95.30197447977632,86,79,STABLE,Unhealthy
27.3,99.11955331511153,871,1683,STABLE,Unhealthy for Sensitive Groups
30.510749836160997,99.5406636116851,4095,715,STABLE,Unhealthy
32.2,95.53853506165139,827,368,STABLE,Moderate
24.6,96.58528619916683,486,2257,STABLE,Unhealthy
28.33599165,97.19171449159823,56,140,STABLE,Unhealthy for Sensitive Groups
32.1,97.32043344800861,1066,1308,STABLE,Unhealthy for Sensitive Groups
30.2,97.73558537351826,242,220,STABLE,Good
28.3,97.0728875282473,83,77,VIBRATING,Moderate
27.9,96.7821283748722,813,2072,STABLE,Unhealthy
32.0,99.24374797823853,2356,3395,STABLE,Unhealthy
26.0,95.76448442219963,3698,971,STABLE,Unhealthy
30.8,96.53199582042859,1327,955,STABLE,Unhealthy for Sensitive Groups
31.2,97.43325091838693,1642,1065,STABLE,Unhealthy for Sensitive Groups
28.2,96.26227684812774,41,246,STABLE,Good
32.4,96.42547191383211,83,151,STABLE,Good
28.45534473,98.50176880562769,87,80,STABLE,Unhealthy for Sensitive Groups
28.1,97.74054620976794,172,86,STABLE,Moderate
28.1,97.46901241568152,83,79,STABLE,Moderate
29.8,98.29127557693177,2318,864,VIBRATING,Unhealthy
26.8,95.35145447774893,748,994,STABLE,Unhealthy for Sensitive Groups
29.0,97.26843625017186,46,89,VIBRATING,Unhealthy
24.8,98.4096089763756,845,667,STABLE,Moderate
31.8,98.43977852737966,1239,1266,STABLE,Unhealthy for Sensitive Groups
26.0,96.79509396000057,654,1003,STABLE,Moderate
31.1,93.83044731658414,2147,889,STABLE,Unhealthy
29.63208078554664,99.62666300381319,331,4095,STABLE,Unhealthy
29.05974759,96.67167981952626,47,93,STABLE,Unhealthy
28.40429245,98.68169920850131,86,82,STABLE,Unhealthy for Sensitive Groups
29.9,97.40080243272695,848,1838,VIBRATING,Unhealthy for Sensitive Groups
28.2,96.5679422573129,854,3708,STABLE,Unhealthy
31.2,98.03197833209744,210,164,STABLE,Good
26.1,97.92726276920159,928,2900,STABLE,Unhealthy
28.7,97.80827202521712,86,81,STABLE,Moderate
26.7,97.07602068182726,3491,125,STABLE,Unhealthy
26.3,97.97830155319502,1574,1498,STABLE,Unhealthy for Sensitive Groups
32.9,96.5305218701905,789,414,VIBRATING,Moderate
29.5,98.89912762260316,719,805,STABLE,Moderate
28.6,96.98884284772572,3708,234,STABLE,Unhealthy
27.0343569203683,98.93342108196693,3053,367,STABLE,Unhealthy
34.0,98.6250706985681,2964,939,STABLE,Unhealthy
30.6,98.18077124984755,81,61,STABLE,Good
30.6,95.74756743395825,3787,3424,STABLE,Unhealthy
27.2,95.92720880973263,1549,1941,STABLE,Unhealthy for Sensitive Groups
28.31608255,98.30310813239659,87,85,STABLE,Unhealthy for Sensitive Groups
26.1,97.94345252825363,101,83,STABLE,Good
24.9,96.93173784414387,3040,540,STABLE,Unhealthy
33.9,97.85684484925969,237,2379,STABLE,Unhealthy
31.6,98.85892463372105,33,241,STABLE,Good
33.7,95.89791976043009,619,676,STABLE,Moderate
29.1,97.43578600403244,269,991,STABLE,Moderate
28.6,97.42140856931955,43,77,STABLE,Moderate
25.5,94.75256770080344,200,55,STABLE,Good
32.67125702659411,96.47686827671433,2170,723,STABLE,Unhealthy
28.33390644,97.59891578830313,87,83,STABLE,Unhealthy
25.4,97.5683852652006,212,64,STABLE,Good
32.7,97.2447421628624,98,237,STABLE,Good
30.4,96.67695928838796,68,82,STABLE,Moderate
29.81598785,98.02918063151691,71,73,STABLE,Unhealthy
29.5,98.69734939768483,300,536,STABLE,Moderate
28.2,97.06621488261426,85,77,VIBRATING,Moderate
30.4,94.57183083193856,67,83,VIBRATING,Moderate
27.05803804,97.15766473527853,148,4095,STABLE,Unhealthy
25.0,98.07752114565993,846,950,STABLE,Unhealthy for Sensitive Groups
31.4,96.48644899525914,669,471,STABLE,Moderate
32.4,95.70577837001488,3921,128,STABLE,Unhealthy
30.3,95.17838374753791,67,80,STABLE,Moderate
33.1,95.99723258611189,476,778,STABLE,Moderate
29.3,97.55872139765616,88,176,STABLE,Good
27.1,95.23516010800788,169,3221,STABLE,Unhealthy
33.6,94.50842502145028,616,1185,STABLE,Moderate
29.1005172,97.5258367984149,47,90,VIBRATING,Unhealthy
25.9,93.33643938489617,79,93,STABLE,Good
34.0,93.66667587898549,786,1027,STABLE,Unhealthy for Sensitive Groups
24.837989328944424,96.13359506762872,189,2258,STABLE,Unhealthy
29.0,98.83657848586311,46,88,STABLE,Unhealthy
26.5,95.42941375069006,1043,1508,STABLE,Unhealthy for Sensitive Groups
29.09219151,96.8612009037329,103,83,STABLE,Unhealthy for Sensitive Groups
32.2,99.66847405830202,877,254,STABLE,Moderate
26.5,96.05488916528388,1630,1643,STABLE,Unhealthy for Sensitive Groups
26.9,95.7703122267177,323,908,STABLE,Moderate
30.8,96.78884841770875,90,139,STABLE,Good
28.7,95.45343006490211,226,2714,STABLE,Unhealthy
27.1,98.23843511151605,1478,871,STABLE,Unhealthy for Sensitive Groups
29.2,96.96311061043195,39,76,STABLE,Moderate
29.2,96.71314784353011,376,888,STABLE,Moderate
26.9,94.56254651917227,45,92,VIBRATING,Good
30.7,97.61165886928734,811,419,STABLE,Moderate
29.10085247,95.506650053804,48,96,STABLE,Unhealthy
27.3,96.44108425069574,487,679,STABLE,Moderate
29.0,97.19248749780178,47,89,STABLE,Unhealthy
29.14793483,95.7600780875934,82,75,STABLE,Unhealthy for Sensitive Groups
26.6,94.93625037250204,428,649,STABLE,Moderate
32.8,97.20083953642616,959,3028,STABLE,Unhealthy
28.32247012,97.5774753535645,86,82,VIBRATING,Unhealthy for Sensitive Groups
25.4,94.16703425231499,791,1323,STABLE,Unhealthy for Sensitive Groups
26.5,95.76016325726877,443,92,STABLE,Good
28.3,98.18806874642036,86,76,VIBRATING,Unhealthy for Sensitive Groups
32.6,98.19916188442835,211,213,STABLE,Good
33.7,95.78039541036075,2356,3133,STABLE,Unhealthy
24.1,98.10161020004556,210,198,STABLE,Good
25.5,98.7532193888284,1632,1043,STABLE,Unhealthy for Sensitive Groups
25.2,96.17187839850467,64,64,STABLE,Good
26.4,96.9268133835941,1750,1196,VIBRATING,Unhealthy for Sensitive Groups
28.2,96.05061437464522,181,84,STABLE,Moderate
28.5,96.67150063016966,226,74,STABLE,Good
25.5,98.5973145420688,113,236,STABLE,Good
24.3,95.27856371852266,2307,2389,STABLE,Unhealthy
27.3,97.1890990579251,1317,1893,STABLE,Unhealthy for Sensitive Groups
26.9,96.2570519486077,209,233,STABLE,Good
31.361518746996083,99.85383362871973,4095,560,STABLE,Unhealthy
28.1,97.99004169573962,227,236,STABLE,Good
27.5,98.92644668167759,483,1161,VIBRATING,Moderate
30.32739087,97.53923872282748,94,57,STABLE,Good
30.8,96.86393945241323,3349,2149,STABLE,Unhealthy
29.7,98.38783438769396,3455,758,STABLE,Unhealthy
27.8,98.3430531069063,215,177,STABLE,Good
32.3,97.12309474813821,816,2681,STABLE,Unhealthy
31.7,98.78676055591708,1086,849,STABLE,Unhealthy for Sensitive Groups
28.9,95.99283813505564,73,90,STABLE,Good
29.8,97.8381294644104,1173,1137,STABLE,Unhealthy for Sensitive Groups
25.2,97.21668262312987,1181,1350,STABLE,Unhealthy for Sensitive Groups
28.47836079,97.67997334573322,87,82,STABLE,Unhealthy for Sensitive Groups
28.4,97.96185892684382,86,78,STABLE,Moderate
33.4,92.69137712519515,256,558,STABLE,Moderate
28.9,98.5473665911796,324,640,STABLE,Moderate
28.7,99.01941624624443,1473,1586,STABLE,Unhealthy for Sensitive Groups
28.55364814,94.82920641690121,86,82,STABLE,Unhealthy for Sensitive Groups
28.8,97.06882084008873,161,96,STABLE,Moderate
32.1,93.62905773149575,2252,2511,STABLE,Unhealthy
31.3,98.4683063607427,99,221,STABLE,Good
31.1,96.5733111417795,3753,664,STABLE,Unhealthy
28.3,96.19157829842919,82,76,STABLE,Moderate
32.8,97.09651036178875,164,52,STABLE,Good
28.54570373,97.62033103934372,88,82,STABLE,Unhealthy for Sensitive Groups
28.63661919,94.19023782197448,68,84,STABLE,Unhealthy
28.7,99.62329844869444,85,73,STABLE,Moderate
33.0,98.76346991324817,2525,663,STABLE,Unhealthy
29.8,95.6263010206334,1432,1506,STABLE,Unhealthy for Sensitive Groups
30.1,94.92505998702428,1516,1863,STABLE,Unhealthy for Sensitive Groups
28.7,96.67684528963319,871,627,STABLE,Moderate
29.1,97.63688482670433,39,78,VIBRATING,Moderate
25.7,95.36844284778812,65,89,STABLE,Good
26.5,99.33866629279431,3315,341,STABLE,Unhealthy
30.6,92.91542611983631,310,3267,VIBRATING,Unhealthy
28.45836952021669,96.68485361241866,689,4095,STABLE,Unhealthy
29.06645101,95.01303234166457,84,75,STABLE,Unhealthy for Sensitive Groups
29.5,95.83405537620985,72,82,STABLE,Unhealthy for Sensitive Groups
25.9,98.58746512429269,3656,1393,STABLE,Unhealthy
28.5,93.78972485163912,62,51,STABLE,Good
32.6,96.25027164779935,108,174,STABLE,Good
26.4,96.53646619948509,442,1057,STABLE,Moderate
24.2,96.1861046777701,348,708,STABLE,Moderate
30.7,99.07149751439303,822,621,STABLE,Moderate
33.9,93.5141617130853,129,30,STABLE,Good
30.5,99.13230304158814,973,3780,STABLE,Unhealthy
30.4,96.3777869704244,784,1818,STABLE,Unhealthy for Sensitive Groups
29.4,91.84057795904175,82,88,STABLE,Good
33.7,98.32399333691328,3727,194,STABLE,Unhealthy
28.5,97.44525164974517,86,82,STABLE,Moderate
26.1,98.25572357929272,732,2203,STABLE,Unhealthy
28.7,96.66494564726622,2495,790,STABLE,Unhealthy
31.4,95.70482946379418,458,626,STABLE,Moderate
25.7,96.56381200208695,1568,777,VIBRATING,Unhealthy for Sensitive Groups
26.4,99.28209442235382,1749,1387,STABLE,Unhealthy for Sensitive Groups
30.9,93.53944662059246,174,165,STABLE,Good
30.151728334911198,96.58198198444559,4095,433,STABLE,Unhealthy
26.1,99.00142483770419,1533,1303,STABLE,Unhealthy for Sensitive Groups
25.6,94.83975075972103,1158,1830,STABLE,Unhealthy for Sensitive Groups
29.0,94.95847405085566,39,65,STABLE,Moderate
24.6,98.67468934063774,187,239,STABLE,Good
26.92740720170607,98.95509993625066,3636,618,STABLE,Unhealthy
29.225961567497066,99.28851473784674,585,2193,STABLE,Unhealthy
28.75289505,95.96954016164783,92,82,STABLE,Unhealthy for Sensitive Groups
24.8,97.61307519864187,4071,1936,STABLE,Unhealthy
26.4,97.48637590310054,2969,572,STABLE,Unhealthy
26.1,95.64439820609086,3937,3629,STABLE,Unhealthy
28.34346251,98.83301760553387,84,4095,VIBRATING,Unhealthy
27.0,97.99031547781767,1209,766,STABLE,Unhealthy for Sensitive Groups
26.6,97.8191566437356,1013,1681,STABLE,Unhealthy for Sensitive Groups
30.3,96.8783283158468,453,3585,STABLE,Unhealthy
29.0,99.20500740391233,1369,1531,STABLE,Unhealthy for Sensitive Groups
24.4,99.00928538127818,873,1172,STABLE,Unhealthy for Sensitive Groups
25.4,95.47653982188554,49,197,STABLE,Good
29.14646114,97.16475891433213,47,90,STABLE,Unhealthy
32.4,96.55270580313889,1137,785,STABLE,Unhealthy for Sensitive Groups
34.0,97.86816938968319,1656,1808,STABLE,Unhealthy for Sensitive Groups
30.4,96.28846858004954,1935,441,STABLE,Unhealthy
27.9,95.48382639340618,61,141,STABLE,Good
26.11635139,97.04534796482562,67,89,STABLE,Good
24.6,97.47057306758371,136,78,STABLE,Good
28.66465294,95.92634487382568,84,4095,VIBRATING,Unhealthy
29.8,95.88863015400226,67,84,VIBRATING,Moderate
27.3,97.64713280031896,223,184,STABLE,Good
32.1,94.37347256325617,162,148,STABLE,Good
31.9,98.19726755546742,279,585,STABLE,Moderate
29.9,97.00615022004224,4060,889,STABLE,Unhealthy
28.6,98.45970463858471,104,82,VIBRATING,Moderate
27.5,98.12369169163588,249,178,STABLE,Good
30.9,98.60605121779108,779,3828,STABLE,Unhealthy
26.1,97.94937753511275,52,224,STABLE,Good
28.1,95.3574394183003,868,351,STABLE,Moderate
30.9,93.29431464392106,811,504,STABLE,Moderate
28.2,97.85947088952231,53,115,VIBRATING,Unhealthy
30.4,94.87758759762306,94,60,STABLE,Good
27.6,97.74752294124906,662,362,STABLE,Moderate
28.9,95.57018727823916,82,70,STABLE,Moderate
29.5,98.36402245828737,76,184,STABLE,Good
29.5,97.01674691081048,334,496,STABLE,Moderate
29.4,96.71843077292864,114,161,STABLE,Good
28.9,96.84228444345263,216,133,STABLE,Good
26.5,96.40110220462734,72,85,STABLE,Good
28.03052151,98.39638213541873,86,80,STABLE,Unhealthy for Sensitive Groups
26.1,97.59551760911928,134,85,STABLE,Good
33.8,96.94643944535444,744,886,STABLE,Moderate
27.1,96.22895234791021,2677,499,STABLE,Unhealthy
28.7,93.99450009317862,122,90,STABLE,Good
26.8,98.23856920659091,44,93,VIBRATING,Good
29.6,97.33876715612745,481,1051,STABLE,Moderate
25.54824054,95.45946480603986,71,91,STABLE,Good
28.81765138,98.34526350106034,64,171,STABLE,Unhealthy for Sensitive Groups
26.9,98.21191939708045,848,1825,VIBRATING,Unhealthy for Sensitive Groups
30.4,97.5108356709575,1817,363,VIBRATING,Unhealthy
29.7,98.94488871629109,505,591,STABLE,Moderate
28.2,96.43862959858296,3699,822,STABLE,Unhealthy
27.5,98.94607598574213,207,87,STABLE,Good
24.1,95.57141829502747,1597,878,STABLE,Unhealthy for Sensitive Groups
26.4,96.96693922536032,708,881,STABLE,Moderate
26.3,98.07601918376321,1273,1967,STABLE,Unhealthy for Sensitive Groups
24.2,97.4760883878273,3901,1312,STABLE,Unhealthy
28.35840807,98.02222013378908,63,149,STABLE,Unhealthy
26.5,96.87343126178287,2601,2734,STABLE,Unhealthy
31.3,91.92744787281389,757,1199,STABLE,Moderate
33.2,98.44169762523325,687,3489,STABLE,Unhealthy
32.8,96.25160700083453,1334,1929,STABLE,Unhealthy for Sensitive Groups
29.18028208,96.1441127671078,49,90,STABLE,Unhealthy
28.7,98.22164491129172,307,3480,STABLE,Unhealthy
27.6,93.93269285413153,443,1130,STABLE,Moderate
29.1387742,97.8006831963844,47,90,STABLE,Unhealthy
29.5,98.43648454664739,314,2754,STABLE,Unhealthy
30.8,97.90650574359871,3608,749,STABLE,Unhealthy
29.2,97.43796789108947,191,2026,STABLE,Unhealthy
26.4,95.59398924298846,277,931,STABLE,Moderate
27.4,96.76479954231357,200,202,STABLE,Good
29.02988359,97.64712720875724,47,92,STABLE,Unhealthy
32.8,98.2564230136548,69,53,STABLE,Good
29.7,98.8050071573725,3773,4017,VIBRATING,Unhealthy
32.9,97.23590611345448,1763,783,STABLE,Unhealthy for Sensitive Groups
28.25428493,96.48477306393465,86,79,STABLE,Unhealthy for Sensitive Groups
29.9,96.55383018223631,193,60,STABLE,Good
32.4,98.50126348244568,3455,753,STABLE,Unhealthy
24.4,98.63125512438508,3461,964,STABLE,Unhealthy
30.2,95.07422464595157,1980,690,STABLE,Unhealthy
33.4,95.05065263942566,3535,3808,STABLE,Unhealthy
27.0,99.1744410959377,163,84,STABLE,Good
24.2,98.08897045568185,167,145,STABLE,Good
33.2,92.89530841128399,33,145,STABLE,Good
24.5,95.94031700941368,220,76,STABLE,Good
26.3,93.76457823199199,557,3249,STABLE,Unhealthy
33.1,96.7325379304004,1095,1149,STABLE,Unhealthy for Sensitive Groups
29.18486677,97.58718733851346,53,86,STABLE,Unhealthy
28.9,98.79799240557426,87,76,STABLE,Moderate
24.7,96.86858986444358,1857,154,STABLE,Unhealthy
29.8,96.96808289655104,189,142,STABLE,Good
29.08280009,97.8967081971271,47,90,STABLE,Unhealthy
31.8,93.86885672437816,686,1016,STABLE,Moderate
26.0,96.31554397264046,73,86,STABLE,Good
26.5,95.37483382932082,3259,269,STABLE,Unhealthy
28.9,95.28195104419196,106,86,STABLE,Moderate
26.5,93.38236292868795,211,158,STABLE,Good
25.2,96.3808122386686,704,1082,STABLE,Moderate
32.1,95.39751483751994,596,1037,STABLE,Moderate
32.6,96.2379120002228,871,775,STABLE,Moderate
28.0,96.1803069040464,155,141,STABLE,Good
31.7,96.27885896394842,55,63,STABLE,Good
32.9,97.15013281491507,666,3172,STABLE,Unhealthy
33.2,97.85703974071727,3034,3371,STABLE,Unhealthy
26.0,95.60080649785608,159,86,STABLE,Good
30.9,96.43373522252593,731,571,VIBRATING,Moderate
24.4495462,98.28054769341924,75,98,STABLE,Good
24.2,95.81822921093263,729,649,STABLE,Moderate
28.6,97.8301985759232,615,576,STABLE,Moderate
30.0,97.69553718837017,158,89,STABLE,Good
27.9,97.43044597173137,571,642,STABLE,Moderate
32.4,94.3813294785707,55,181,STABLE,Good
27.9,95.34482610917696,324,318,STABLE,Moderate
26.32235958,97.92782069172995,68,91,STABLE,Good
24.0,97.31438650555847,777,1026,STABLE,Moderate
24.8,97.86297791453204,1118,1767,STABLE,Unhealthy for Sensitive Groups
30.2,97.41519753509931,645,1188,STABLE,Moderate
30.2,99.09123504388124,810,3936,STABLE,Unhealthy
33.9,95.29598035994385,862,1493,STABLE,Unhealthy for Sensitive Groups
25.5,98.18849978586131,124,2072,STABLE,Unhealthy
28.3,95.91222121275143,3652,2949,STABLE,Unhealthy
29.79860011,98.6477342205861,94,77,STABLE,Good
28.0,97.13763133074815,981,1159,STABLE,Unhealthy for Sensitive Groups
28.66472124,98.21630814197054,82,82,STABLE,Unhealthy for Sensitive Groups
25.7,99.21067774537283,71,91,VIBRATING,Good
29.5,98.55043815209821,119,30,STABLE,Good
30.9,96.46986677480281,240,196,STABLE,Good
32.1,98.09597041491048,465,2324,STABLE,Unhealthy
29.3,98.19342795540774,49,2017,STABLE,Unhealthy
29.8,98.09930537782378,1327,1679,STABLE,Unhealthy for Sensitive Groups
29.8,98.14366958922044,701,597,STABLE,Moderate
28.31150016,95.28791051685826,86,82,STABLE,Unhealthy for Sensitive Groups
27.3,98.21535042792843,3487,139,STABLE,Unhealthy
31.1,96.75517131304449,1089,1758,STABLE,Unhealthy for Sensitive Groups
27.6,98.31864883535815,925,1848,STABLE,Unhealthy for Sensitive Groups
30.6,98.58280027985944,96,57,STABLE,Good
29.59963315,96.33859275106326,58,92,STABLE,Unhealthy
30.1,96.41134552948195,497,321,STABLE,Moderate
28.3,98.9747308051266,73,70,STABLE,Unhealthy for Sensitive Groups
28.5,95.5623155678138,85,77,VIBRATING,Moderate
25.6,96.81576856589689,834,916,STABLE,Unhealthy for Sensitive Groups
28.98986147,98.137433450095,84,204,STABLE,Unhealthy
33.2,98.0079300617791,3753,215,VIBRATING,Unhealthy
32.3,99.20536573792694,479,289,STABLE,Moderate
25.8,95.44509314817635,3449,3210,STABLE,Unhealthy
26.1,97.15503223930644,77,91,VIBRATING,Good
31.4,95.59737723417392,1045,1350,STABLE,Unhealthy for Sensitive Groups
28.320320985661944,98.1946960604099,487,4095,STABLE,Unhealthy
28.5,95.14588117198237,1440,1131,VIBRATING,Unhealthy for Sensitive Groups
30.4,97.53293002745464,664,309,STABLE,Moderate
26.4,97.32684745956384,114,41,STABLE,Good
29.1,98.21264990963901,227,243,STABLE,Good
32.2,98.46309483351395,626,422,STABLE,Moderate
30.5,95.77680264596114,183,183,STABLE,Good
28.37842112,97.6324887467058,86,79,STABLE,Unhealthy
25.5,95.51620727764835,592,302,STABLE,Moderate
28.1,95.8965325676982,837,1836,STABLE,Unhealthy for Sensitive Groups
25.7,94.66868732795096,1713,1909,STABLE,Unhealthy for Sensitive Groups
31.9,97.94814792116605,432,846,STABLE,Moderate
24.1,95.16957498076513,1238,1272,STABLE,Unhealthy for Sensitive Groups
29.9,98.42000970381291,1603,1189,STABLE,Unhealthy for Sensitive Groups
24.5,96.48735734534058,272,733,STABLE,Moderate
24.4,95.37080972453634,1202,1473,STABLE,Unhealthy for Sensitive Groups
32.2,94.97542839091554,221,241,STABLE,Good
29.2,97.70283688245355,3459,821,STABLE,Unhealthy
29.4,97.45258432498798,1029,1011,STABLE,Unhealthy for Sensitive Groups
25.4,97.40413605856014,270,3275,STABLE,Unhealthy
26.4,94.49366078590691,387,909,STABLE,Moderate
28.45885542,97.72690528339999,86,82,STABLE,Unhealthy for Sensitive Groups
28.2,98.06262420358382,86,85,STABLE,Unhealthy for Sensitive Groups
27.7,95.86022590082884,1687,1003,STABLE,Unhealthy for Sensitive Groups
29.3,96.65551925287558,199,87,STABLE,Moderate
33.4,98.73818949690911,2161,812,STABLE,Unhealthy
28.3,97.11252603738755,82,77,VIBRATING,Moderate
33.7,97.4399457886146,768,737,STABLE,Moderate
29.5,97.65608420624436,73,82,STABLE,Moderate
31.2,97.3678363225237,33,32,STABLE,Good
29.09443036,96.92092758324863,47,92,STABLE,Unhealthy
28.78150544,97.16310628800885,68,236,STABLE,Unhealthy
25.4,98.99995155273747,2750,122,STABLE,Unhealthy
30.5,96.85229970207492,95,58,STABLE,Good
33.3,98.24187143855632,1561,901,STABLE,Unhealthy for Sensitive Groups
25.2,99.46178792702744,624,1053,STABLE,Moderate
28.5540083,96.08846616857556,53,145,STABLE,Unhealthy
33.426914306306585,98.93880382420146,4095,200,STABLE,Unhealthy
29.9,97.64825531830078,68,85,STABLE,Moderate
26.0,95.82201499209438,727,720,STABLE,Moderate
29.0809254,94.78292729489549,86,203,STABLE,Unhealthy
31.7,98.88780156183691,576,878,STABLE,Moderate
32.2,95.95188735202441,693,1172,STABLE,Moderate
27.610975255023373,96.6264617037619,1889,368,STABLE,Unhealthy
30.4,96.31976182540345,1783,1082,STABLE,Unhealthy for Sensitive Groups
26.1,98.59201899259472,3318,2884,STABLE,Unhealthy
32.6,96.99067311112881,75,246,STABLE,Good
26.3,92.73912976424867,3848,215,STABLE,Unhealthy
28.35509663,98.27307551596867,86,79,STABLE,Unhealthy
29.80646167,98.31316031369134,71,73,STABLE,Unhealthy for Sensitive Groups
29.8,98.15599831257182,70,72,STABLE,Moderate
33.6,92.17547772932939,34,49,STABLE,Good
25.8,99.32624922769253,244,118,STABLE,Good
28.3,96.25699348268456,137,227,STABLE,Good
28.41914915,95.4435264155477,68,4095,STABLE,Unhealthy
28.2,98.24501689003569,78,62,STABLE,Good
27.215779381049487,96.56751844835134,50,4095,STABLE,Unhealthy
29.6,96.90014760019876,3649,3358,STABLE,Unhealthy
26.7,98.32791536471814,1769,1702,STABLE,Unhealthy for Sensitive Groups
25.83503671,94.67486188926813,66,90,STABLE,Good
28.430415801662733,97.59035981000589,3488,742,STABLE,Unhealthy
28.1,98.6604734108194,92,67,STABLE,Moderate
26.6,98.65053183929786,813,354,STABLE,Moderate
29.935186310821614,97.20465071363189,635,4095,STABLE,Unhealthy
31.6,97.981067891386,1251,1463,STABLE,Unhealthy for Sensitive Groups
29.1,96.493040336118,1652,1118,STABLE,Unhealthy for Sensitive Groups
30.7,96.5738922110124,1583,1612,STABLE,Unhealthy for Sensitive Groups
31.2,97.30805526096934,3698,57,STABLE,Unhealthy
27.1,98.37149389782329,165,67,STABLE,Good
28.16819118,97.40986591915217,86,80,STABLE,Unhealthy for Sensitive Groups
29.4,95.91873618801128,2513,119,STABLE,Unhealthy
26.7,97.44535300067344,155,82,STABLE,Good
31.9,96.14375430401095,219,186,STABLE,Good
32.7,99.3307390958711,156,177,STABLE,Good
24.2,97.44629690468642,1032,1151,STABLE,Unhealthy for Sensitive Groups
24.7,97.54752000651682,1161,725,STABLE,Unhealthy for Sensitive Groups
26.3,97.26404301496744,174,103,STABLE,Good
25.3,93.79639632190593,2545,3859,STABLE,Unhealthy
26.5,99.18707222059926,183,194,STABLE,Good
33.99215436,92.5816792236399,97,59,STABLE,Good
29.100334974171176,96.00741714145829,288,3490,STABLE,Unhealthy
33.8,96.15045668965365,303,880,STABLE,Moderate
